name_clean,name_real
thomasberg,Thomasberg
thaya,Thaya
theresienfeld,Theresienfeld
thalheim_bei_wels,Thalheim bei Wels
thalgau,Thalgau
thomatal,Thomatal
thal,Thal
thannhausen,Thannhausen
thorl,Thörl
thaur,Thaur
thiersee,Thiersee
thurn,Thurn
thuringen,Thüringen
thuringerberg,Thüringerberg
thuin,Thuin
theux,Theux
thimister_clermont,Thimister-Clermont
thalheim_an_der_thur,Thalheim an der Thur
thalwil,Thalwil
thunersee,Thunersee
thunstetten,Thunstetten
thorigen,Thörigen
thierachern,Thierachern
thun,Thun
therwil,Therwil
thurnen,Thürnen
thayngen,Thayngen
thusis,Thusis
thalheim_ag,Thalheim (AG)
thundorf,Thundorf
thonex,Thônex
thumby,Thumby
thaden,Thaden
thomasburg,Thomasburg
thedinghausen,Thedinghausen
thuine,Thuine
thur,Thür
thalhausen,Thalhausen
thorlingen,Thörlingen
thalfang,Thalfang
thomm,Thomm
thornich,Thörnich
thallichtenberg,Thallichtenberg
theisbergstegen,Theisbergstegen
thaleischweiler_froschen,Thaleischweiler-Fröschen
thaining,Thaining
thurmansbang,Thurmansbang
thyrnau,Thyrnau
theisseil,Theisseil
thalmassing,Thalmassing
thanstein,Thanstein
thurnau,Thurnau
thiersheim,Thiersheim
thierstein,Thierstein
theilenhofen,Theilenhofen
thundorf_i_u_fr,Thundorf i. UFr.
theres,Theres
thungen,Thüngen
theilheim,Theilheim
thungersheim,Thüngersheim
thierhaupten,Thierhaupten
tholey,Tholey
thulendorf,Thulendorf
thurkow,Thürkow
thelkow,Thelkow
thiessow,Thiessow
thandorf,Thandorf
thalheim_erzgeb,Thalheim/Erzgeb.
thermalbad_wiesenbad,Thermalbad Wiesenbad
thum,Thum
theuma,Theuma
thiendorf,Thiendorf
tharandt,Tharandt
thallwitz,Thallwitz
thale,Thale
thalwenden,Thalwenden
thuringenhausen,Thüringenhausen
themar,Themar
thierschneck,Thierschneck
thonhausen,Thonhausen
thisted,Thisted
thorsted,Thorsted
thyboron,Thyborøn
thorsager,Thorsager
thorso,Thorsø
them,Them
thorning,Thorning
thorum,Thorum
thise,Thise
thomas_kingos,Thomas Kingos
thuro,Thurø
thorstrup,Thorstrup
thyregod,Thyregod
thieux,Thieux
thenisy,Thénisy
thoury_ferottes,Thoury-Férottes
thomery,Thomery
thorigny_sur_marne,Thorigny-sur-Marne
thiverval_grignon,Thiverval-Grignon
thoiry,Thoiry
thiais,Thiais
themericourt,Théméricourt
theuville,Theuville
thauvenay,Thauvenay
thou,Thou
thaumiers,Thaumiers
thenioux,Thénioux
thivars,Thivars
thiville,Thiville
thimert_gatelles,Thimert-Gâtelles
thiron_gardais,Thiron-Gardais
thenay,Thenay
thevet_saint_julien,Thevet-Saint-Julien
thizay,Thizay
theneuil,Theneuil
thilouze,Thilouze
thoury,Thoury
thore_la_rochette,Thoré-la-Rochette
theillay,Theillay
thesee,Thésée
thimory,Thimory
thorailles,Thorailles
thignonville,Thignonville
thoisy_le_desert,Thoisy-le-Désert
thomirey,Thomirey
thorey_sur_ouche,Thorey-sur-Ouche
thury,Thury
thorey_en_plaine,Thorey-en-Plaine
thenissey,Thenissey
thoires,Thoires
thoisy_la_berchere,Thoisy-la-Berchère
thorey_sous_charny,Thorey-sous-Charny
thoste,Thoste
thoraise,Thoraise
thurey_le_mont,Thurey-le-Mont
thiebouhans,Thiébouhans
thulay,Thulay
thervay,Thervay
thesy,Thésy
thoirette_coisia,Thoirette-Coisia
thoiria,Thoiria
thoissia,Thoissia
thaix,Thaix
thianges,Thianges
theuley,Theuley
thieffrans,Thieffrans
thienans,Thiénans
thil_sur_arroux,Thil-sur-Arroux
thurey,Thurey
tharoiseau,Tharoiseau
tharot,Tharot
thizy,Thizy
thorey,Thorey
thory,Thory
thorigny_sur_oreuse,Thorigny-sur-Oreuse
thiancourt,Thiancourt
thue_et_mue,Thue et Mue
thaon,Thaon
thenouville,Thénouville
thiberville,Thiberville
thibouville,Thibouville
thierville,Thierville
theville,Théville
thereval,Thèreval
thil_manneville,Thil-Manneville
thiouville,Thiouville
therouldeville,Thérouldeville
theuville_aux_maillots,Theuville-aux-Maillots
thiergeville,Thiergeville
thietreville,Thiétreville
thiernu,Thiernu
thenelles,Thenelles
thenailles,Thenailles
thun_l_eveque,Thun-l'Évêque
thun_saint_martin,Thun-Saint-Martin
thiennes,Thiennes
thumeries,Thumeries
thiant,Thiant
thivencelle,Thivencelle
thun_saint_amand,Thun-Saint-Amand
therdonne,Therdonne
therines,Thérines
thibivillers,Thibivillers
thieuloy_saint_antoine,Thieuloy-Saint-Antoine
thury_sous_clermont,Thury-sous-Clermont
thiescourt,Thiescourt
thourotte,Thourotte
thiers_sur_theve,Thiers-sur-Thève
thiverny,Thiverny
thury_en_valois,Thury-en-Valois
thelus,Thélus
thievres,Thièvres
therouanne,Thérouanne
thiembronne,Thiembronne
thezy_glimont,Thézy-Glimont
thieulloy_l_abbaye,Thieulloy-l'Abbaye
thieulloy_la_ville,Thieulloy-la-Ville
thoix,Thoix
thennes,Thennes
thiepval,Thiepval
thilay,Thilay
thin_le_moutier,Thin-le-Moutier
this,This
thugny_trugny,Thugny-Trugny
thelonne,Thelonne
thenorgues,Thénorgues
thil,Thil
thors,Thors
thennelieres,Thennelières
thieffrain,Thieffrain
thibie,Thibie
thaas,Thaas
thillois,Thillois
thieblemont_faremont,Thiéblemont-Farémont
thivet,Thivet
thol_les_millieres,Thol-lès-Millières
thilleux,Thilleux
thonnance_les_joinville,Thonnance-lès-Joinville
thonnance_les_moulins,Thonnance-les-Moulins
thumereville,Thumeréville
thiaville_sur_meurthe,Thiaville-sur-Meurthe
thiebaumenil,Thiébauménil
thelod,Thélod
they_sous_vaudemont,They-sous-Vaudemont
thezey_saint_martin,Thézey-Saint-Martin
thorey_lyautey,Thorey-Lyautey
thiaucourt_regnieville,Thiaucourt-Regniéville
thuilley_aux_groseilles,Thuilley-aux-Groseilles
thillombois,Thillombois
thierville_sur_meuse,Thierville-sur-Meuse
thillot,Thillot
thonne_la_long,Thonne-la-Long
thonne_le_thil,Thonne-le-Thil
thonne_les_pres,Thonne-les-Près
thonnelle,Thonnelle
theding,Théding
thicourt,Thicourt
thonville,Thonville
thionville,Thionville
thimonville,Thimonville
thal_drulingen,Thal-Drulingen
thal_marmoutier,Thal-Marmoutier
thanville,Thanvillé
thannenkirch,Thannenkirch
thann,Thann
thiefosse,Thiéfosse
they_sous_montfort,They-sous-Montfort
thiraucourt,Thiraucourt
thuillieres,Thuillières
thouare_sur_loire,Thouaré-sur-Loire
thorigne_d_anjou,Thorigné-d'Anjou
thuboeuf,Thubœuf
thorigne_en_charnie,Thorigné-en-Charnie
thoire_sur_dinan,Thoiré-sur-Dinan
thoree_les_pins,Thorée-les-Pins
theligny,Théligny
thoigne,Thoigné
thoire_sous_contensor,Thoiré-sous-Contensor
thorigne_sur_due,Thorigné-sur-Dué
thire,Thiré
thouarsais_bouildroux,Thouarsais-Bouildroux
thorigny,Thorigny
thourie,Thourie
thorigne_fouillard,Thorigné-Fouillard
thehillac,Théhillac
theix_noyalo,Theix-Noyalo
theil_rabier,Theil-Rabier
thaire,Thairé
thaims,Thaims
thenac,Thénac
thezac,Thézac
thalamy,Thalamy
thauron,Thauron
thiviers,Thiviers
thenon,Thenon
thonac,Thonac
thouars_sur_garonne,Thouars-sur-Garonne
theze,Thèze
thouars,Thouars
thorigny_sur_le_mignon,Thorigny-sur-le-Mignon
thenezay,Thénezay
thure,Thuré
thollet,Thollet
thurageau,Thurageau
thiat,Thiat
thouron,Thouron
thouars_sur_arize,Thouars-sur-Arize
thezan_des_corbieres,Thézan-des-Corbières
therondels,Thérondels
tharaux,Tharaux
thoiras,Thoiras
theziers,Théziers
thoux,Thoux
thezan_les_beziers,Thézan-lès-Béziers
themines,Thémines
theminettes,Théminettes
thedirac,Thédirac
thegra,Thégra
thebe,Thèbe
thermes_magnoac,Thermes-Magnoac
thuy,Thuy
theza,Théza
thuir,Thuir
thues_entre_valls,Thuès-Entre-Valls
thezillieu,Thézillieu
thoissey,Thoissey
theneuille,Theneuille
thiel_sur_acolin,Thiel-sur-Acolin
thionne,Thionne
thueyts,Thueyts
thorrenc,Thorrenc
thiezac,Thiézac
theys,Theys
thodure,Thodure
thelis_la_combe,Thélis-la-Combe
thoras,Thoras
thiolieres,Thiolières
thuret,Thuret
thiers,Thiers
theize,Theizé
thizy_les_bourgs,Thizy-les-Bourgs
thurins,Thurins
thenesol,Thénésol
thones,Thônes
thusy,Thusy
thyez,Thyez
thollon_les_memises,Thollon-les-Mémises
thonon_les_bains,Thonon-les-Bains
thorame_basse,Thorame-Basse
thorame_haute,Thorame-Haute
thoard,Thoard
theus,Théus
theoule_sur_mer,Théoule-sur-Mer
thiery,Thiéry
three_trees,Three Trees
thomastown,Thomastown
the_ward,The Ward
the_grange,The Grange
thurles_rural,Thurles Rural
thurles_urban,Thurles Urban
the_rower,The Rower
the_glen,The Glen
the_harrow,The Harrow
the_leap,The Leap
the_glen_a,The Glen A
the_glen_b,The Glen B
the_lough,The Lough
thiene,Thiene
thiesi,Thiesi
tholen,Tholen
thames,Thames
thamesmead_east,Thamesmead East
thornton_heath,Thornton Heath
thamesmead_moorings,Thamesmead Moorings
thornton,Thornton
thurlow_park,Thurlow Park
the_lane,The Lane
the_wrythe,The Wrythe
thamesfield,Thamesfield
thatto_heath,Thatto Heath
thornton_and_allerton,Thornton and Allerton
thornbury_north,Thornbury North
thornbury_south_and_alveston,Thornbury South and Alveston
throop_and_muscliff,Throop and Muscliff
thorpe,Thorpe
the_homesteads,The Homesteads
thatcham_central,Thatcham Central
thatcham_north,Thatcham North
thatcham_south_and_crookham,Thatcham South and Crookham
thatcham_west,Thatcham West
theale,Theale
the_risboroughs,The Risboroughs
the_wooburns,The Wooburns
the_swaffhams,The Swaffhams
the_abingtons,The Abingtons
the_mordens,The Mordens
the_shelfords_and_stapleford,The Shelfords and Stapleford
the_wilbrahams,The Wilbrahams
three_moors,Three Moors
the_lawns,The Lawns
theydon_bois,Theydon Bois
thorrington_frating_elmstead_and_great_bromley,Thorrington, Frating, Elmstead and Great Bromley
the_hangers_and_forest,The Hangers and Forest
thundridge_standon,Thundridge & Standon
thanet_villages,Thanet Villages
the_wolds,The Wolds
thurmaston,Thurmaston
thurnby_and_houghton,Thurnby and Houghton
the_saints,The Saints
thorpe_st_andrew_north_west,Thorpe St. Andrew North West
thorpe_st_andrew_south_east,Thorpe St. Andrew South East
the_raynhams,The Raynhams
thorpe_hamlet,Thorpe Hamlet
thurlton,Thurlton
thornton_dale,Thornton Dale
the_bartons,The Bartons
the_pennards_and_ditcheat,The Pennards and Ditcheat
thistleberry,Thistleberry
the_stonhams,The Stonhams
thurston_and_hessett,Thurston and Hessett
three_bridges,Three Bridges
the_littletons,The Littletons
the_meres,The Meres
the_collingbournes_and_netheravon,The Collingbournes and Netheravon
the_lavingtons_and_erlestoke,The Lavingtons and Erlestoke
the_hemingfords,The Hemingfords
the_runtons,The Runtons
threemilestone_and_gloweth,Threemilestone and Gloweth
three_crosses,Three Crosses
the_mills,The Mills
the_meads,The Meads
thirsk,Thirsk
thoroton,Thoroton
thame,Thame
thaxted_the_eastons,Thaxted & the Eastons
the_sampfords,The Sampfords
the_nedge,The Nedge
the_beacon,The Beacon
the_stours_marnhull,The Stours & Marnhull
thorpe_willoughby,Thorpe Willoughby
thornborough,Thornborough
thringstone,Thringstone
the_buckenhams_banham,The Buckenhams & Banham
thetford_boudica,Thetford Boudica
thetford_burrell,Thetford Burrell
thetford_castle,Thetford Castle
thetford_priory,Thetford Priory
the_colnes,The Colnes
three_fields,Three Fields
the_trimleys,The Trimleys
thurncourt,Thurncourt
the_dales,The Dales
the_ampneys_hampton,The Ampneys & Hampton
the_beeches,The Beeches
the_rissingtons,The Rissingtons
thorne_moorends,Thorne & Moorends
thrapston_lakes,Thrapston Lakes
thrapston_market,Thrapston Market
the_stanleys,The Stanleys
thrupp,Thrupp
the_worthys,The Worthys
thames_ditton,Thames Ditton
the_ferry,The Ferry
the_lochs,The Lochs
thurso,Thurso
thorniewood,Thorniewood
the_havens,The Havens
the_elms,The Elms
thornwell,Thornwell
the_birches,The Birches
the_mall,The Mall
the_maidens,The Maidens
the_loup,The Loup
