name_clean,name_real
fushe_arres,Fushë arrës
furth_an_der_triesting,Furth an der Triesting
furth_bei_gottweig,Furth bei Göttweig
fuschl_am_see,Fuschl am See
fusch_an_der_grossglocknerstrasse,Fusch an der Großglocknerstraße
fulpmes,Fulpmes
fussach,Fußach
fulenbach,Fulenbach
furna,Furna
full_reuenthal,Full-Reuenthal
fully,Fully
fulnek,Fulnek
fuhlenhagen,Fuhlenhagen
fuhlendorf,Fuhlendorf
fulda,Fulda
fuldabruck,Fuldabrück
fuldatal,Fuldatal
fuchshofen,Fuchshofen
fussgonheim,Fußgönheim
furtwangen_im_schwarzwald,Furtwangen im Schwarzwald
fuchstal,Fuchstal
furth,Furth
furth_im_wald,Furth im Wald
fuchsmuhl,Fuchsmühl
fuchsstadt,Fuchsstadt
fuglslev,Fuglslev
funder,Funder
fur,Fur
fuglsbolle,Fuglsbølle
fuglse,Fuglse
fuglebjerg,Fuglebjerg
fuente_la_lancha,Fuente la Lancha
fuente_obejuna,Fuente Obejuna
fuente_palmera,Fuente Palmera
fuente_tojar,Fuente-Tójar
fuente_vaqueros,Fuente Vaqueros
fuenteheridos,Fuenteheridos
fuensanta_de_martos,Fuensanta de Martos
fuerte_del_rey,Fuerte del Rey
fuengirola,Fuengirola
fuente_de_piedra,Fuente de Piedra
fuentes_de_andalucia,Fuentes de Andalucía
fueva_la,Fueva, La
fuenferrada,Fuenferrada
fuentes_calientes,Fuentes Calientes
fuentes_claras,Fuentes Claras
fuentes_de_rubielos,Fuentes de Rubielos
fuentespalda,Fuentespalda
fuendejalon,Fuendejalón
fuendetodos,Fuendetodos
fuentes_de_ebro,Fuentes de Ebro
fuentes_de_jiloca,Fuentes de Jiloca
fuencaliente_de_la_palma,Fuencaliente de la Palma
fuente_el_sauz,Fuente el Sáuz
fuentes_de_ano,Fuentes de Año
fuentebureba,Fuentebureba
fuentecen,Fuentecén
fuentelcesped,Fuentelcésped
fuentelisendo,Fuentelisendo
fuentemolinos,Fuentemolinos
fuentenebro,Fuentenebro
fuentespina,Fuentespina
fuentes_de_carbajal,Fuentes de Carbajal
fuentes_de_nava,Fuentes de Nava
fuentes_de_valdepero,Fuentes de Valdepero
fuente_de_san_esteban_la,Fuente de San Esteban, La
fuenteguinaldo,Fuenteguinaldo
fuenteliante,Fuenteliante
fuenterroble_de_salvatierra,Fuenterroble de Salvatierra
fuentes_de_bejar,Fuentes de Béjar
fuentes_de_onoro,Fuentes de Oñoro
fuente_de_santa_cruz,Fuente de Santa Cruz
fuente_el_olmo_de_fuentiduena,Fuente el Olmo de Fuentidueña
fuente_el_olmo_de_iscar,Fuente el Olmo de Iscar
fuentepelayo,Fuentepelayo
fuentepinel,Fuentepiñel
fuenterrebollo,Fuenterrebollo
fuentesauco_de_fuentiduena,Fuentesáuco de Fuentidueña
fuentesoto,Fuentesoto
fuentiduena,Fuentidueña
fuentearmegil,Fuentearmegil
fuentecambron,Fuentecambrón
fuentecantos,Fuentecantos
fuentelmonge,Fuentelmonge
fuentelsaz_de_soria,Fuentelsaz de Soria
fuentepinilla,Fuentepinilla
fuentes_de_magana,Fuentes de Magaña
fuentestrun,Fuentestrún
fuensaldana,Fuensaldaña
fuente_el_sol,Fuente el Sol
fuente_olmedo,Fuente-Olmedo
fuente_encalada,Fuente Encalada
fuentelapena,Fuentelapeña
fuentesauco,Fuentesaúco
fuentes_de_ropel,Fuentes de Ropel
fuentesecas,Fuentesecas
fuentespreadas,Fuentespreadas
fuensanta,Fuensanta
fuente_alamo,Fuente-Alamo
fuentealbilla,Fuentealbilla
fuencaliente,Fuencaliente
fuenllana,Fuenllana
fuente_el_fresno,Fuente el Fresno
fuente_de_pedro_naharro,Fuente de Pedro Naharro
fuentelespino_de_haro,Fuentelespino de Haro
fuentelespino_de_moya,Fuentelespino de Moya
fuentes,Fuentes
fuertescusa,Fuertescusa
fuentenava_de_jabaga,Fuentenava de Jábaga
fuembellida,Fuembellida
fuencemillan,Fuencemillán
fuentelahiguera_de_albatages,Fuentelahiguera de Albatages
fuentelencina,Fuentelencina
fuentelsaz,Fuentelsaz
fuentelviejo,Fuentelviejo
fuentenovilla,Fuentenovilla
fuensalida,Fuensalida
fuliola_la,Fuliola, La
fulleda,Fulleda
fuenlabrada_de_los_montes,Fuenlabrada de los Montes
fuente_de_cantos,Fuente de Cantos
fuente_del_arco,Fuente del Arco
fuente_del_maestre,Fuente del Maestre
fuentes_de_leon,Fuentes de León
fuenlabrada,Fuenlabrada
fuente_el_saz_de_jarama,Fuente el Saz de Jarama
fuentiduena_de_tajo,Fuentidueña de Tajo
fuente_alamo_de_murcia,Fuente Alamo de Murcia
funes,Funes
fustinana,Fustiñana
fuenmayor,Fuenmayor
fuente_la_reina,Fuente la Reina
fuentes_de_ayodar,Fuentes de Ayódar
fuenterrobles,Fuenterrobles
fublaines,Fublaines
fussy,Fussy
fussey,Fussey
fuans,Fuans
fuisse,Fuissé
fulvy,Fulvy
fumichon,Fumichon
fultot,Fultot
fumay,Fumay
fuligny,Fuligny
futeau,Futeau
furchhausen,Furchhausen
furdenheim,Furdenheim
fulleren,Fulleren
fursac,Fursac
fumel,Fumel
fustignac,Fustignac
fusterouau,Fustérouau
fuilla,Fuilla
furmeyer,Furmeyer
fuveau,Fuveau
furiani,Furiani
fuzine,Fužine
funtana_number_fontane,Funtana#Fontane
fulokercs,Fulókércs
furta,Furta
furbogh_number_na_forbacha,Furbogh#Na Forbacha
fuerty,Fuerty
furroor,Furroor
fubine,Fubine
fusine,Fusine
fuipiano_valle_imagna,Fuipiano Valle Imagna
funes_number_villnoss,Funes#Villnöß
fumane,Fumane
fusignano,Fusignano
fucecchio,Fucecchio
fumone,Fumone
furci,Furci
furore,Furore
futani,Futani
fuscaldo,Fuscaldo
furci_siculo,Furci Siculo
furnari,Furnari
furtei,Furtei
fusa,Fusa
fundao_valverde_donas_a_joanes_a_nova_cabo,Fundão, Valverde, Donas, A. Joanes, A. Nova Cabo
fundada,Fundada
furadouro,Furadouro
funchal_santa_luzia,Funchal (Santa Luzia)
funchal_santa_maria_maior,Funchal (Santa Maria Maior)
funchal_sao_pedro,Funchal (São Pedro)
funchal_se,Funchal (Sé)
furnas,Furnas
fundata,Fundata
fundeni,Fundeni
fundulea,Fundulea
fulga,Fulga
fundu_moldovei,Fundu Moldovei
furculesti,Furculeşti
fuckovci,Fučkovci
fuzina,Fužina
fulianka,Fulianka
fulham_broadway,Fulham Broadway
fulham_reach,Fulham Reach
fullwell,Fullwell
fulwell_and_hampton_hill,Fulwell and Hampton Hill
furzedown,Furzedown
fulwell,Fulwell
furze_platt,Furze Platt
fulbourn,Fulbourn
furzedown_and_hardley,Furzedown and Hardley
funtington,Funtington
furnace_green,Furnace Green
fulstow,Fulstow
fulford_heslington,Fulford & Heslington
fulford,Fulford
fulwood,Fulwood
