name_clean,name_real
au_am_leithaberge,Au am Leithaberge
auersthal,Auersthal
auerbach,Auerbach
aurolzmunster,Aurolzmünster
auberg,Auberg
aurach_am_hongar,Aurach am Hongar
aurach_bei_kitzbuhel,Aurach bei Kitzbühel
ausservillgraten,Außervillgraten
au,Au
aubel,Aubel
aubange,Aubange
auswil,Auswil
auboranges,Auboranges
autigny,Autigny
augst,Augst
au_sg,Au (SG)
auenstein,Auenstein
auw,Auw
aubonne,Aubonne
ausserberg,Ausserberg
aumuhle,Aumühle
aukrug,Aukrug
ausacker,Ausacker
auufer,Auufer
auetal,Auetal
auhagen,Auhagen
aurich,Aurich
augustdorf,Augustdorf
auen,Auen
auderath,Auderath
aull,Aull
auel,Auel
auw_bei_prum,Auw bei Prüm
auw_an_der_kyll,Auw an der Kyll
auenwald,Auenwald
au_am_rhein,Au am Rhein
auggen,Auggen
aulendorf,Aulendorf
au_i_d_hallertau,Au i.d. Hallertau
aussernzell,Außernzell
auerbach_i_d_o_pf,Auerbach i.d. OPf.
aufhausen,Aufhausen
aufsess,Aufseß
aurach,Aurach
aurachtal,Aurachtal
aura_a_d_saale,Aura a.d. Saale
aubstadt,Aubstadt
aura_i_sinngrund,Aura i. Sinngrund
aub,Aub
augsburg,Augsburg
auwald,Auwald
auhausen,Auhausen
aue,Aue
augustusburg,Augustusburg
auerbach_vogtl,Auerbach/Vogtl.
ausleben,Ausleben
auengrund,Auengrund
auma_weidatal,Auma-Weidatal
aulum,Aulum
auning,Auning
aunslev,Aunslev
augustenborg,Augustenborg
audru,Audru
ausines_los,Ausines, Los
autilla_del_pino,Autilla del Pino
autillo_de_campos,Autillo de Campos
ausejo_de_la_sierra,Ausejo de la Sierra
aunon,Auñón
auritz_burguete,Auritz/Burguete
aulesti,Aulesti
ausejo,Ausejo
autol,Autol
aura,Aura
aulnoy,Aulnoy
aubepierre_ozouer_le_repos,Aubepierre-Ozouer-le-Repos
augers_en_brie,Augers-en-Brie
aufferville,Aufferville
aubergenville,Aubergenville
auffreville_brasseuil,Auffreville-Brasseuil
aulnay_sur_mauldre,Aulnay-sur-Mauldre
auffargis,Auffargis
auteuil,Auteuil
autouillet,Autouillet
authon_la_plaine,Authon-la-Plaine
auvers_saint_georges,Auvers-Saint-Georges
auvernaux,Auvernaux
aulnay_sous_bois,Aulnay-sous-Bois
aubervilliers,Aubervilliers
auvers_sur_oise,Auvers-sur-Oise
aubinges,Aubinges
augy_sur_aubois,Augy-sur-Aubois
aubigny_sur_nere,Aubigny-sur-Nère
aunay_sous_auneau,Aunay-sous-Auneau
auneau_bleury_saint_symphorien,Auneau-Bleury-Saint-Symphorien
aunay_sous_crecy,Aunay-sous-Crécy
authon_du_perche,Authon-du-Perche
autreche,Autrèche
auzouer_en_touraine,Auzouer-en-Touraine
autainville,Autainville
authon,Authon
autry_le_chatel,Autry-le-Châtel
auvilliers_en_gatinais,Auvilliers-en-Gâtinais
audeville,Audeville
augerville_la_riviere,Augerville-la-Rivière
aulnay_la_riviere,Aulnay-la-Rivière
autruy_sur_juine,Autruy-sur-Juine
auxy,Auxy
aubaine,Aubaine
aubigny_en_plaine,Aubigny-en-Plaine
aubigny_la_ronce,Aubigny-la-Ronce
auvillars_sur_saone,Auvillars-sur-Saône
auxant,Auxant
auxey_duresses,Auxey-Duresses
aubigny_les_sombernon,Aubigny-lès-Sombernon
auxonne,Auxonne
autricourt,Autricourt
audeux,Audeux
autechaux,Autechaux
audincourt,Audincourt
autechaux_roide,Autechaux-Roide
audelange,Audelange
augerans,Augerans
aumont,Aumont
aumur,Aumur
authume,Authume
auxange,Auxange
augea,Augea
augisey,Augisey
aunay_en_bazois,Aunay-en-Bazois
authiou,Authiou
autrey_le_vay,Autrey-le-Vay
augicourt,Augicourt
aulx_les_cromary,Aulx-lès-Cromary
autet,Autet
authoison,Authoison
autoreille,Autoreille
autrey_les_cerre,Autrey-lès-Cerre
autrey_les_gray,Autrey-lès-Gray
auvet_et_la_chapelotte,Auvet-et-la-Chapelotte
auxon,Auxon
autun,Autun
authumes,Authumes
augy,Augy
auxerre,Auxerre
auxelles_bas,Auxelles-Bas
auxelles_haut,Auxelles-Haut
autrechene,Autrechêne
audrieu,Audrieu
aure_sur_mer,Aure sur Mer
aubigny,Aubigny
authie,Authie
auberville,Auberville
auvillars,Auvillars
aurseulles,Aurseulles
autheuil_authouillet,Autheuil-Authouillet
authevernes,Authevernes
authou,Authou
aulnay_sur_iton,Aulnay-sur-Iton
aucey_la_plaine,Aucey-la-Plaine
audouville_la_hubert,Audouville-la-Hubert
aumeville_lestre,Aumeville-Lestre
auxais,Auxais
auvers,Auvers
aunay_les_bois,Aunay-les-Bois
aunou_sur_orne,Aunou-sur-Orne
aubusson,Aubusson
aunou_le_faucon,Aunou-le-Faucon
aube,Aube
aubry_le_panthou,Aubry-le-Panthou
auguaise,Auguaise
aubeguimont,Aubéguimont
aubermesnil_aux_erables,Aubermesnil-aux-Érables
aubermesnil_beaumais,Aubermesnil-Beaumais
auberville_la_manuel,Auberville-la-Manuel
auffay,Auffay
aumale,Aumale
auppegard,Auppegard
auvilliers,Auvilliers
auzouville_sur_saane,Auzouville-sur-Saâne
auberville_la_renault,Auberville-la-Renault
authieux_ratieville,Authieux-Ratiéville
autretot,Autretot
auzebosc,Auzebosc
auzouville_l_esneval,Auzouville-l'Esneval
auzouville_sur_ry,Auzouville-sur-Ry
aubigny_en_laonnois,Aubigny-en-Laonnois
aulnois_sous_laon,Aulnois-sous-Laon
autremencourt,Autremencourt
autreville,Autreville
aubencheul_aux_bois,Aubencheul-aux-Bois
aubigny_aux_kaisnes,Aubigny-aux-Kaisnes
audignicourt,Audignicourt
aubenton,Aubenton
audigny,Audigny
autreppes,Autreppes
audignies,Audignies
aulnoye_aymeries,Aulnoye-Aymeries
aubencheul_au_bac,Aubencheul-au-Bac
auberchicourt,Auberchicourt
aubigny_au_bac,Aubigny-au-Bac
auby,Auby
auchy_lez_orchies,Auchy-lez-Orchies
aubers,Aubers
aubry_du_hainaut,Aubry-du-Hainaut
aulnoy_lez_valenciennes,Aulnoy-lez-Valenciennes
auchy_la_montagne,Auchy-la-Montagne
auneuil,Auneuil
aux_marais,Aux Marais
autreches,Autrêches
auger_saint_vincent,Auger-Saint-Vincent
aumont_en_halatte,Aumont-en-Halatte
autheuil_en_valois,Autheuil-en-Valois
aubigny_en_artois,Aubigny-en-Artois
aubrometz,Aubrometz
aumerval,Aumerval
auxi_le_chateau,Auxi-le-Château
auchel,Auchel
auchy_au_bois,Auchy-au-Bois
auchy_les_mines,Auchy-les-Mines
audembert,Audembert
audinghen,Audinghen
audresselles,Audresselles
aubin_saint_vaast,Aubin-Saint-Vaast
auchy_les_hesdin,Auchy-lès-Hesdin
audincthun,Audincthun
audrehem,Audrehem
audruicq,Audruicq
autingues,Autingues
ault,Ault
aumatre,Aumâtre
autheux,Autheux
authieule,Authieule
aubercourt,Aubercourt
aubvillers,Aubvillers
auchonvillers,Auchonvillers
authuille,Authuille
aubigny_les_pothees,Aubigny-les-Pothées
aubrives,Aubrives
auge,Auge
auvillers_les_forges,Auvillers-les-Forges
auboncourt_vauzelles,Auboncourt-Vauzelles
aussonce,Aussonce
auflance,Auflance
autrecourt_et_pourron,Autrecourt-et-Pourron
aure,Aure
authe,Authe
autruche,Autruche
autry,Autry
aulnay,Aulnay
aubeterre,Aubeterre
aulnay_sur_marne,Aulnay-sur-Marne
auberive,Aubérive
aubilly,Aubilly
aumenancourt,Auménancourt
aulnay_l_aitre,Aulnay-l'Aître
auve,Auve
aubepierre_sur_aube,Aubepierre-sur-Aube
audeloncourt,Audeloncourt
autreville_sur_la_renne,Autreville-sur-la-Renne
aujeurres,Aujeurres
aulnoy_sur_aube,Aulnoy-sur-Aube
autigny_le_grand,Autigny-le-Grand
autigny_le_petit,Autigny-le-Petit
auboue,Auboué
audun_le_roman,Audun-le-Roman
autrepierre,Autrepierre
autreville_sur_moselle,Autreville-sur-Moselle
autrey,Autrey
aulnois_en_perthois,Aulnois-en-Perthois
autrecourt_sur_aire,Autrécourt-sur-Aire
aubreville,Aubréville
autreville_saint_lambert,Autréville-Saint-Lambert
aulnois_sur_seille,Aulnois-sur-Seille
audun_le_tiche,Audun-le-Tiche
aumetz,Aumetz
augny,Augny
auenheim,Auenheim
aubure,Aubure
aulnois,Aulnois
autigny_la_tour,Autigny-la-Tour
auzainvilliers,Auzainvilliers
aubigne_sur_layon,Aubigné-sur-Layon
aubigne_racan,Aubigné-Racan
auvers_le_hamon,Auvers-le-Hamon
auvers_sous_montfaucon,Auvers-sous-Montfaucon
auchay_sur_vendee,Auchay-sur-Vendée
aubigny_les_clouzeaux,Aubigny-Les Clouzeaux
aucaleuc,Aucaleuc
audierne,Audierne
aubigne,Aubigné
auray,Auray
augan,Augan
aubeterre_sur_dronne,Aubeterre-sur-Dronne
auge_saint_medard,Auge-Saint-Médard
aunac_sur_charente,Aunac-sur-Charente
aussac_vadalle,Aussac-Vadalle
aujac,Aujac
aumagne,Aumagne
authon_ebeon,Authon-Ébéon
aubazines,Aubazines
auriac,Auriac
auzances,Auzances
augeres,Augères
aulon,Aulon
auriat,Auriat
augignac,Augignac
aubas,Aubas
audrix,Audrix
auriac_du_perigord,Auriac-du-Périgord
aubiac,Aubiac
auriolles,Auriolles
auros,Auros
audenge,Audenge
audon,Audon
aubagnan,Aubagnan
audignon,Audignon
aureilhan,Aureilhan
aurice,Aurice
auriac_sur_dropt,Auriac-sur-Dropt
auradou,Auradou
audaux,Audaux
aussurucq,Aussurucq
auterrive,Auterrive
autevielle_saint_martin_bideren,Autevielle-Saint-Martin-Bideren
aubertin,Aubertin
aubin,Aubin
aubous,Aubous
auga,Auga
aurions_idernes,Aurions-Idernes
aussevielle,Aussevielle
augne,Augne
aureil,Aureil
aulos,Aulos
auzat,Auzat
aucazein,Aucazein
audressein,Audressein
augirein,Augirein
aulus_les_bains,Aulus-les-Bains
aunat,Aunat
auriac_lagast,Auriac-Lagast
auzits,Auzits
aubais,Aubais
aubord,Aubord
aubussargues,Aubussargues
aujargues,Aujargues
aulas,Aulas
aumessas,Aumessas
auragne,Auragne
auribail,Auribail
auterive,Auterive
aurignac,Aurignac
ausseing,Ausseing
ausson,Ausson
auzas,Auzas
aucamville,Aucamville
aureville,Aureville
auriac_sur_vendinelle,Auriac-sur-Vendinelle
aurin,Aurin
aussonne,Aussonne
auzeville_tolosane,Auzeville-Tolosane
auzielle,Auzielle
aubiet,Aubiet
auch,Auch
augnax,Augnax
aurade,Auradé
aurimont,Aurimont
aujan_mournede,Aujan-Mournède
aurensan,Aurensan
aux_aussat,Aux-Aussat
aussos,Aussos
aumes,Aumes
autignac,Autignac
aumelas,Aumelas
aujols,Aujols
autoire,Autoire
auroux,Auroux
aucun,Aucun
aubarede,Aubarède
auriebat,Auriébat
aussac,Aussac
aussillon,Aussillon
auvillar,Auvillar
auty,Auty
audes,Audes
aurouer,Aurouër
autry_issards,Autry-Issards
aubenas,Aubenas
aubignas,Aubignas
aurillac,Aurillac
auzers,Auzers
auriac_l_eglise,Auriac-l'Église
aubenasson,Aubenasson
aucelon,Aucelon
aurel,Aurel
autichamp,Autichamp
aubres,Aubres
aulan,Aulan
auberives_en_royans,Auberives-en-Royans
auris,Auris
autrans_meaudre_en_vercors,Autrans-Méaudre en Vercors
auberives_sur_vareze,Auberives-sur-Varèze
aubazat,Aubazat
autrac,Autrac
auzon,Auzon
aurec_sur_loire,Aurec-sur-Loire
auzelles,Auzelles
aubiere,Aubière
aulnat,Aulnat
authezat,Authezat
augnat,Augnat
aurieres,Aurières
auzat_la_combelle,Auzat-la-Combelle
aulhat_flat,Aulhat-Flat
aubiat,Aubiat
aubusson_d_auvergne,Aubusson-d'Auvergne
augerolles,Augerolles
aussois,Aussois
auzet,Auzet
aubenas_les_alpes,Aubenas-les-Alpes
aubignosc,Aubignosc
auribeau_sur_siagne,Auribeau-sur-Siagne
auvare,Auvare
aurons,Aurons
aureille,Aureille
aubagne,Aubagne
auriol,Auriol
aups,Aups
auribeau,Auribeau
aubignan,Aubignan
aullene,Aullène
aughris,Aughris
auburn,Auburn
aughrim,Aughrim
aughrim_east,Aughrim East
aughrim_west,Aughrim West
aughinish,Aughinish
aughwilliam,Aughwilliam
aultagh,Aultagh
aurano,Aurano
aurigo,Aurigo
auronzo_di_cadore,Auronzo di Cadore
aulla,Aulla
auditore,Auditore
ausonia,Ausonia
auletta,Auletta
augusta,Augusta
austis,Austis
aukstelkai,Aukštelkai
aukstadvaris,Aukštadvaris
auru,Auru
auce,Auce
augstkalnes,Augstkalnes
aulejas,Aulejas
audrinu,Audriņu
aurskog_holand,Aurskog-Høland
audnedal,Audnedal
austevoll,Austevoll
austrheim,Austrheim
aurland,Aurland
aukra,Aukra
augustow,Augustów
auseu,Auşeu
augustin,Augustin
audenshaw,Audenshaw
audley,Audley
austenwood,Austenwood
aughton_and_downholland,Aughton and Downholland
aughton_park,Aughton Park
audley_and_bignall_end,Audley and Bignall End
audlem,Audlem
augher_and_clogher,Augher and Clogher
aughnacloy,Aughnacloy
