name_clean,name_real
sonntagberg,Sonntagberg
sooss,Sooß
sommerein,Sommerein
sollenau,Sollenau
sonnberg_im_muhlkreis,Sonnberg im Mühlkreis
sonntag,Sonntag
soignies,Soignies
soumagne,Soumagne
somme_leuze,Somme-Leuze
sombreffe,Sombreffe
sonceboz_sombeval,Sonceboz-Sombeval
sonvilier,Sonvilier
sorvilier,Sorvilier
sorens,Sorens
solothurn,Solothurn
soazza,Soazza
sommeri,Sommeri
sonogno,Sonogno
sorengo,Sorengo
soral,Soral
soyhieres,Soyhières
soubey,Soubey
sobehrdy,Soběhrdy
soutice,Soutice
sounov,Souňov
sobesin,Soběšín
sojovice,Sojovice
sovinky,Sovínky
sokolec,Sokoleč
solenice,Solenice
sobenov,Soběnov
sousedovice,Sousedovice
sobeslav,Soběslav
sobesice,Soběšice
sobekury,Soběkury
sokolov,Sokolov
sosnova,Sosnová
sobeslavice,Soběslavice
sovetice,Sovětice
soberaz,Soběraz
sobcice,Sobčice
sobotka,Sobotka
solnice,Solnice
sobetuchy,Sobětuchy
sovolusky,Sovolusky
soprec,Sopřeč
sobkovice,Sobkovice
sopotnice,Sopotnice
sobinov,Sobíňov
sobotovice,Sobotovice
sokolnice,Sokolnice
sobulky,Sobůlky
sobisky,Sobíšky
sobechleby,Soběchleby
sobotin,Sobotín
sobesuky,Soběsuky
sobesovice,Soběšovice
sollwitt,Sollwitt
sophienhamm,Sophienhamm
sollerup,Sollerup
sommerland,Sommerland
solling_landkreis_northeim,Solling (Landkreis Northeim)
soderstorf,Soderstorf
sottrum,Sottrum
soltau,Soltau
soltendieck,Soltendieck
solingen,Solingen
sonsbeck,Sonsbeck
soest,Soest
solms,Solms
sontra,Sontra
sommerloch,Sommerloch
sonnenberg_winnenberg,Sonnenberg-Winnenberg
sonnschied,Sonnschied
sosberg,Sosberg
sohren,Sohren
sohrschied,Sohrschied
sommerau,Sommerau
sontheim_an_der_brenz,Sontheim an der Brenz
sonnenbuhl,Sonnenbühl
soyen,Soyen
sonnen,Sonnen
sonnefeld,Sonnefeld
soos,Soos
solnhofen,Solnhofen
sommerkahl,Sommerkahl
sondheim_v_d_rhon,Sondheim v.d. Rhön
sommerach,Sommerach
sonderhofen,Sonderhofen
sommerhausen,Sommerhausen
sontheim,Sontheim
sonthofen,Sonthofen
sonnewalde,Sonnewalde
sonnenberg,Sonnenberg
sommersdorf,Sommersdorf
sohland_a_d_spree,Sohland a.d. Spree
sonnenstein,Sonnenstein
sollstedt,Sollstedt
sondershausen,Sondershausen
sonneborn,Sonneborn
sonneberg,Sonneberg
solkwitz,Solkwitz
solbjerg,Solbjerg
sommersted,Sommersted
sottrup,Sottrup
solvang,Solvang
sorgenfri,Sorgenfri
solrod,Solrød
soderup,Soderup
sorterup,Sorterup
soro,Sorø
sonda,Sonda
somontin,Somontín
sorbas,Sorbas
soportujar,Soportújar
sorvilan,Sorvilán
sorihuela_del_guadalimar,Sorihuela del Guadalimar
sopeira,Sopeira
sotonera_la,Sotonera, La
sobradiel,Sobradiel
sos_del_rey_catolico,Sos del Rey Católico
sobrescobio,Sobrescobio
somiedo,Somiedo
soto_del_barco,Soto del Barco
son_servera,Son Servera
soba,Soba
solorzano,Solórzano
solana_de_avila,Solana de Avila
solana_de_rioalmar,Solana de Rioalmar
solosancho,Solosancho
sotalbo,Sotalbo
sotillo_de_la_adrada,Sotillo de la Adrada
solarana,Solarana
sordillos,Sordillos
sotillo_de_la_ribera,Sotillo de la Ribera
sotragero,Sotragero
sotresgudo,Sotresgudo
sobrado,Sobrado
soto_de_la_vega,Soto de la Vega
soto_y_amio,Soto y Amío
sotobanado_y_priorato,Sotobañado y Priorato
soto_de_cerrato,Soto de Cerrato
sobradillo,Sobradillo
sorihuela,Sorihuela
sotoserrano,Sotoserrano
sotillo,Sotillo
sotosalbos,Sotosalbos
soliedra,Soliedra
soria,Soria
sotillo_del_rincon,Sotillo del Rincón
socovos,Socovos
socuellamos,Socuéllamos
solana_la,Solana, La
solana_del_pino,Solana del Pino
solera_de_gabaldon,Solera de Gabaldón
sotorribas,Sotorribas
solanillos_del_extremo,Solanillos del Extremo
somolinos,Somolinos
sotillo_el,Sotillo, El
sotodosos,Sotodosos
sonseca,Sonseca
sotillo_de_las_palomas,Sotillo de las Palomas
sobremunt,Sobremunt
sora,Sora
soleras_el,Soleràs, El
solsona,Solsona
soriguera,Soriguera
sort,Sort
soses,Soses
solivella,Solivella
solana_de_los_barros,Solana de los Barros
somozas_as,Somozas, As
sober,Sober
soutomaior,Soutomaior
somosierra,Somosierra
soto_del_real,Soto del Real
sorlada,Sorlada
soraluze_placencia_de_las_armas,Soraluze/Placencia de las Armas
sopelana,Sopelana
sopuerta,Sopuerta
sondika,Sondika
sojuela,Sojuela
sorzano,Sorzano
sotes,Sotés
soto_en_cameros,Soto en Cameros
soneja,Soneja
sot_de_ferrer,Sot de Ferrer
sollana,Sollana
sot_de_chera,Sot de Chera
somero,Somero
sonkajarvi,Sonkajärvi
soini,Soini
sotkamo,Sotkamo
sodankyla,Sodankylä
sottunga,Sottunga
soignolles_en_brie,Soignolles-en-Brie
solers,Solers
sognolles_en_montois,Sognolles-en-Montois
soisy_bouy,Soisy-Bouy
sourdun,Sourdun
souppes_sur_loing,Souppes-sur-Loing
soindres,Soindres
sonchamp,Sonchamp
souzy_la_briche,Souzy-la-Briche
soisy_sur_ecole,Soisy-sur-École
soisy_sur_seine,Soisy-sur-Seine
soisy_sous_montmorency,Soisy-sous-Montmorency
soulangis,Soulangis
soye_en_septaine,Soye-en-Septaine
soulaires,Soulaires
sours,Sours
sorel_moussel,Sorel-Moussel
soize,Soizé
souance_au_perche,Souancé-au-Perche
souge,Sougé
sonzay,Sonzay
souvigne,Souvigné
sorigny,Sorigny
souvigny_de_touraine,Souvigny-de-Touraine
souday,Souday
soings_en_sologne,Soings-en-Sologne
souesmes,Souesmes
souvigny_en_sologne,Souvigny-en-Sologne
solterre,Solterre
sougy,Sougy
soirans,Soirans
soissons_sur_nacey,Soissons-sur-Nacey
sombernon,Sombernon
source_seine,Source-Seine
souhey,Souhey
soussey_sur_brionne,Soussey-sur-Brionne
sochaux,Sochaux
solemont,Solemont
soulce_cernay,Soulce-Cernay
sourans,Sourans
soye,Soye
sombacour,Sombacour
souvans,Souvans
songeson,Songeson
soucia,Soucia
sougy_sur_loire,Sougy-sur-Loire
soing_cubry_charentenay,Soing-Cubry-Charentenay
sorans_les_breurey,Sorans-lès-Breurey
sornay,Sornay
sommant,Sommant
sologny,Sologny
solutre_pouilly,Solutré-Pouilly
sommecaise,Sommecaise
sormery,Sormery
sougeres_en_puisaye,Sougères-en-Puisaye
soumaintrain,Soumaintrain
soucy,Soucy
sommervieu,Sommervieu
soignolles,Soignolles
soliers,Soliers
soulangy,Soulangy
soumont_saint_quentin,Soumont-Saint-Quentin
souleuvre_en_bocage,Souleuvre en Bocage
sourdeval,Sourdeval
sortosville_en_beaumont,Sortosville-en-Beaumont
sortosville,Sortosville
sottevast,Sottevast
sotteville,Sotteville
sourdeval_les_bois,Sourdeval-les-Bois
soulles,Soulles
soligny_la_trappe,Soligny-la-Trappe
sommery,Sommery
sommesnil,Sommesnil
sotteville_sur_mer,Sotteville-sur-Mer
sorquainville,Sorquainville
sotteville_les_rouen,Sotteville-lès-Rouen
sotteville_sous_le_val,Sotteville-sous-le-Val
sommelans,Sommelans
sons_et_roncheres,Sons-et-Ronchères
sommette_eaucourt,Sommette-Eaucourt
soissons,Soissons
soupir,Soupir
sommeron,Sommeron
sorbais,Sorbais
solre_le_chateau,Solre-le-Château
solrinnes,Solrinnes
solesmes,Solesmes
sommaing,Sommaing
somain,Somain
socx,Socx
sommereux,Sommereux
songeons,Songeons
solente,Solente
sombrin,Sombrin
souastre,Souastre
sorrus,Sorrus
souchez,Souchez
sorel_en_vimeu,Sorel-en-Vimeu
soues,Soues
sourdon,Sourdon
sorel,Sorel
soyecourt,Soyécourt
sormonne,Sormonne
son,Son
sorbon,Sorbon
sorcy_bauthemont,Sorcy-Bauthémont
sommauthe,Sommauthe
sommerance,Sommerance
soulaines_dhuys,Soulaines-Dhuys
soligny_les_etangs,Soligny-les-Étangs
sommeval,Sommeval
souligny,Souligny
sogny_aux_moulins,Sogny-aux-Moulins
somme_suippe,Somme-Suippe
somme_vesle,Somme-Vesle
souain_perthes_les_hurlus,Souain-Perthes-lès-Hurlus
soudron,Soudron
soulieres,Soulières
soizy_aux_bois,Soizy-aux-Bois
sogny_en_l_angle,Sogny-en-l'Angle
sommesous,Sommesous
sompuis,Sompuis
somsois,Somsois
songy,Songy
soude,Soudé
soulanges,Soulanges
somme_bionne,Somme-Bionne
sommepy_tahure,Sommepy-Tahure
somme_tourbe,Somme-Tourbe
somme_yevre,Somme-Yèvre
sommerecourt,Sommerécourt
soncourt_sur_marne,Soncourt-sur-Marne
soulaucourt_sur_mouzon,Soulaucourt-sur-Mouzon
soyers,Soyers
sommancourt,Sommancourt
sommevoire,Sommevoire
sommerviller,Sommerviller
sorneville,Sornéville
sommeilles,Sommeilles
sommelonne,Sommelonne
sorcy_saint_martin,Sorcy-Saint-Martin
sommedieue,Sommedieue
sorbey,Sorbey
souilly,Souilly
sotzeling,Sotzeling
soucht,Soucht
solgne,Solgne
soufflenheim,Soufflenheim
soultz_sous_forets,Soultz-sous-Forêts
solbach,Solbach
soultz_les_bains,Soultz-les-Bains
souffelweyersheim,Souffelweyersheim
sondersdorf,Sondersdorf
sondernach,Sondernach
soultzbach_les_bains,Soultzbach-les-Bains
soultzeren,Soultzeren
soppe_le_bas,Soppe-le-Bas
soultz_haut_rhin,Soultz-Haut-Rhin
soultzmatt,Soultzmatt
socourt,Socourt
soncourt,Soncourt
soulosse_sous_saint_elophe,Soulosse-sous-Saint-Élophe
soudan,Soudan
soulvache,Soulvache
soucelles,Soucelles
soulaines_sur_aubance,Soulaines-sur-Aubance
soulaire_et_bourg,Soulaire-et-Bourg
somloire,Somloire
souzay_champigny,Souzay-Champigny
soulge_sur_ouette,Soulgé-sur-Ouette
souce,Soucé
souligne_flace,Souligné-Flacé
souvigne_sur_sarthe,Souvigné-sur-Sarthe
souge_le_ganelon,Sougé-le-Ganelon
soulitre,Soulitré
souvigne_sur_meme,Souvigné-sur-Même
souille,Souillé
souligne_sous_ballon,Souligné-sous-Ballon
soullans,Soullans
sougeal,Sougéal
souffrignac,Souffrignac
soyaux,Soyaux
soubran,Soubran
soumeras,Souméras
sousmoulins,Sousmoulins
soubise,Soubise
soulignonne,Soulignonne
sonnac,Sonnac
soudaine_lavinadiere,Soudaine-Lavinadière
sornac,Sornac
soudeilles,Soudeilles
soursac,Soursac
sous_parsat,Sous-Parsat
soubrebost,Soubrebost
soumans,Soumans
soulaures,Soulaures
soudat,Soudat
sorges_et_ligueux_en_perigord,Sorges et Ligueux en Périgord
sourzac,Sourzac
soulignac,Soulignac
soussac,Soussac
soulac_sur_mer,Soulac-sur-Mer
soussans,Soussans
soorts_hossegor,Soorts-Hossegor
sorde_l_abbaye,Sorde-l'Abbaye
sort_en_chalosse,Sort-en-Chalosse
souprosse,Souprosse
soustons,Soustons
solferino,Solférino
sorbets,Sorbets
sore,Sore
soumensac,Soumensac
sos,Sos
souraide,Souraïde
soumoulou,Soumoulou
sompt,Sompt
soutiers,Soutiers
sossais,Sossais
sommieres_du_clain,Sommières-du-Clain
solignac,Solignac
sorgeat,Sorgeat
soula,Soula
sor,Sor
soueix_rogalle,Soueix-Rogalle
soulan,Soulan
souilhanels,Souilhanels
souilhe,Souilhe
soupex,Soupex
sonnac_sur_l_hers,Sonnac-sur-l'Hers
sougraigne,Sougraigne
soulatge,Soulatgé
soulages_bonneval,Soulages-Bonneval
soustelle,Soustelle
sommieres,Sommières
souvignargues,Souvignargues
soudorgues,Soudorgues
sode,Sode
soueich,Soueich
solomiac,Solomiac
sorbs,Sorbs
soubes,Soubès
soumont,Soumont
soturac,Soturac
sonac,Sonac
sousceyrac_en_quercy,Sousceyrac-en-Quercy
soucirac,Soucirac
souillac,Souillac
soulomes,Soulomès
soulom,Soulom
sost,Sost
sombrun,Sombrun
soreac,Soréac
soublecause,Soublecause
souyeaux,Souyeaux
sorede,Sorède
souanyas,Souanyas
sournia,Sournia
souel,Souel
soreze,Sorèze
soual,Soual
souclin,Souclin
sonthonnax_la_montagne,Sonthonnax-la-Montagne
souvigny,Souvigny
sorbier,Sorbier
soyons,Soyons
sourniac,Sourniac
soulages,Soulages
solaure_en_diois,Solaure en Diois
soyans,Soyans
solerieux,Solérieux
souspierre,Souspierre
sousville,Sousville
soleymieu,Soleymieu
sonnay,Sonnay
soleymieux,Soleymieux
souternon,Souternon
sorbiers,Sorbiers
solignac_sur_loire,Solignac-sur-Loire
solignac_sous_roche,Solignac-sous-Roche
solignat,Solignat
soucieu_en_jarrest,Soucieu-en-Jarrest
sourcieux_les_mines,Sourcieux-les-Mines
souzy,Souzy
solaize,Solaize
sonnaz,Sonnaz
soleilhas,Soleilhas
sourribes,Sourribes
sospel,Sospel
sollies_pont,Solliès-Pont
sollies_toucas,Solliès-Toucas
sollies_ville,Solliès-Ville
sorgues,Sorgues
soccia,Soccia
sollacaro,Sollacaro
sorbollano,Sorbollano
sotta,Sotta
solaro,Solaro
sorbo_ocagnano,Sorbo-Ocagnano
soveria,Soveria
sorio,Sorio
sokolovac,Sokolovac
sopje,Sopje
solin,Solin
solymar,Solymár
soponya,Soponya
somlojeno,Somlójenő
somlovecse,Somlóvecse
somloszolos,Somlószőlős
somlovasarhely,Somlóvásárhely
sopronnemeti,Sopronnémeti
sobor,Sobor
sokoropatka,Sokorópátka
sopron,Sopron
sopronkovesd,Sopronkövesd
sopronhorpacs,Sopronhorpács
sorkifalud,Sorkifalud
sorkikapolna,Sorkikápolna
sorokpolany,Sorokpolány
sormas,Sormás
somberek,Somberek
somogyviszlo,Somogyviszló
somogyapati,Somogyapáti
somogyhatvan,Somogyhatvan
somogyharsagy,Somogyhárságy
somogyaracs,Somogyaracs
somogyudvarhely,Somogyudvarhely
somogycsicso,Somogycsicsó
somogybukkosd,Somogybükkösd
somogyvar,Somogyvár
somogyvamos,Somogyvámos
somogybabod,Somogybabod
somogytur,Somogytúr
somogyszil,Somogyszil
somodor,Somodor
somogyfajsz,Somogyfajsz
somogygeszti,Somogygeszti
somogysard,Somogysárd
somogyjad,Somogyjád
somogyaszalo,Somogyaszaló
somogyzsitfa,Somogyzsitfa
somogyszentpal,Somogyszentpál
somogysamson,Somogysámson
somogysimonyi,Somogysimonyi
somogyszob,Somogyszob
som,Som
somogymeggyes,Somogymeggyes
somogydorocske,Somogydöröcske
somogyegres,Somogyegres
somogyacsa,Somogyacsa
somoskoujfalu,Somoskőújfalu
sonkad,Sonkád
solt,Solt
soltszentimre,Soltszentimre
soltvadkert,Soltvadkert
sonnagh,Sonnagh
sonna,Sonna
south_dock,South Dock
solloghodbeg,Solloghodbeg
south_gate_a,South Gate A
south_gate_b,South Gate B
soriso,Soriso
sozzago,Sozzago
somano,Somano
sommariva_del_bosco,Sommariva del Bosco
sommariva_perno,Sommariva Perno
soglio,Soglio
solero,Solero
solonghello,Solonghello
soprana,Soprana
sordevolo,Sordevolo
sostegno,Sostegno
solbiate_arno,Solbiate Arno
solbiate_olona,Solbiate Olona
somma_lombardo,Somma Lombardo
solbiate,Solbiate
sorico,Sorico
sormano,Sormano
sondalo,Sondalo
sondrio,Sondrio
solto_collina,Solto Collina
songavazzo,Songavazzo
sorisole,Sorisole
sotto_il_monte_giovanni_xxiii,Sotto il Monte Giovanni XXIII
sovere,Sovere
solza,Solza
soiano_del_lago,Soiano del Lago
sonico,Sonico
sommo,Sommo
solarolo_rainerio,Solarolo Rainerio
soncino,Soncino
soresina,Soresina
sospiro,Sospiro
somaglia,Somaglia
sordio,Sordio
sovico,Sovico
soldano,Soldano
sori,Sori
soraga,Soraga
sover,Sover
soave,Soave
sommacampagna,Sommacampagna
sona,Sona
sorga,Sorgà
solagna,Solagna
sossano,Sossano
sovizzo,Sovizzo
sospirolo,Sospirolo
soverzene,Soverzene
sovramonte,Sovramonte
solesino,Solesino
socchieve,Socchieve
solignano,Solignano
soragna,Soragna
sorbolo,Sorbolo
soliera,Soliera
solarolo,Solarolo
sogliano_al_rubicone,Sogliano al Rubicone
sovicille,Sovicille
sorano,Sorano
soriano_nel_cimino,Soriano nel Cimino
sonnino,Sonnino
solopaca,Solopaca
somma_vesuviana,Somma Vesuviana
sorrento,Sorrento
solofra,Solofra
sorbo_serpico,Sorbo Serpico
sogliano_cavour,Sogliano Cavour
soleto,Soleto
sorbo_san_basile,Sorbo San Basile
soverato,Soverato
soveria_mannelli,Soveria Mannelli
soveria_simeri,Soveria Simeri
sorianello,Sorianello
soriano_calabro,Soriano Calabro
sommatino,Sommatino
solarino,Solarino
sortino,Sortino
sorso,Sorso
sorgono,Sorgono
solarussa,Solarussa
sorradile,Sorradile
soddi,Soddì
soleminis,Soleminis
sokolku,Sokolku
someren,Someren
son_en_breugel,Son en Breugel
songdalen,Songdalen
sokndal,Sokndal
sola,Sola
solund,Solund
sogndal,Sogndal
sortland,Sortland
solec_kujawski,Solec Kujawski
sosno,Sośno
sosnowka,Sosnówka
sosnowica,Sosnowica
sokolniki,Sokolniki
sonsk,Sońsk
sobolew,Sobolew
solec_nad_wisla,Solec nad Wisłą
sobienie_jeziory,Sobienie-Jeziory
sochocin,Sochocin
sochaczew,Sochaczew
sokolow_podlaski,Sokołów Podlaski
somianka,Somianka
sokolow_malopolski,Sokołów Małopolski
solina,Solina
sokolka,Sokółka
sokoly,Sokoły
somonino,Somonino
sosnicowice,Sośnicowice
solec_zdroj,Solec-Zdrój
sobkow,Sobków
sorkwity,Sorkwity
sompolno,Sompolno
sosnie,Sośnie
sobrado_e_bairros,Sobrado e Bairros
sosa,Sosa
sobral_da_adica,Sobral da Adiça
sobreposta,Sobreposta
souto_santa_maria_souto_sao_salvador_e_gondomar,Souto Santa Maria, Souto São Salvador e Gondomar
sobradelo_da_goma,Sobradelo da Goma
souto,Souto
soutelo,Soutelo
sortes,Sortes
sobreiro_de_baixo_e_alvaredos,Sobreiro de Baixo e Alvaredos
soeira_fresulfe_e_mofreita,Soeira, Fresulfe e Mofreita
sobral_de_sao_miguel,Sobral de São Miguel
soalheira,Soalheira
souto_da_casa,Souto da Casa
sobral,Sobral
sobreira_formosa_e_alvito_da_beira,Sobreira Formosa e Alvito da Beira
souselas_e_botao,Souselas e Botão
soure,Soure
souto_de_aguiar_da_beira_e_valverde,Souto de Aguiar da Beira e Valverde
sobral_pichorro_e_fuinhas,Sobral Pichorro e Fuinhas
sobral_da_serra,Sobral da Serra
souro_pires,Souro Pires
sortelha,Sortelha
souto_de_carpalhosa_e_ortigosa,Souto de Carpalhosa e Ortigosa
sobral_de_monte_agraco,Sobral de Monte Agraço
sousel,Sousel
sousela,Sousela
soalhaes,Soalhães
sobretamega,Sobretâmega
sobreira,Sobreira
sobrosa,Sobrosa
soajo,Soajo
souto_e_tabaco,Souto e Tabaçô
sopo,Sopo
soutelo_e_seara_velha,Soutelo e Seara Velha
solveira,Solveira
souto_maior,Souto Maior
sonim_e_barreiros,Sonim e Barreiros
soutelo_de_aguiar,Soutelo de Aguiar
souselo,Souselo
soutelo_do_douro,Soutelo do Douro
sohodol,Sohodol
socodor,Socodor
solont,Solonţ
sohatu,Sohatu
socol,Socol
sopot,Sopot
sovata,Sovata
solovastru,Solovăstru
somes_odorhei,Someş-Odorhei
socond,Socond
solca,Solca
somova,Somova
solesti,Soleşti
soveja,Soveja
sokobanja,Sokobanja
sombor,Sombor
sollentuna,Sollentuna
solna,Solna
sotenas,Sotenäs
solleftea,Sollefteå
sorsele,Sorsele
soca,Soča
sobenja_vas,Sobenja vas
sodisinci,Sodišinci
sodevci,Sodevci
sovodenj,Sovodenj
soze,Soze
sobrace,Sobrače
soteska,Soteska
sovinja_pec,Sovinja Peč
socerb,Socerb
socerga,Sočerga
sokolici,Sokoliči
sopota,Sopota
soteska_pri_moravcah,Soteska pri Moravčah
solkan,Solkan
sodinci,Sodinci
sodna_vas,Sodna vas
sotina,Sotina
sodji_vrh,Sodji Vrh
sovinek,Sovinek
sojek,Sojek
sovjak,Sovjak
sotensko_pod_kalobjem,Sotensko pod Kalobjem
sopotnica,Sopotnica
sotensko_pri_smarju,Sotensko pri Šmarju
sovice,Soviče
socka,Socka
sovra,Sovra
sobetinci,Sobetinci
sodrazica,Sodražica
solcava,Solčava
solosnica,Sološnica
sokolovce,Sokolovce
sobotiste,Sobotište
soblahov,Soblahov
sokolce,Sokolce
solcany,Solčany
solcianky,Solčianky
socovce,Socovce
sopkovce,Sopkovce
solnik,Soľník
sobos,Soboš
sol,Soľ
sokol,Sokoľ
sokolany,Sokoľany
sobrance,Sobrance
solnicka,Soľnička
somotor,Somotor
south_norwood,South Norwood
south_acton,South Acton
southall_broadway,Southall Broadway
southall_green,Southall Green
southfield,Southfield
southbury,Southbury
southgate,Southgate
southgate_green,Southgate Green
south_hornchurch,South Hornchurch
south_ruislip,South Ruislip
south_richmond,South Richmond
south_twickenham,South Twickenham
south_bermondsey,South Bermondsey
south_camberwell,South Camberwell
southfields,Southfields
south_middleton,South Middleton
south_heaton,South Heaton
south_jesmond,South Jesmond
southwick,Southwick
soho,Soho
south_yardley,South Yardley
soho_and_victoria,Soho and Victoria
sowerby_bridge,Sowerby Bridge
south_elmsall_and_south_kirkby,South Elmsall and South Kirkby
south_bank,South Bank
southcoates_east,Southcoates East
southcoates_west,Southcoates West
south_east_holderness,South East Holderness
south_hunsley,South Hunsley
south_west_holderness,South West Holderness
south,South
southdown,Southdown
southway,Southway
southchurch,Southchurch
south_chafford,South Chafford
southcote,Southcote
sonning,Sonning
south_lake,South Lake
south_portslade,South Portslade
soham_north,Soham North
soham_south,Soham South
solway,Solway
somercotes,Somercotes
south_west_parishes,South West Parishes
south_normanton_east,South Normanton East
south_normanton_west,South Normanton West
south_molton,South Molton
sovereign,Sovereign
south_weald,South Weald
south_hanningfield_stock_and_margaretting,South Hanningfield, Stock and Margaretting
south_woodham_chetwood_and_collingwood,South Woodham-Chetwood and Collingwood
south_woodham_elmwood_and_woodville,South Woodham-Elmwood and Woodville
southminster,Southminster
south_ham,South Ham
sopwell,Sopwell
south_willesborough,South Willesborough
southborough_and_high_brooms,Southborough and High Brooms
southborough_north,Southborough North
somerby,Somerby
south_wigston,South Wigston
southtown_and_cobholm,Southtown and Cobholm
south_and_west_lynn,South and West Lynn
south_downham,South Downham
south_petherton,South Petherton
south_cosford,South Cosford
southwold_and_reydon,Southwold and Reydon
south_park_and_woodhatch,South Park and Woodhatch
southlands,Southlands
southwick_green,Southwick Green
southbourne,Southbourne
south_bredon_hill,South Bredon Hill
somersham,Somersham
south_blyth,South Blyth
south_tynedale,South Tynedale
south_oxhey,South Oxhey
south_wootton,South Wootton
sowerby_topcliffe,Sowerby & Topcliffe
sonning_common,Sonning Common
south_milford,South Milford
southwell,Southwell
southwater,Southwater
south_brent,South Brent
southam_north,Southam North
southam_south,Southam South
southcourt,Southcourt
south_tawton,South Tawton
south_cerney_village,South Cerney Village
southey,Southey
southmead,Southmead
southville,Southville
southwick_wickham,Southwick & Wickham
south_kintyre,South Kintyre
southside_newington,Southside/Newington
southside_central,Southside Central
solva,Solva
