name_clean,name_real
emmersdorf_an_der_donau,Emmersdorf an der Donau
empersdorf,Empersdorf
embrach,Embrach
emmen,Emmen
emmetten,Emmetten
embd,Embd
emmelsbull_horsbull,Emmelsbüll-Horsbüll
embuhren,Embühren
emkendorf,Emkendorf
emmerthal,Emmerthal
embsen,Embsen
emmendorf,Emmendorf
emtinghausen,Emtinghausen
emden,Emden
emstek,Emstek
emsburen,Emsbüren
emlichheim,Emlichheim
emmerich_am_rhein,Emmerich am Rhein
emsdetten,Emsdetten
emmerzhausen,Emmerzhausen
emmelshausen,Emmelshausen
emmelbaum,Emmelbaum
empfingen,Empfingen
emmendingen,Emmendingen
emmingen_liptingen,Emmingen-Liptingen
emeringen,Emeringen
emerkingen,Emerkingen
emmerting,Emmerting
emmering,Emmering
emtmannsberg,Emtmannsberg
emskirchen,Emskirchen
emersacker,Emersacker
empfertshausen,Empfertshausen
emleben,Emleben
em,Em
emmerlev,Emmerlev
emdrup,Emdrup
emmaste,Emmaste
embid_de_ariza,Embid de Ariza
embid,Embid
emperador,Emperador
empury,Empury
emmerin,Emmerin
embry,Embry
embreville,Embreville
embermenil,Emberménil
emlingen,Emlingen
empure,Empuré
embres_et_castelmaure,Embres-et-Castelmaure
empeaux,Empeaux
empurany,Empurany
embrun,Embrun
emod,Emőd
emyvale,Emyvale
emo,Emo
emper,Emper
emlagh,Emlagh
emlygrennan,Emlygrennan
emly,Emly
emlagh_number_an_t_imleach,Emlagh#An tImleach
emarese,Emarèse
empoli,Empoli
embutes,Embūtes
emmaboda,Emmaboda
emerson_park,Emerson Park
emersons_green,Emersons Green
emmbrook,Emmbrook
emsworth,Emsworth
emneth_with_outwell,Emneth with Outwell
empress,Empress
embsay_with_eastby,Embsay-with-Eastby
emscote,Emscote
