name_clean,name_real
ea,Ea
eaubonne,Eaubonne
eaucourt_sur_somme,Eaucourt-sur-Somme
eaux_puiseaux,Eaux-Puiseaux
eance,Eancé
eaux_bonnes,Eaux-Bonnes
eaunes,Eaunes
eauze,Eauze
eanymore,Eanymore
easky_east,Easky East
easky_west,Easky West
eadestown,Eadestown
earlstown,Earlstown
eastbrook,Eastbrook
eastbury,Eastbury
east_barnet,East Barnet
east_finchley,East Finchley
east_wickham,East Wickham
ealing_broadway,Ealing Broadway
ealing_common,Ealing Common
east_acton,East Acton
eastcote_and_east_ruislip,Eastcote and East Ruislip
east_ham_central,East Ham Central
east_ham_north,East Ham North
east_ham_south,East Ham South
east_sheen,East Sheen
east_dulwich,East Dulwich
east_walworth,East Walworth
earlsfield,Earlsfield
east_putney,East Putney
east,East
east_middleton,East Middleton
earlestown,Earlestown
eastham,Eastham
east_gosforth,East Gosforth
earlsdon,Earlsdon
east_park,East Park
eaglescliffe,Eaglescliffe
earcroft,Earcroft
east_rural,East Rural
east_wolds_and_coastal,East Wolds and Coastal
east_marsh,East Marsh
east_cliff_and_springbourne,East Cliff and Springbourne
east_southbourne_and_tuckton,East Southbourne and Tuckton
eastwood_park,Eastwood Park
east_tilbury,East Tilbury
east_brighton,East Brighton
eastney_and_craneswater,Eastney and Craneswater
east_chesterton,East Chesterton
eamont,Eamont
east_saltdean_and_telscombe_cliffs,East Saltdean and Telscombe Cliffs
eastern_rother,Eastern Rother
east_dean,East Dean
east_woodhay,East Woodhay
eastrop,Eastrop
east_meon,East Meon
eastleigh_central,Eastleigh Central
eastleigh_north,Eastleigh North
eastleigh_south,Eastleigh South
eastry,Eastry
eastcliff,Eastcliff
east_goscote,East Goscote
earl_shilton,Earl Shilton
eagle_swinderby_and_witham_st_hughs,Eagle, Swinderby and Witham St. Hughs
east_flegg,East Flegg
east_downham,East Downham
eaton,Eaton
easton,Easton
earsham,Earsham
eastfield,Eastfield
east_markham,East Markham
east_retford_east,East Retford East
east_retford_north,East Retford North
east_retford_south,East Retford South
east_retford_west,East Retford West
eastgate,Eastgate
earlswood_and_whitebushes,Earlswood and Whitebushes
easebourne,Easebourne
east_wittering,East Wittering
east_grinstead_ashplats,East Grinstead Ashplats
east_grinstead_baldwins,East Grinstead Baldwins
east_grinstead_herontye,East Grinstead Herontye
east_grinstead_imberhorne,East Grinstead Imberhorne
east_grinstead_town,East Grinstead Town
east_cowes,East Cowes
earith,Earith
earby,Earby
eaton_park,Eaton Park
eastcotts,Eastcotts
eaton_bray,Eaton Bray
east_hunsbury,East Hunsbury
eakring,Eakring
east_polden,East Polden
eastcott,Eastcott
eastlands,Eastlands
easington,Easington
earls_court,Earl's Court
east_downs,East Downs
east_malling,East Malling
easingwold,Easingwold
east_bridgford,East Bridgford
east_preston,East Preston
east_folkestone,East Folkestone
earls_barton,Earls Barton
earnshaw_bridge,Earnshaw Bridge
eastbourne,Eastbourne
eastwood_hall,Eastwood Hall
eastwood_hilltop,Eastwood Hilltop
eastwood_st_marys,Eastwood St. Mary's
east_ecclesfield,East Ecclesfield
eastville,Eastville
east_garioch,East Garioch
east_end,East End
east_neuk_and_landward,East Neuk and Landward
east_centre,East Centre
east_sutherland_and_edderton,East Sutherland and Edderton
east_mainland_south_ronaldsay_and_burray,East Mainland, South Ronaldsay and Burray
east_berwickshire,East Berwickshire
east_kilbride_south,East Kilbride South
east_kilbride_central_south,East Kilbride Central South
east_kilbride_central_north,East Kilbride Central North
east_kilbride_west,East Kilbride West
east_kilbride_east,East Kilbride East
east_livingston_and_east_calder,East Livingston and East Calder
east_williamston,East Williamston
