name_clean,name_real
uster,Uster
uslar,Uslar
usingen,Usingen
usch,Usch
ustersbach,Ustersbach
userin,Userin
usedom,Usedom
used,Used
usagre,Usagre
usurbil,Usurbil
useras_useres_les,Useras/Useres, les
ussy_sur_marne,Ussy-sur-Marne
us,Us
ussy,Ussy
ussac,Ussac
ussel,Ussel
ustaritz,Ustaritz
usseau,Usseau
usson_du_poitou,Usson-du-Poitou
ussat,Ussat
ustou,Ustou
usclas_d_herault,Usclas-d'Hérault
usclas_du_bosc,Usclas-du-Bosc
ussel_d_allier,Ussel-d'Allier
usclades_et_rieutord,Usclades-et-Rieutord
usson_en_forez,Usson-en-Forez
usson,Usson
usinens,Usinens
uszka,Uszka
uszod,Uszód
ushers_a,Ushers A
ushers_b,Ushers B
ushers_c,Ushers C
ushers_d,Ushers D
ushers_e,Ushers E
ushers_f,Ushers F
usk,Usk
uskane,Uskane
usseaux,Usseaux
usseglio,Usseglio
usmate_velate,Usmate Velate
uscio,Uscio
ussita,Ussita
ustica,Ustica
usini,Usini
ussassai,Ussassai
usellus,Usellus
ussana,Ussana
ussaramanna,Ussaramanna
usenai,Usėnai
useldange,Useldange
usmas,Usmas
ustrzyki_dolne,Ustrzyki Dolne
ustka,Ustka
ustron,Ustroń
ustronie_morskie,Ustronie Morskie
usseira,Usseira
ususau,Ususău
ustje,Ustje
