name_clean,name_real
laguna_e_karavastase,Laguna e Karavastasë
lackenbach,Lackenbach
lackendorf,Lackendorf
lavamund,Lavamünd
lanzendorf,Lanzendorf
lassee,Lassee
langau,Langau
langenzersdorf,Langenzersdorf
langenlois,Langenlois
laa_an_der_thaya,Laa an der Thaya
ladendorf,Ladendorf
laab_im_walde,Laab im Walde
laxenburg,Laxenburg
langenrohr,Langenrohr
lanzenkirchen,Lanzenkirchen
langschlag,Langschlag
lasberg,Lasberg
laakirchen,Laakirchen
langenstein,Langenstein
lambrechten,Lambrechten
laussa,Laussa
lambach,Lambach
lamprechtshausen,Lamprechtshausen
lannach,Lannach
lassnitzhohe,Laßnitzhöhe
lang,Lang
lassing,Lassing
landl,Landl
langenwang,Langenwang
lafnitz,Lafnitz
lans,Lans
langkampfen,Langkampfen
ladis,Ladis
landeck,Landeck
lavant,Lavant
langen_bei_bregenz,Langen bei Bregenz
langenegg,Langenegg
lauterach,Lauterach
laterns,Laterns
laakdal,Laakdal
landen,Landen
langemark_poelkapelle,Langemark-Poelkapelle
laarne,Laarne
lanaken,Lanaken
la_hulpe,La Hulpe
lasne,Lasne
la_louviere,La Louvière
la_roche_en_ardenne,La Roche-en-Ardenne
la_bruyere,La Bruyère
laufen_uhwiesen,Laufen-Uhwiesen
langnau_am_albis,Langnau am Albis
lac_de_neuchatel_be,Lac de Neuchâtel (BE)
la_ferriere,La Ferrière
la_neuveville,La Neuveville
langenthal,Langenthal
langnau_im_emmental,Langnau im Emmental
lauperswil,Lauperswil
landiswil,Landiswil
laupen,Laupen
lauenen,Lauenen
lauterbrunnen,Lauterbrunnen
lachen,Lachen
lauerz,Lauerz
lac_de_neuchatel_fr,Lac de Neuchâtel (FR)
lac_de_la_gruyere,Lac de la Gruyère
la_folliaz,La Folliaz
la_roche,La Roche
la_brillaz,La Brillaz
la_sonnaz,La Sonnaz
la_verrerie,La Verrerie
laupersdorf,Laupersdorf
langendorf,Langendorf
laufen,Laufen
lausen,Lausen
lampenberg,Lampenberg
langenbruck,Langenbruck
lauwil,Lauwil
lantsch_number_lenz,Lantsch#Lenz
landquart,Landquart
la_punt_chamues_ch,La Punt-Chamues-ch
laax,Laax
laufenburg,Laufenburg
langrickenbach,Langrickenbach
lago_di_lugano,Lago di Lugano
lago_maggiore,Lago Maggiore
lavertezzo,Lavertezzo
lamone,Lamone
lavizzara,Lavizzara
lac_de_neuchatel_vd,Lac de Neuchâtel (VD)
lac_de_joux,Lac de Joux
lac_leman_vd,Lac Léman (VD)
lavey_morcles,Lavey-Morcles
la_praz,La Praz
lausanne,Lausanne
la_chaux_cossonay,La Chaux (Cossonay)
la_sarraz,La Sarraz
lavigny,Lavigny
la_rippe,La Rippe
la_tour_de_peilz,La Tour-de-Peilz
lac_leman_vs,Lac Léman (VS)
lax,Lax
lalden,Lalden
lac_de_neuchatel_ne,Lac de Neuchâtel (NE)
la_chaux_de_fonds,La Chaux-de-Fonds
la_sagne,La Sagne
la_brevine,La Brévine
la_chaux_du_milieu,La Chaux-du-Milieu
la_tene,La Tène
la_cote_aux_fees,La Côte-aux-Fées
laconnex,Laconnex
lancy,Lancy
lac_leman_ge,Lac Léman (GE)
la_chaux_des_breuleux,La Chaux-des-Breuleux
lajoux_ju,Lajoux (JU)
la_baroche,La Baroche
lazsko,Lazsko
lasovice,Lašovice
laziste,Lažiště
lazany,Lažany
lazanky,Lažánky
labska_stran,Labská Stráň
lahost,Lahošť
lampertice,Lampertice
lanzov,Lanžov
labske_chrcice,Labské Chrčice
lavicne,Lavičné
lanskroun,Lanškroun
lavicky,Lavičky
lazinov,Lazinov
ladna,Ladná
lanzhot,Lanžhot
labuty,Labuty
lancov,Lančov
laskov,Laškov
laznicky,Lazníčky
lazniky,Lazníky
lacnov,Lačnov
lauenburg_elbe,Lauenburg/Elbe
langenlehsten,Langenlehsten
lanze,Lanze
labenz,Labenz
lankau,Lankau
langeness,Langeneß
ladelund,Ladelund
langenhorn,Langenhorn
langeln,Langeln
laboe,Laboe
lammershagen,Lammershagen
langwedel,Langwedel
langstedt,Langstedt
langballig,Langballig
latendorf,Latendorf
landrecht,Landrecht
landscheide,Landscheide
lasbek,Lasbek
langelsheim,Langelsheim
landolfshausen,Landolfshausen
laatzen,Laatzen
langenhagen,Langenhagen
lamspringe,Lamspringe
lauenforde,Lauenförde
landesbergen,Landesbergen
lauenhagen,Lauenhagen
lauenau,Lauenau
langlingen,Langlingen
lachendorf,Lachendorf
lamstedt,Lamstedt
lauenbruck,Lauenbrück
lastrup,Lastrup
lathen,Lathen
langen,Langen
lahn,Lahn
laar,Laar
lage,Lage
langeoog,Langeoog
langenfeld_rhld,Langenfeld (Rhld.)
langerwehe,Langerwehe
ladbergen,Ladbergen
laer,Laer
langenberg,Langenberg
lampertheim,Lampertheim
lautertal_odenwald,Lautertal (Odenwald)
langenselbold,Langenselbold
langen_hessen,Langen (Hessen)
langgons,Langgöns
laubach,Laubach
lahnau,Lahnau
lahntal,Lahntal
lauterbach_hessen,Lauterbach (Hessen)
lautertal_vogelsberg,Lautertal (Vogelsberg)
langenlonsheim,Langenlonsheim
laubenheim,Laubenheim
lauschied,Lauschied
langweiler,Langweiler
landkern,Landkern
langenfeld,Langenfeld
langscheid,Langscheid
lahr,Lahr
laufersweiler,Laufersweiler
lautzenhausen,Lautzenhausen
laudert,Laudert
lahnstein,Lahnstein
langenscheid,Langenscheid
laurenburg,Laurenburg
lautert,Lautert
langenbach_bei_kirburg,Langenbach bei Kirburg
lautzenbrucken,Lautzenbrücken
langenhahn,Langenhahn
laufeld,Laufeld
landscheid,Landscheid
lambertsberg,Lambertsberg
lascheid,Lascheid
lauperath,Lauperath
lasel,Lasel
lampaden,Lampaden
langsur,Langsur
landau_in_der_pfalz,Landau in der Pfalz
laumersheim,Laumersheim
lambrecht_pfalz,Lambrecht (Pfalz)
lautersheim,Lautersheim
lambsborn,Lambsborn
langwieden,Langwieden
landstuhl,Landstuhl
lauterecken,Lauterecken
langenbach,Langenbach
lambsheim,Lambsheim
lauterstein,Lauterstein
lauffen_am_neckar,Lauffen am Neckar
langenbrettach,Langenbrettach
langenburg,Langenburg
lauda_konigshofen,Lauda-Königshofen
lauchheim,Lauchheim
ladenburg,Ladenburg
laudenbach,Laudenbach
lauf,Lauf
lahr_schwarzwald,Lahr/Schwarzwald
lautenbach,Lautenbach
lauterbach,Lauterbach
laufenburg_baden,Laufenburg (Baden)
lauchringen,Lauchringen
laichingen,Laichingen
langenau,Langenau
laupheim,Laupheim
langenenslingen,Langenenslingen
langenargen,Langenargen
langenpreising,Langenpreising
landsberied,Landsberied
landsberg_am_lech,Landsberg am Lech
langenmosen,Langenmosen
landshut,Landshut
lalling,Lalling
langquaid,Langquaid
langdorf,Langdorf
laberweinting,Laberweinting
landau_a_d_isar,Landau a.d. Isar
lam,Lam
lauterhofen,Lauterhofen
lappersdorf,Lappersdorf
laaber,Laaber
lauter,Lauter
langweiler_wald,Langweiler Wald
lautertal,Lautertal
langensendelbach,Langensendelbach
langenbacher_forst,Langenbacher Forst
langfurth,Langfurth
langenzenn,Langenzenn
lauf_a_d_pegnitz,Lauf a.d. Pegnitz
laufamholzer_forst,Laufamholzer Forst
langenaltheim,Langenaltheim
laufach,Laufach
langenprozeltener_forst,Langenprozeltener Forst
langweid_a_lech,Langweid a. Lech
langenneufnach,Langenneufnach
langerringen,Langerringen
lauingen_donau,Lauingen (Donau)
laugna,Laugna
landensberg,Landensberg
lamerdingen,Lamerdingen
lauben,Lauben
lautrach,Lautrach
lauchhammer,Lauchhammer
lawitz,Lawitz
langewahl,Langewahl
lanz,Lanz
lalendorf,Lalendorf
laage,Laage
lambrechtshagen,Lambrechtshagen
lancken_granitz,Lancken-Granitz
lassan,Lassan
langen_brutz,Langen Brütz
lauter_bernsbach,Lauter-Bernsbach
langenbernsdorf,Langenbernsdorf
langenweissbach,Langenweißbach
lauta,Lauta
laussnitz,Laußnitz
lawalde,Lawalde
lampertswalde,Lampertswalde
laussig,Laußig
lanitz_hassel_tal,Lanitz-Hassel-Tal
laucha_an_der_unstrut,Laucha an der Unstrut
landsberg,Landsberg
langewiesen,Langewiesen
lauscha,Lauscha
laasdorf,Laasdorf
langenorla,Langenorla
lausnitz_b_neustadt_an_der_orla,Lausnitz b. Neustadt an der Orla
langenwolschendorf,Langenwolschendorf
langenwetzendorf,Langenwetzendorf
langenleuba_niederhain,Langenleuba-Niederhain
langeslund,Langeslund
lading,Lading
laurbjerg,Laurbjerg
langa,Langå
langenaes,Langenæs
langskov,Langskov
landet,Landet
langelund,Langelund
lango,Langø
laekvere,Laekvere
laheda,Laheda
laimjala,Laimjala
laeva,Laeva
lasva,Lasva
laroya,Laroya
laujar_de_andarax,Laujar de Andarax
lanjaron,Lanjarón
lanteira,Lanteira
larva,Larva
lantejuela_la,Lantejuela, La
labuerda,Labuerda
laluenga,Laluenga
lalueza,Lalueza
lanaja,Lanaja
laperdiguera,Laperdiguera
lascellas_ponzano,Lascellas-Ponzano
lascuarre,Lascuarre
laspaules,Laspaúles
laspuna,Laspuña
lagueruela,Lagueruela
lanzuela,Lanzuela
lagata,Lagata
langa_del_castillo,Langa del Castillo
layana,Layana
langreo,Langreo
laviana,Laviana
lamason,Lamasón
laredo,Laredo
lanzahita,Lanzahíta
laguna_dalga,Laguna Dalga
laguna_de_negrillos,Laguna de Negrillos
lagartos,Lagartos
lantadilla,Lantadilla
lagunilla,Lagunilla
larrodrigo,Larrodrigo
labajos,Labajos
laguna_de_contreras,Laguna de Contreras
languilla,Languilla
lastras_de_cuellar,Lastras de Cuéllar
lastras_del_pozo,Lastras del Pozo
lastrilla_la,Lastrilla, La
langa_de_duero,Langa de Duero
laguna_de_duero,Laguna de Duero
langayo,Langayo
labores_las,Labores, Las
laguna_del_marquesado,Laguna del Marquesado
lagunaseca,Lagunaseca
landete,Landete
lagartera,Lagartera
layos,Layos
lapa_la,Lapa, La
ladrillar,Ladrillar
laxe,Laxe
laracha,Laracha
larouco,Larouco
laza,Laza
lalin,Lalín
lama_a,Lama, A
lakuntza,Lakuntza
lana,Lana
lantz,Lantz
lapoblacion,Lapoblación
larraga,Larraga
larraona,Larraona
larraun,Larraun
lazagurria,Lazagurría
labastida,Labastida
lagran,Lagrán
laguardia,Laguardia
lanciego,Lanciego
lapuebla_de_labarca,Lapuebla de Labarca
lantaron,Lantarón
larraul,Larraul
lazkao,Lazkao
lasarte_oria,Lasarte-Oria
lanestosa,Lanestosa
larrabetzu,Larrabetzu
laukiz,Laukiz
laguna_de_cameros,Laguna de Cameros
lagunilla_del_jubera,Lagunilla del Jubera
lardero,Lardero
lapinjarvi_number_lapptrask,Lapinjärvi#Lappträsk
lahti_number_lahtis,Lahti#Lahtis
lappeenranta_number_villmanstrand,Lappeenranta#Villmanstrand
laitila,Laitila
lapinlahti,Lapinlahti
laukaa,Laukaa
lappajarvi,Lappajärvi
lapua_number_lappo,Lapua#Lappo
laihia_number_laihela,Laihia#Laihela
larsmo_number_luoto,Larsmo#Luoto
la_celle_sur_morin,La Celle-sur-Morin
la_ferte_sous_jouarre,La Ferté-sous-Jouarre
la_haute_maison,La Haute-Maison
la_rochette,La Rochette
la_brosse_montceaux,La Brosse-Montceaux
la_chapelle_gauthier,La Chapelle-Gauthier
la_chapelle_iger,La Chapelle-Iger
la_chapelle_rablais,La Chapelle-Rablais
la_chapelle_saint_sulpice,La Chapelle-Saint-Sulpice
la_chapelle_moutils,La Chapelle-Moutils
la_croix_en_brie,La Croix-en-Brie
la_ferte_gaucher,La Ferté-Gaucher
la_grande_paroisse,La Grande-Paroisse
la_houssaye_en_brie,La Houssaye-en-Brie
laval_en_brie,Laval-en-Brie
la_tombe,La Tombe
la_tretoire,La Trétoire
la_chapelle_la_reine,La Chapelle-la-Reine
la_genevraye,La Genevraye
larchant,Larchant
la_madeleine_sur_loing,La Madeleine-sur-Loing
lagny_sur_marne,Lagny-sur-Marne
la_falaise,La Falaise
la_hauteville,La Hauteville
lainville_en_vexin,Lainville-en-Vexin
la_villeneuve_en_chevrie,La Villeneuve-en-Chevrie
la_boissiere_ecole,La Boissière-École
la_celle_les_bordes,La Celle-les-Bordes
la_queue_les_yvelines,La Queue-les-Yvelines
la_verriere,La Verrière
la_celle_saint_cloud,La Celle-Saint-Cloud
la_ferte_alais,La Ferté-Alais
la_foret_le_roi,La Forêt-le-Roi
la_foret_sainte_croix,La Forêt-Sainte-Croix
lardy,Lardy
la_norville,La Norville
la_ville_du_bois,La Ville-du-Bois
la_garenne_colombes,La Garenne-Colombes
la_courneuve,La Courneuve
la_queue_en_brie,La Queue-en-Brie
la_frette_sur_seine,La Frette-sur-Seine
lassy,Lassy
la_chapelle_en_vexin,La Chapelle-en-Vexin
labbeville,Labbeville
la_roche_guyon,La Roche-Guyon
la_chapelle_montlinard,La Chapelle-Montlinard
la_chapelle_saint_ursin,La Chapelle-Saint-Ursin
la_chapelotte,La Chapelotte
lapan,Lapan
laverdines,Laverdines
la_celette,La Celette
la_celle,La Celle
la_celle_conde,La Celle-Condé
la_chapelle_hugon,La Chapelle-Hugon
la_groutte,La Groutte
la_guerche_sur_l_aubois,La Guerche-sur-l'Aubois
lantan,Lantan
la_perche,La Perche
la_chapelle_d_angillon,La Chapelle-d'Angillon
lazenay,Lazenay
la_bourdiniere_saint_loup,La Bourdinière-Saint-Loup
la_chapelle_d_aunainville,La Chapelle-d'Aunainville
landelles,Landelles
la_chapelle_du_noyer,La Chapelle-du-Noyer
lanneray,Lanneray
la_chapelle_forainvilliers,La Chapelle-Forainvilliers
la_chapelle_fortin,La Chapelle-Fortin
la_chaussee_d_ivry,La Chaussée-d'Ivry
la_ferte_vidame,La Ferté-Vidame
la_framboisiere,La Framboisière
lamblore,Lamblore
laons,Laons
la_manceliere,La Mancelière
la_puisaye,La Puisaye
la_saucelle,La Saucelle
la_bazoche_gouet,La Bazoche-Gouet
la_croix_du_perche,La Croix-du-Perche
la_gaudaine,La Gaudaine
la_loupe,La Loupe
la_chatre_langlin,La Châtre-Langlin
la_perouille,La Pérouille
la_chapelle_orthemale,La Chapelle-Orthemale
lange,Langé
la_vernelle,La Vernelle
la_berthenoux,La Berthenoux
la_buxerette,La Buxerette
la_chatre,La Châtre
lacs,Lacs
la_motte_feuilly,La Motte-Feuilly
la_champenoise,La Champenoise
la_chapelle_saint_laurian,La Chapelle-Saint-Laurian
la_chapelle_sur_loire,La Chapelle-sur-Loire
langeais,Langeais
la_roche_clermault,La Roche-Clermault
la_tour_saint_gelin,La Tour-Saint-Gelin
la_chapelle_aux_naux,La Chapelle-aux-Naux
larcay,Larçay
la_membrolle_sur_choisille,La Membrolle-sur-Choisille
la_riche,La Riche
la_ville_aux_dames,La Ville-aux-Dames
la_celle_guenand,La Celle-Guenand
la_celle_saint_avant,La Celle-Saint-Avant
la_chapelle_blanche_saint_martin,La Chapelle-Blanche-Saint-Martin
la_croix_en_touraine,La Croix-en-Touraine
la_guerche,La Guerche
la_chapelle_saint_martin_en_plaine,La Chapelle-Saint-Martin-en-Plaine
la_chapelle_vendomoise,La Chapelle-Vendômoise
la_chaussee_saint_victor,La Chaussée-Saint-Victor
la_ferte_saint_cyr,La Ferté-Saint-Cyr
lancome,Lancôme
landes_le_gaulois,Landes-le-Gaulois
la_madeleine_villefrouin,La Madeleine-Villefrouin
la_chapelle_encherie,La Chapelle-Enchérie
la_chapelle_vicomtesse,La Chapelle-Vicomtesse
la_fontenelle,La Fontenelle
lance,Lancé
lavardin,Lavardin
la_ville_aux_clercs,La Ville-aux-Clercs
la_chapelle_montmartin,La Chapelle-Montmartin
la_ferte_beauharnais,La Ferté-Beauharnais
la_ferte_imbault,La Ferté-Imbault
lamotte_beuvron,Lamotte-Beuvron
langon,Langon
lassay_sur_croisne,Lassay-sur-Croisne
la_marolle_en_sologne,La Marolle-en-Sologne
la_bussiere,La Bussière
la_chapelle_saint_sepulcre,La Chapelle-Saint-Sépulcre
la_chapelle_sur_aveyron,La Chapelle-sur-Aveyron
la_cour_marigny,La Cour-Marigny
ladon,Ladon
langesse,Langesse
la_selle_en_hermoy,La Selle-en-Hermoy
la_selle_sur_le_bied,La Selle-sur-le-Bied
la_chapelle_onzerain,La Chapelle-Onzerain
la_chapelle_saint_mesmin,La Chapelle-Saint-Mesmin
la_ferte_saint_aubin,La Ferté-Saint-Aubin
lailly_en_val,Lailly-en-Val
laas,Laas
la_neuville_sur_essonne,La Neuville-sur-Essonne
la_bussiere_sur_ouche,La Bussière-sur-Ouche
labergement_les_seurre,Labergement-lès-Seurre
labruyere,Labruyère
lacanche,Lacanche
lanthes,Lanthes
laperriere_sur_saone,Laperrière-sur-Saône
la_rochepot,La Rochepot
ladoix_serrigny,Ladoix-Serrigny
labergement_foigney,Labergement-Foigney
labergement_les_auxonne,Labergement-lès-Auxonne
lamarche_sur_saone,Lamarche-sur-Saône
lamargelle,Lamargelle
lantenay,Lantenay
la_chaume,La Chaume
lacour_d_arcenay,Lacour-d'Arcenay
laignes,Laignes
lantilly,Lantilly
larrey,Larrey
la_motte_ternant,La Motte-Ternant
la_roche_en_brenil,La Roche-en-Brenil
la_roche_vanneau,La Roche-Vanneau
la_villeneuve_les_convers,La Villeneuve-les-Convers
la_breteniere,La Bretenière
la_chevillotte,La Chevillotte
laissey,Laissey
lanans,Lanans
lantenne_vertiere,Lantenne-Vertière
larnod,Larnod
lavans_quingey,Lavans-Quingey
lavans_vuillafans,Lavans-Vuillafans
lavernay,Lavernay
la_tour_de_scay,La Tour-de-Sçay
la_veze,La Vèze
la_grange,La Grange
laire,Laire
lanthenans,Lanthenans
la_pretiere,La Prétière
la_bosse,La Bosse
la_chaux,La Chaux
la_chenalotte,La Chenalotte
la_cluse_et_mijoux,La Cluse-et-Mijoux
labergement_sainte_marie,Labergement-Sainte-Marie
landresse,Landresse
laval_le_prieure,Laval-le-Prieuré
laviron,Laviron
la_longeville,La Longeville
la_planee,La Planée
la_riviere_drugeon,La Rivière-Drugeon
la_sommette,La Sommette
la_barre,La Barre
la_chapelle_sur_furieuse,La Chapelle-sur-Furieuse
la_chatelaine,La Châtelaine
la_ferte,La Ferté
lavangeot,Lavangeot
lavans_les_dole,Lavans-lès-Dole
la_loye,La Loye
la_vieille_loye,La Vieille-Loye
la_chailleuse,La Chailleuse
la_balme_d_epy,La Balme-d'Épy
la_boissiere,La Boissière
la_charme,La Charme
la_chassagne,La Chassagne
la_chaux_en_bresse,La Chaux-en-Bresse
la_faviere,La Favière
la_frasnee,La Frasnée
ladoye_sur_seille,Ladoye-sur-Seille
largillay_marsonnay,Largillay-Marsonnay
larnaud,Larnaud
la_latette,La Latette
lavans_sur_valouse,Lavans-sur-Valouse
la_marre,La Marre
la_tour_du_meix,La Tour-du-Meix
la_chaumusse,La Chaumusse
la_chaux_du_dombief,La Chaux-du-Dombief
lac_des_rouges_truites,Lac-des-Rouges-Truites
lajoux,Lajoux
lamoura,Lamoura
larrivoire,Larrivoire
lavancia_epercy,Lavancia-Epercy
lavans_les_saint_claude,Lavans-lès-Saint-Claude
la_pesse,La Pesse
la_rixouse,La Rixouse
lanty,Lanty
larochemillay,Larochemillay
lavault_de_fretoy,Lavault-de-Frétoy
la_nocle_maulaix,La Nocle-Maulaix
la_chapelle_saint_andre,La Chapelle-Saint-André
la_collancelle,La Collancelle
la_maison_dieu,La Maison-Dieu
la_fermete,La Fermeté
lamenay_sur_loire,Lamenay-sur-Loire
langeron,Langeron
la_machine,La Machine
la_celle_sur_loire,La Celle-sur-Loire
la_celle_sur_nievre,La Celle-sur-Nièvre
la_charite_sur_loire,La Charité-sur-Loire
la_marche,La Marche
la_basse_vaivre,La Basse-Vaivre
la_chapelle_les_luxeuil,La Chapelle-lès-Luxeuil
la_corbiere,La Corbière
la_cote,La Côte
la_creuse,La Creuse
lantenot,Lantenot
la_lanterne_et_les_armonts,La Lanterne-et-les-Armonts
la_longine,La Longine
la_montagne,La Montagne
la_neuvelle_les_lure,La Neuvelle-lès-Lure
la_pisseure,La Pisseure
la_proiseliere_et_langle,La Proiselière-et-Langle
la_rosiere,La Rosière
la_vaivre,La Vaivre
la_vergenne,La Vergenne
la_villedieu_en_fontenette,La Villedieu-en-Fontenette
la_voivre,La Voivre
la_chapelle_saint_quillain,La Chapelle-Saint-Quillain
la_demie,La Demie
lambrey,Lambrey
larians_et_munans,Larians-et-Munans
larret,Larret
lavigney,Lavigney
lavoncourt,Lavoncourt
la_malachere,La Malachère
la_roche_morey,La Roche-Morey
la_neuvelle_les_scey,La Neuvelle-lès-Scey
la_romaine,La Romaine
la_quarte,La Quarte
la_grande_resie,La Grande-Résie
la_resie_saint_martin,La Résie-Saint-Martin
la_rochelle,La Rochelle
la_vernotte,La Vernotte
la_villeneuve_bellenoye_et_la_maize,La Villeneuve-Bellenoye-et-la-Maize
la_boulaye,La Boulaye
la_chapelle_sous_uchon,La Chapelle-sous-Uchon
la_comelle,La Comelle
la_grande_verriere,La Grande-Verrière
laizy,Laizy
la_petite_verriere,La Petite-Verrière
la_celle_en_morvan,La Celle-en-Morvan
la_tagniere,La Tagnière
la_chapelle_de_bragny,La Chapelle-de-Bragny
la_charmee,La Charmée
laives,Laives
lalheue,Lalheue
la_chapelle_au_mans,La Chapelle-au-Mans
la_chapelle_sous_dun,La Chapelle-sous-Dun
la_clayette,La Clayette
la_motte_saint_jean,La Motte-Saint-Jean
la_chapelle_naude,La Chapelle-Naude
la_chapelle_saint_sauveur,La Chapelle-Saint-Sauveur
la_chapelle_thecle,La Chapelle-Thècle
la_frette,La Frette
la_genete,La Genête
lays_sur_le_doubs,Lays-sur-le-Doubs
la_racineuse,La Racineuse
la_chapelle_de_guinchay,La Chapelle-de-Guinchay
la_chapelle_du_mont_de_france,La Chapelle-du-Mont-de-France
la_chapelle_sous_brancion,La Chapelle-sous-Brancion
la_guiche,La Guiche
lacrost,Lacrost
laize,Laizé
la_roche_vineuse,La Roche-Vineuse
la_salle,La Salle
la_truchere,La Truchère
la_vineuse_sur_fregande,La Vineuse sur Fregande
la_chapelle_vaupelteigne,La Chapelle-Vaupelteigne
la_ferte_loupiere,La Ferté-Loupière
lain,Lain
lainsecq,Lainsecq
lalande,Lalande
laroche_saint_cydroine,Laroche-Saint-Cydroine
lasson,Lasson
lavau,Lavau
la_belliole,La Belliole
la_celle_saint_cyr,La Celle-Saint-Cyr
la_chapelle_sur_oreuse,La Chapelle-sur-Oreuse
lailly,Lailly
la_postolle,La Postolle
lachapelle_sous_chaux,Lachapelle-sous-Chaux
lachapelle_sous_rougemont,Lachapelle-sous-Rougemont
lacollonge,Lacollonge
lagrange,Lagrange
lamadeleine_val_des_anges,Lamadeleine-Val-des-Anges
lariviere,Larivière
la_bazoque,La Bazoque
la_cambe,La Cambe
la_folie,La Folie
la_caine,La Caine
la_hoguette,La Hoguette
laize_clinchamps,Laize-Clinchamps
langrune_sur_mer,Langrune-sur-Mer
la_pommeraye,La Pommeraye
la_folletiere_abenon,La Folletière-Abenon
la_houblonniere,La Houblonnière
la_riviere_saint_sauveur,La Rivière-Saint-Sauveur
la_roque_baignard,La Roque-Baignard
la_vespiere_friardel,La Vespière-Friardel
landelles_et_coupigny,Landelles-et-Coupigny
landes_sur_ajon,Landes-sur-Ajon
la_villette,La Villette
la_haye_le_comte,La Haye-le-Comte
la_haye_malherbe,La Haye-Malherbe
la_heuniere,La Heunière
la_neuve_grange,La Neuve-Grange
la_roquette,La Roquette
la_chapelle_longueville,La Chapelle-Longueville
la_vacherie,La Vacherie
la_chapelle_bayvel,La Chapelle-Bayvel
la_chapelle_hareng,La Chapelle-Hareng
la_goulafriere,La Goulafrière
la_harengere,La Harengère
la_haye_aubree,La Haye-Aubrée
la_haye_de_calleville,La Haye-de-Calleville
la_haye_de_routot,La Haye-de-Routot
la_haye_du_theil,La Haye-du-Theil
la_haye_saint_sylvestre,La Haye-Saint-Sylvestre
la_houssaye,La Houssaye
la_lande_saint_leger,La Lande-Saint-Léger
launay,Launay
la_neuve_lyre,La Neuve-Lyre
la_neuville_du_bosc,La Neuville-du-Bosc
la_noe_poulain,La Noë-Poulain
la_poterie_mathieu,La Poterie-Mathieu
la_pyle,La Pyle
la_saussaye,La Saussaye
la_trinite_de_reville,La Trinité-de-Réville
la_trinite_de_thouberville,La Trinité-de-Thouberville
la_vieille_lyre,La Vieille-Lyre
la_bonneville_sur_iton,La Bonneville-sur-Iton
la_chapelle_du_bois_des_faulx,La Chapelle-du-Bois-des-Faulx
la_couture_boussey,La Couture-Boussey
la_croisille,La Croisille
la_ferriere_sur_risle,La Ferrière-sur-Risle
la_foret_du_parc,La Forêt-du-Parc
la_baronnie,La Baronnie
la_madeleine_de_nonancourt,La Madeleine-de-Nonancourt
la_trinite,La Trinité
la_chaise_baudouin,La Chaise-Baudouin
la_chapelle_cecelin,La Chapelle-Cécelin
la_chapelle_uree,La Chapelle-Urée
la_godefroy,La Godefroy
la_gohanniere,La Gohannière
la_haye_pesnel,La Haye-Pesnel
lapenty,Lapenty
la_lucerne_d_outremer,La Lucerne-d'Outremer
la_meurdraquiere,La Meurdraquière
la_mouche,La Mouche
la_hague,La Hague
la_bonneville,La Bonneville
la_haye_d_ectot,La Haye-d'Ectot
la_pernelle,La Pernelle
la_baleine,La Baleine
la_feuillie,La Feuillie
la_haye,La Haye
laulne,Laulne
la_ronde_haye,La Ronde-Haye
la_vendelee,La Vendelée
la_barre_de_semilly,La Barre-de-Semilly
la_bloutiere,La Bloutière
la_colombe,La Colombe
la_haye_bellefond,La Haye-Bellefond
lamberville,Lamberville
la_lande_d_airou,La Lande-d'Airou
la_luzerne,La Luzerne
la_meauffe,La Meauffe
la_belliere,La Bellière
la_chapelle_pres_sees,La Chapelle-près-Sées
la_ferriere_bechet,La Ferrière-Béchet
la_ferriere_bochard,La Ferrière-Bochard
lalacelle,Lalacelle
laleu,Laleu
la_lande_de_goult,La Lande-de-Goult
larre,Larré
la_motte_fouquet,La Motte-Fouquet
la_roche_mabile,La Roche-Mabile
la_chapelle_au_moine,La Chapelle-au-Moine
la_chapelle_biche,La Chapelle-Biche
la_coulonche,La Coulonche
la_ferriere_aux_etangs,La Ferrière-aux-Étangs
la_ferte_mace,La Ferté Macé
la_lande_de_louge,La Lande-de-Lougé
la_lande_patry,La Lande-Patry
la_lande_saint_simeon,La Lande-Saint-Siméon
landigou,Landigou
landisacq,Landisacq
la_selle_la_forge,La Selle-la-Forge
la_chapelle_montligeon,La Chapelle-Montligeon
la_chapelle_souef,La Chapelle-Souëf
la_chapelle_viel,La Chapelle-Viel
la_ferriere_au_doyen,La Ferrière-au-Doyen
la_ferte_en_ouche,La Ferté-en-Ouche
la_fresnaie_fayel,La Fresnaie-Fayel
la_genevraie,La Genevraie
la_gonfriere,La Gonfrière
la_madeleine_bouvet,La Madeleine-Bouvet
la_mesniere,La Mesnière
la_trinite_des_laitiers,La Trinité-des-Laitiers
la_ventrouze,La Ventrouze
la_chapelle_du_bourgay,La Chapelle-du-Bourgay
la_chapelle_saint_ouen,La Chapelle-Saint-Ouen
la_chapelle_sur_dun,La Chapelle-sur-Dun
la_chaussee,La Chaussée
la_crique,La Crique
la_ferte_saint_samson,La Ferté-Saint-Samson
la_fontelaye,La Fontelaye
la_gaillarde,La Gaillarde
la_hallotiere,La Hallotière
lammerville,Lammerville
landes_vieilles_et_neuves,Landes-Vieilles-et-Neuves
la_cerlangue,La Cerlangue
la_frenaye,La Frénaye
lanquetot,Lanquetot
la_poterie_cap_d_antifer,La Poterie-Cap-d'Antifer
la_remuee,La Remuée
la_trinite_du_mont,La Trinité-du-Mont
la_bouille,La Bouille
la_houssaye_beranger,La Houssaye-Béranger
la_londe,La Londe
la_neuville_chant_d_oisel,La Neuville-Chant-d'Oisel
la_rue_saint_pierre,La Rue-Saint-Pierre
la_vaupaliere,La Vaupalière
la_vieux_rue,La Vieux-Rue
la_chapelle_sur_chezy,La Chapelle-sur-Chézy
la_croix_sur_ourcq,La Croix-sur-Ourcq
latilly,Latilly
la_fere,La Fère
landricourt,Landricourt
laniscourt,Laniscourt
laon,Laon
lappion,Lappion
laval_en_laonnois,Laval-en-Laonnois
la_malmaison,La Malmaison
la_neuville_bosmont,La Neuville-Bosmont
la_neuville_en_beine,La Neuville-en-Beine
la_selve,La Selve
la_ville_aux_bois_les_pontavert,La Ville-aux-Bois-lès-Pontavert
la_ferte_chevresis,La Ferté-Chevresis
lanchy,Lanchy
la_ferte_milon,La Ferté-Milon
laffaux,Laffaux
largny_sur_automne,Largny-sur-Automne
launoy,Launoy
laversine,Laversine
la_bouteille,La Bouteille
la_capelle,La Capelle
la_flamengrie,La Flamengrie
la_herie,La Hérie
laigny,Laigny
landifay_et_bertaignemont,Landifay-et-Bertaignemont
landouzy_la_cour,Landouzy-la-Cour
landouzy_la_ville,Landouzy-la-Ville
lavaqueresse,Lavaqueresse
la_neuville_housset,La Neuville-Housset
la_neuville_les_dorengt,La Neuville-lès-Dorengt
la_vallee_au_ble,La Vallée-au-Blé
la_vallee_mulatre,La Vallée-Mulâtre
la_ville_aux_bois_les_dizy,La Ville-aux-Bois-lès-Dizy
landrecies,Landrecies
larouillies,Larouillies
la_longueville,La Longueville
la_groise,La Groise
lallaing,Lallaing
lambres_lez_douai,Lambres-lez-Douai
landas,Landas
lauwin_planque,Lauwin-Planque
la_gorgue,La Gorgue
la_bassee,La Bassée
la_chapelle_d_armentieres,La Chapelle-d'Armentières
lambersart,Lambersart
lannoy,Lannoy
la_madeleine,La Madeleine
la_neuville,La Neuville
la_sentinelle,La Sentinelle
la_drenne,La Drenne
la_houssoye,La Houssoye
laboissiere_en_thelle,Laboissière-en-Thelle
labosse,Labosse
lachapelle_aux_pots,Lachapelle-aux-Pots
lachapelle_saint_pierre,Lachapelle-Saint-Pierre
lachapelle_sous_gerberoy,Lachapelle-sous-Gerberoy
lachaussee_du_bois_d_ecu,Lachaussée-du-Bois-d'Écu
lafraye,Lafraye
lalande_en_son,Lalande-en-Son
lalandelle,Lalandelle
lannoy_cuillere,Lannoy-Cuillère
lattainville,Lattainville
lavacquerie,Lavacquerie
laverriere,Laverrière
laversines,Laversines
lavilletertre,Lavilletertre
la_neuville_garnier,La Neuville-Garnier
la_neuville_sur_oudeuil,La Neuville-sur-Oudeuil
la_neuville_vault,La Neuville-Vault
la_herelle,La Hérelle
laigneville,Laigneville
lamecourt,Lamécourt
la_neuville_en_hez,La Neuville-en-Hez
la_neuville_roy,La Neuville-Roy
la_neuville_saint_pierre,La Neuville-Saint-Pierre
laberliere,Laberlière
lachelle,Lachelle
lacroix_saint_ouen,Lacroix-Saint-Ouen
lagny,Lagny
larbroye,Larbroye
lassigny,Lassigny
lataule,Lataule
la_neuville_sur_ressons,La Neuville-sur-Ressons
la_chapelle_en_serval,La Chapelle-en-Serval
lagny_le_sec,Lagny-le-Sec
lamorlaye,Lamorlaye
la_villeneuve_sous_thury,La Villeneuve-sous-Thury
la_cauchie,La Cauchie
la_herliere,La Herlière
lagnicourt_marcel,Lagnicourt-Marcel
lattre_saint_quentin,Lattre-Saint-Quentin
la_thieuloye,La Thieuloye
la_comte,La Comté
la_couture,La Couture
labeuvriere,Labeuvrière
labourse,Labourse
lambres,Lambres
lapugnoy,Lapugnoy
laventie,Laventie
lacres,Lacres
landrethun_le_nord,Landrethun-le-Nord
la_capelle_les_boulogne,La Capelle-lès-Boulogne
la_calotterie,La Calotterie
labroye,Labroye
la_loge,La Loge
la_madelaine_sous_montreuil,La Madelaine-sous-Montreuil
laires,Laires
landrethun_les_ardres,Landrethun-lès-Ardres
lamotte_buleux,Lamotte-Buleux
lancheres,Lanchères
la_chaussee_tirancourt,La Chaussée-Tirancourt
lachapelle,Lachapelle
lafresguimont_saint_martin,Lafresguimont-Saint-Martin
lahoussoye,Lahoussoye
lamaronde,Lamaronde
lamotte_brebiere,Lamotte-Brebière
lamotte_warfusee,Lamotte-Warfusée
lanches_saint_hilaire,Lanches-Saint-Hilaire
la_vicogne,La Vicogne
la_faloise,La Faloise
laboissiere_en_santerre,Laboissière-en-Santerre
laucourt,Laucourt
lawarde_mauger_l_hortoy,Lawarde-Mauger-l'Hortoy
la_neuville_sire_bernard,La Neuville-Sire-Bernard
la_chavatte,La Chavatte
languevoisin_quiquery,Languevoisin-Quiquery
lavieville,Laviéville
la_neuville_les_bray,La Neuville-lès-Bray
la_feree,La Férée
la_francheville,La Francheville
la_grandville,La Grandville
la_horgne,La Horgne
laifour,Laifour
lalobbe,Lalobbe
landrichamps,Landrichamps
launois_sur_vence,Launois-sur-Vence
laval_morency,Laval-Morency
la_neuville_aux_joutes,La Neuville-aux-Joûtes
la_neuville_en_tourne_a_fuy,La Neuville-en-Tourne-à-Fuy
la_neuville_les_wasigny,La Neuville-lès-Wasigny
la_romagne,La Romagne
la_besace,La Besace
la_chapelle,La Chapelle
la_ferte_sur_chiers,La Ferté-sur-Chiers
la_moncelle,La Moncelle
la_neuville_a_maire,La Neuville-à-Maire
la_berliere,La Berlière
la_croix_aux_bois,La Croix-aux-Bois
lametz,Lametz
lancon,Lançon
landres_et_saint_georges,Landres-et-Saint-Georges
la_sabotterie,La Sabotterie
la_chaise,La Chaise
lassicourt,Lassicourt
la_loge_aux_chevres,La Loge-aux-Chèvres
la_rothiere,La Rothière
la_ville_aux_bois,La Ville-aux-Bois
la_villeneuve_au_chene,La Villeneuve-au-Chêne
la_fosse_corduan,La Fosse-Corduan
la_louptiere_thenard,La Louptière-Thénard
la_motte_tilly,La Motte-Tilly
la_saulsotte,La Saulsotte
la_villeneuve_au_chatelot,La Villeneuve-au-Châtelot
la_chapelle_saint_luc,La Chapelle-Saint-Luc
lagesse,Lagesse
laines_aux_bois,Laines-aux-Bois
landreville,Landreville
lantages,Lantages
laubressel,Laubressel
la_loge_pomblin,La Loge-Pomblin
la_riviere_de_corps,La Rivière-de-Corps
la_vendue_mignot,La Vendue-Mignot
la_cheppe,La Cheppe
la_veuve,La Veuve
la_caure,La Caure
la_celle_sous_chantemerle,La Celle-sous-Chantemerle
la_chapelle_lasson,La Chapelle-Lasson
la_chapelle_sous_orbais,La Chapelle-sous-Orbais
la_forestiere,La Forestière
lachy,Lachy
la_noue,La Noue
la_villeneuve_les_charleville,La Villeneuve-lès-Charleville
la_ville_sous_orbais,La Ville-sous-Orbais
lagery,Lagery
lavannes,Lavannes
la_neuville_aux_larris,La Neuville-aux-Larris
la_chaussee_sur_marne,La Chaussée-sur-Marne
larzicourt,Larzicourt
la_chapelle_felcourt,La Chapelle-Felcourt
la_croix_en_champagne,La Croix-en-Champagne
laval_sur_tourbe,Laval-sur-Tourbe
la_neuville_aux_bois,La Neuville-aux-Bois
la_neuville_au_pont,La Neuville-au-Pont
la_genevroye,La Genevroye
lachapelle_en_blaisy,Lachapelle-en-Blaisy
lafauche,Lafauche
laferte_sur_aube,Laferté-sur-Aube
lamancine,Lamancine
lanques_sur_rognon,Lanques-sur-Rognon
lanty_sur_aube,Lanty-sur-Aube
latrecey_ormoy_sur_aube,Latrecey-Ormoy-sur-Aube
laville_aux_bois,Laville-aux-Bois
lavilleneuve_au_roi,Lavilleneuve-au-Roi
laferte_sur_amance,Laferté-sur-Amance
laneuvelle,Laneuvelle
langres,Langres
lariviere_arnoncourt,Larivière-Arnoncourt
lavernoy,Lavernoy
lavilleneuve,Lavilleneuve
laneuville_a_remy,Laneuville-à-Rémy
laneuville_au_pont,Laneuville-au-Pont
la_porte_du_der,La Porte du Der
labry,Labry
laix,Laix
landres,Landres
lantefontaine,Lantéfontaine
lamath,Lamath
landecourt,Landécourt
laneuveville_aux_bois,Laneuveville-aux-Bois
laronxe,Laronxe
laitre_sous_amance,Laître-sous-Amance
laloeuf,Lalœuf
landremont,Landremont
laneuvelotte,Laneuvelotte
laneuveville_devant_bayon,Laneuveville-devant-Bayon
laneuveville_devant_nancy,Laneuveville-devant-Nancy
lanfroicourt,Lanfroicourt
laxou,Laxou
lay_saint_christophe,Lay-Saint-Christophe
lagney,Lagney
laneuveville_derriere_foug,Laneuveville-derrière-Foug
lay_saint_remy,Lay-Saint-Remy
laheycourt,Laheycourt
laimont,Laimont
lavincourt,Lavincourt
lavoye,Lavoye
lachaussee,Lachaussée
lacroix_sur_meuse,Lacroix-sur-Meuse
lahaymeix,Lahaymeix
lahayville,Lahayville
lamorville,Lamorville
laneuville_au_rupt,Laneuville-au-Rupt
lavallee,Lavallée
labeuville,Labeuville
lachalade,Lachalade
lamouilly,Lamouilly
landrecourt_lempire,Landrecourt-Lempire
laneuville_sur_meuse,Laneuville-sur-Meuse
lanheres,Lanhères
latour_en_woevre,Latour-en-Woëvre
lachambre,Lachambre
landroff,Landroff
laning,Laning
laudrefang,Laudrefang
lafrimbolle,Lafrimbolle
lagarde,Lagarde
landange,Landange
laneuveville_les_lorquin,Laneuveville-lès-Lorquin
laneuveville_en_saulnois,Laneuveville-en-Saulnois
langatte,Langatte
languimberg,Languimberg
laumesfeld,Laumesfeld
launstroff,Launstroff
laquenexy,Laquenexy
la_maxe,La Maxe
lampertsloch,Lampertsloch
langensoultzbach,Langensoultzbach
lauterbourg,Lauterbourg
la_broque,La Broque
landersheim,Landersheim
la_petite_pierre,La Petite-Pierre
lalaye,Lalaye
la_vancelle,La Vancelle
la_wantzenau,La Wantzenau
largitzen,Largitzen
labaroche,Labaroche
lapoutroie,Lapoutroie
landser,Landser
lautenbachzell,Lautenbachzell
lauw,Lauw
la_baffe,La Baffe
la_voge_les_bains,La Vôge-les-Bains
la_bresse,La Bresse
la_chapelle_aux_bois,La Chapelle-aux-Bois
la_forge,La Forge
langley,Langley
laval_sur_vologne,Laval-sur-Vologne
laveline_devant_bruyeres,Laveline-devant-Bruyères
laveline_du_houx,Laveline-du-Houx
la_neuveville_devant_lepanges,La Neuveville-devant-Lépanges
lamarche,Lamarche
landaville,Landaville
la_neuveville_sous_chatenois,La Neuveville-sous-Châtenois
la_neuveville_sous_montfort,La Neuveville-sous-Montfort
la_vacheresse_et_la_rouillie,La Vacheresse-et-la-Rouillie
la_bourgonce,La Bourgonce
la_chapelle_devant_bruyeres,La Chapelle-devant-Bruyères
la_croix_aux_mines,La Croix-aux-Mines
la_grande_fosse,La Grande-Fosse
la_houssiere,La Houssière
la_petite_fosse,La Petite-Fosse
la_petite_raon,La Petite-Raon
la_boissiere_du_dore,La Boissière-du-Doré
la_chapelle_heulin,La Chapelle-Heulin
la_chapelle_sur_erdre,La Chapelle-sur-Erdre
la_chevroliere,La Chevrolière
la_haie_fouassiere,La Haie-Fouassière
la_limouziniere,La Limouzinière
la_marne,La Marne
la_planche,La Planche
la_regrippiere,La Regrippière
la_remaudiere,La Remaudière
la_bernerie_en_retz,La Bernerie-en-Retz
la_chapelle_des_marais,La Chapelle-des-Marais
la_chapelle_launay,La Chapelle-Launay
la_baule_escoublac,La Baule-Escoublac
lavau_sur_loire,Lavau-sur-Loire
la_plaine_sur_mer,La Plaine-sur-Mer
la_turballe,La Turballe
la_chapelle_glain,La Chapelle-Glain
la_meilleraye_de_bretagne,La Meilleraye-de-Bretagne
la_chevallerais,La Chevallerais
la_roche_blanche,La Roche-Blanche
la_grigonnais,La Grigonnais
la_chapelle_saint_laud,La Chapelle-Saint-Laud
la_possonniere,La Possonnière
la_plaine,La Plaine
la_seguiniere,La Séguinière
la_tessoualle,La Tessoualle
la_breille_les_pins,La Breille-les-Pins
la_lande_chasles,La Lande-Chasles
la_menitre,La Ménitré
la_pellerine,La Pellerine
la_jaille_yvon,La Jaille-Yvon
la_bazouge_de_chemere,La Bazouge-de-Chemeré
la_chapelle_craonnaise,La Chapelle-Craonnaise
la_cropte,La Cropte
laigne,Laigné
laubrieres,Laubrières
la_roe,La Roë
la_rouaudiere,La Rouaudière
la_selle_craonnaise,La Selle-Craonnaise
la_brulatte,La Brûlatte
la_chapelle_anthenaise,La Chapelle-Anthenaise
la_gravelle,La Gravelle
launay_villiers,Launay-Villiers
laval,Laval
la_baconniere,La Baconnière
la_bazoge_montpincon,La Bazoge-Montpinçon
la_bazouge_des_alleux,La Bazouge-des-Alleux
la_bigottiere,La Bigottière
la_chapelle_au_riboul,La Chapelle-au-Riboul
la_chapelle_rainsouin,La Chapelle-Rainsouin
la_croixille,La Croixille
la_doree,La Dorée
la_haie_traversaine,La Haie-Traversaine
landivy,Landivy
larchamp,Larchamp
lassay_les_chateaux,Lassay-les-Châteaux
la_pallu,La Pallu
la_bruere_sur_loir,La Bruère-sur-Loir
la_chapelle_aux_choux,La Chapelle-aux-Choux
la_chapelle_d_aligne,La Chapelle-d'Aligné
la_chartre_sur_le_loir,La Chartre-sur-le-Loir
la_fontaine_saint_martin,La Fontaine-Saint-Martin
la_fleche,La Flèche
lavernat,Lavernat
la_suze_sur_sarthe,La Suze-sur-Sarthe
la_chapelle_du_bois,La Chapelle-du-Bois
la_chapelle_huon,La Chapelle-Huon
la_chapelle_saint_fray,La Chapelle-Saint-Fray
la_chapelle_saint_remy,La Chapelle-Saint-Rémy
la_ferte_bernard,La Ferté-Bernard
lamnay,Lamnay
lavare,Lavaré
la_quinte,La Quinte
la_bazoge,La Bazoge
la_chapelle_saint_aubin,La Chapelle-Saint-Aubin
la_guierche,La Guierche
laigne_en_belin,Laigné-en-Belin
la_milesse,La Milesse
la_bretonniere_la_claye,La Bretonnière-la-Claye
la_caillere_saint_hilaire,La Caillère-Saint-Hilaire
la_chapelle_aux_lys,La Chapelle-aux-Lys
la_chapelle_themer,La Chapelle-Thémer
la_chataigneraie,La Châtaigneraie
la_jaudonniere,La Jaudonnière
lairoux,Lairoux
la_meilleraie_tillay,La Meilleraie-Tillay
la_reorthe,La Réorthe
la_taillee,La Taillée
la_tardiere,La Tardière
la_bernardiere,La Bernardière
la_boissiere_de_montaigu,La Boissière-de-Montaigu
la_bruffiere,La Bruffière
la_chaize_le_vicomte,La Chaize-le-Vicomte
la_copechagniere,La Copechagnière
la_gaubretiere,La Gaubretière
la_genetouze,La Génétouze
la_guyonniere,La Guyonnière
la_merlatiere,La Merlatière
la_rabateliere,La Rabatelière
la_roche_sur_yon,La Roche-sur-Yon
la_verrie,La Verrie
la_barre_de_monts,La Barre-de-Monts
la_boissiere_des_landes,La Boissière-des-Landes
la_chaize_giraud,La Chaize-Giraud
la_chapelle_hermier,La Chapelle-Hermier
la_chapelle_palluau,La Chapelle-Palluau
la_garnache,La Garnache
la_gueriniere,La Guérinière
la_jonchere,La Jonchère
landeronde,Landeronde
landevieille,Landevieille
la_tranche_sur_mer,La Tranche-sur-Mer
la_faute_sur_mer,La Faute-sur-Mer
la_chapelle_blanche,La Chapelle-Blanche
lancieux,Lancieux
landebia,Landébia
la_landec,La Landec
langrolay_sur_rance,Langrolay-sur-Rance
languedias,Languédias
languenan,Languenan
lanvallay,Lanvallay
la_vicomte_sur_rance,La Vicomté-sur-Rance
la_chapelle_neuve,La Chapelle-Neuve
landebaeron,Landebaëron
lanleff,Lanleff
lanloup,Lanloup
lannebert,Lannebert
lanrivain,Lanrivain
lanrodec,Lanrodec
lanvollon,Lanvollon
langoat,Langoat
lanmerin,Lanmérin
lanmodez,Lanmodez
lannion,Lannion
lanvellec,Lanvellec
la_roche_derrien,La Roche-Derrien
la_bouillie,La Bouillie
la_cheze,La Chèze
la_harmoye,La Harmoye
lamballe,Lamballe
landehen,Landéhen
lanfains,Lanfains
langast,Langast
langueux,Langueux
lanrelas,Lanrelas
lantic,Lantic
laurenan,Laurenan
la_malhoure,La Malhoure
la_meaugon,La Méaugon
la_motte,La Motte
la_prenessaye,La Prénessaye
la_forest_landerneau,La Forest-Landerneau
lampaul_plouarzel,Lampaul-Plouarzel
lampaul_ploudalmezeau,Lampaul-Ploudalmézeau
lanarvily,Lanarvily
landeda,Landéda
landerneau,Landerneau
landunvez,Landunvez
lanildut,Lanildut
lanneuffret,Lanneuffret
lannilis,Lannilis
lanrivoare,Lanrivoaré
la_martyre,La Martyre
la_roche_maurice,La Roche-Maurice
la_feuillee,La Feuillée
landeleau,Landeleau
landevennec,Landévennec
lannedern,Lannédern
lanveoc,Lanvéoc
laz,Laz
lampaul_guimiliau,Lampaul-Guimiliau
landivisiau,Landivisiau
lanhouarneau,Lanhouarneau
lanmeur,Lanmeur
lanneanou,Lannéanou
la_foret_fouesnant,La Forêt-Fouesnant
landrevarzec,Landrévarzec
landudal,Landudal
landudec,Landudec
langolen,Langolen
la_bazouge_du_desert,La Bazouge-du-Désert
la_chapelle_erbree,La Chapelle-Erbrée
la_chapelle_janson,La Chapelle-Janson
la_chapelle_saint_aubert,La Chapelle-Saint-Aubert
la_guerche_de_bretagne,La Guerche-de-Bretagne
laignelet,Laignelet
landavran,Landavran
landean,Landéan
la_selle_en_luitre,La Selle-en-Luitré
la_selle_guerchaise,La Selle-Guerchaise
la_bosse_de_bretagne,La Bosse-de-Bretagne
la_chapelle_bouexic,La Chapelle-Bouëxic
la_chapelle_de_brain,La Chapelle-de-Brain
la_couyere,La Couyère
la_dominelais,La Dominelais
lalleu,Lalleu
la_noe_blanche,La Noë-Blanche
la_bouexiere,La Bouëxière
la_chapelle_chaussee,La Chapelle-Chaussée
la_chapelle_des_fougeretz,La Chapelle-des-Fougeretz
la_chapelle_du_lou_du_lac,La Chapelle du Lou du Lac
la_chapelle_thouarault,La Chapelle-Thouarault
laille,Laillé
landujan,Landujan
langan,Langan
langouet,Langouet
la_meziere,La Mézière
la_nouaye,La Nouaye
la_baussaine,La Baussaine
la_boussac,La Boussac
la_chapelle_aux_filtzmeens,La Chapelle-aux-Filtzméens
la_fresnais,La Fresnais
la_gouesniere,La Gouesnière
lanhelin,Lanhélin
lanrigan,Lanrigan
la_richardais,La Richardais
la_ville_es_nonais,La Ville-ès-Nonais
landaul,Landaul
landevant,Landévant
lanester,Lanester
languidic,Languidic
lanvaudan,Lanvaudan
larmor_plage,Larmor-Plage
la_trinite_sur_mer,La Trinité-sur-Mer
la_croix_hellean,La Croix-Helléan
la_gree_saint_laurent,La Grée-Saint-Laurent
langoelan,Langoëlan
langonnet,Langonnet
lanouee,Lanouée
lantillac,Lantillac
lanvenegen,Lanvénégen
la_trinite_porhoet,La Trinité-Porhoët
la_gacilly,La Gacilly
larmor_baden,Larmor-Baden
lauzach,Lauzach
la_roche_bernard,La Roche-Bernard
la_trinite_surzur,La Trinité-Surzur
la_vraie_croix,La Vraie-Croix
la_couronne,La Couronne
laprade,Laprade
la_rochefoucauld,La Rochefoucauld
lachaise,Lachaise
ladiville,Ladiville
lagarde_sur_le_ne,Lagarde-sur-le-Né
la_chevrerie,La Chèvrerie
la_faye,La Faye
la_foret_de_tesse,La Forêt-de-Tessé
la_magdeleine,La Magdeleine
la_peruse,La Péruse
la_tache,La Tâche
la_barde,La Barde
la_clotte,La Clotte
la_gripperie_saint_symphorien,La Gripperie-Saint-Symphorien
landrais,Landrais
la_tremblade,La Tremblade
la_bree_les_bains,La Brée-les-Bains
la_couarde_sur_mer,La Couarde-sur-Mer
la_flotte,La Flotte
la_greve_sur_mignon,La Grève-sur-Mignon
la_jarne,La Jarne
la_jarrie,La Jarrie
lagord,Lagord
la_laigne,La Laigne
la_ronde,La Ronde
la_chapelle_des_pots,La Chapelle-des-Pots
la_clisse,La Clisse
la_jard,La Jard
la_vallee,La Vallée
la_brousse,La Brousse
la_croix_comtesse,La Croix-Comtesse
la_frediere,La Frédière
la_jarrie_audouin,La Jarrie-Audouin
landes,Landes
la_vergne,La Vergne
la_villedieu,La Villedieu
la_chapelle_aux_brocs,La Chapelle-aux-Brocs
la_chapelle_aux_saints,La Chapelle-aux-Saints
lagleygeolle,Lagleygeolle
lanteuil,Lanteuil
larche,Larche
lascaux,Lascaux
la_chapelle_saint_geraud,La Chapelle-Saint-Géraud
lacelle,Lacelle
ladignac_sur_rondelles,Ladignac-sur-Rondelles
lagarde_enval,Lagarde-Enval
lagrauliere,Lagraulière
laguenne,Laguenne
lamongerie,Lamongerie
la_roche_canillac,La Roche-Canillac
lafage_sur_sombre,Lafage-sur-Sombre
lamaziere_basse,Lamazière-Basse
lamaziere_haute,Lamazière-Haute
lapleau,Lapleau
laroche_pres_feyt,Laroche-près-Feyt
latronche,Latronche
laval_sur_luzege,Laval-sur-Luzège
la_chaussade,La Chaussade
la_courtine,La Courtine
lavaveix_les_mines,Lavaveix-les-Mines
la_maziere_aux_bons_hommes,La Mazière-aux-Bons-Hommes
la_nouaille,La Nouaille
la_serre_bussiere_vieille,La Serre-Bussière-Vieille
la_villeneuve,La Villeneuve
la_villetelle,La Villetelle
la_brionne,La Brionne
la_celle_dunoise,La Celle-Dunoise
la_celle_sous_gouzon,La Celle-sous-Gouzon
la_cellette,La Cellette
la_chapelle_baloue,La Chapelle-Baloue
la_chapelle_saint_martial,La Chapelle-Saint-Martial
la_chapelle_taillefert,La Chapelle-Taillefert
la_foret_du_temple,La Forêt-du-Temple
ladapeyre,Ladapeyre
lafat,Lafat
lavaufranche,Lavaufranche
la_pouge,La Pouge
la_sauniere,La Saunière
la_souterraine,La Souterraine
la_force,La Force
lalinde,Lalinde
lamonzie_montastruc,Lamonzie-Montastruc
lamonzie_saint_martin,Lamonzie-Saint-Martin
lamothe_montravel,Lamothe-Montravel
lanquais,Lanquais
lavalade,Lavalade
la_chapelle_faucher,La Chapelle-Faucher
la_chapelle_montmoreau,La Chapelle-Montmoreau
la_coquille,La Coquille
la_gonterie_boulouneix,La Gonterie-Boulouneix
lanouaille,Lanouaille
la_rochebeaucourt_et_argentine,La Rochebeaucourt-et-Argentine
la_chapelle_gonaguet,La Chapelle-Gonaguet
la_chapelle_gresignac,La Chapelle-Grésignac
la_chapelle_montabourlet,La Chapelle-Montabourlet
la_douze,La Douze
la_jemaye_ponteyraud,La Jemaye-Ponteyraud
lacropte,Lacropte
laveyssiere,Laveyssière
la_roche_chalais,La Roche-Chalais
la_tour_blanche_cercles,La Tour-Blanche-Cercles
la_bachellerie,La Bachellerie
la_cassagne,La Cassagne
la_chapelle_aubareil,La Chapelle-Aubareil
la_chapelle_saint_jean,La Chapelle-Saint-Jean
la_dornac,La Dornac
la_feuillade,La Feuillade
larzac,Larzac
lavaur,Lavaur
la_roque_gageac,La Roque-Gageac
lansac,Lansac
laruscade,Laruscade
la_brede,La Brède
latresne,Latresne
la_sauve,La Sauve
labescau,Labescau
ladaux,Ladaux
lados,Lados
lamothe_landerron,Lamothe-Landerron
landerrouat,Landerrouat
landerrouet_sur_segur,Landerrouet-sur-Ségur
landiras,Landiras
langoiran,Langoiran
laroque,Laroque
lartigue,Lartigue
lavazan,Lavazan
la_reole,La Réole
labarde,Labarde
lacanau,Lacanau
lamarque,Lamarque
lagorce,Lagorce
la_lande_de_fronsac,La Lande-de-Fronsac
lalande_de_pomerol,Lalande-de-Pomerol
lapouyade,Lapouyade
la_riviere,La Rivière
la_roquille,La Roquille
lanton,Lanton
la_teste_de_buch,La Teste-de-Buch
labatut,Labatut
labenne,Labenne
lahosse,Lahosse
laluque,Laluque
lamothe,Lamothe
larbey,Larbey
laurede,Laurède
labastide_chalosse,Labastide-Chalosse
labastide_d_armagnac,Labastide-d'Armagnac
labouheyre,Labouheyre
labrit,Labrit
lacajunte,Lacajunte
lacquy,Lacquy
lacrabe,Lacrabe
laglorieuse,Laglorieuse
larriviere_saint_savin,Larrivière-Saint-Savin
latrille,Latrille
lauret,Lauret
la_croix_blanche,La Croix-Blanche
lacepede,Lacépède
lafox,Lafox
lagarrigue,Lagarrigue
laplume,Laplume
laroque_timbaut,Laroque-Timbaut
laugnac,Laugnac
layrac,Layrac
la_sauvetat_de_saveres,La Sauvetat-de-Savères
labastide_castel_amouroux,Labastide-Castel-Amouroux
labretonie,Labretonie
lafitte_sur_lot,Lafitte-sur-Lot
lagruere,Lagruère
lagupie,Lagupie
laparade,Laparade
laperche,Laperche
lauzun,Lauzun
lavergne,Lavergne
la_sauvetat_du_dropt,La Sauvetat-du-Dropt
lacapelle_biron,Lacapelle-Biron
lacaussade,Lacaussade
lalandusse,Lalandusse
laussou,Laussou
la_sauvetat_sur_lede,La Sauvetat-sur-Lède
lamontjoie,Lamontjoie
lannes,Lannes
lasserre,Lasserre
lavardac,Lavardac
la_reunion,La Réunion
la_bastide_clairence,La Bastide-Clairence
labets_biscay,Labets-Biscay
lacarre,Lacarre
lahonce,Lahonce
lantabat,Lantabat
larceveau_arros_cibits,Larceveau-Arros-Cibits
larressore,Larressore
larribar_sorhapuru,Larribar-Sorhapuru
lasse,Lasse
labastide_villefranche,Labastide-Villefranche
lacarry_arhan_charritte_de_haut,Lacarry-Arhan-Charritte-de-Haut
laguinge_restoue,Laguinge-Restoue
lahontan,Lahontan
lanne_en_baretous,Lanne-en-Barétous
larrau,Larrau
laruns,Laruns
lasseube,Lasseube
lasseubetat,Lasseubetat
lay_lamidou,Lay-Lamidou
laa_mondrans,Laà-Mondrans
labastide_cezeracq,Labastide-Cézéracq
labastide_monrejeau,Labastide-Monréjeau
labatmale,Labatmale
labeyrie,Labeyrie
lacadee,Lacadée
lacommande,Lacommande
lacq,Lacq
lagor,Lagor
lagos,Lagos
lahourcade,Lahourcade
lalongue,Lalongue
lalonquette,Lalonquette
lamayou,Lamayou
lannecaube,Lannecaube
lanneplaa,Lanneplaà
laroin,Laroin
larreule,Larreule
lasclaveries,Lasclaveries
la_foret_sur_sevre,La Forêt-sur-Sèvre
la_petite_boissiere,La Petite-Boissière
la_bataille,La Bataille
la_creche,La Crèche
la_chapelle_baton,La Chapelle-Bâton
la_chapelle_pouilloux,La Chapelle-Pouilloux
la_chapelle_thireuil,La Chapelle-Thireuil
la_couarde,La Couarde
la_foye_monjault,La Foye-Monjault
la_mothe_saint_heray,La Mothe-Saint-Héray
la_rochenard,La Rochénard
la_boissiere_en_gatine,La Boissière-en-Gâtine
la_chapelle_bertrand,La Chapelle-Bertrand
la_chapelle_saint_etienne,La Chapelle-Saint-Étienne
la_chapelle_saint_laurent,La Chapelle-Saint-Laurent
la_ferriere_en_parthenay,La Ferrière-en-Parthenay
lageon,Lageon
largeasse,Largeasse
la_peyratte,La Peyratte
la_roche_rigault,La Roche-Rigault
la_grimaudiere,La Grimaudière
la_roche_posay,La Roche-Posay
la_ferriere_airoux,La Ferrière-Airoux
lathus_saint_remy,Lathus-Saint-Rémy
lauthiers,Lauthiers
la_trimouille,La Trimouille
la_chapelle_montreuil,La Chapelle-Montreuil
la_chapelle_mouliere,La Chapelle-Moulière
latille,Latillé
lavausseau,Lavausseau
lavoux,Lavoux
la_puye,La Puye
la_villedieu_du_clain,La Villedieu-du-Clain
la_bazeuge,La Bazeuge
la_croix_sur_gartempe,La Croix-sur-Gartempe
la_croisille_sur_briance,La Croisille-sur-Briance
la_geneytouse,La Geneytouse
la_jonchere_saint_maurice,La Jonchère-Saint-Maurice
ladignac_le_long,Ladignac-le-Long
lauriere,Laurière
lavignac,Lavignac
la_meyze,La Meyze
la_porcherie,La Porcherie
la_roche_l_abeille,La Roche-l'Abeille
la_chapelle_montbrandeix,La Chapelle-Montbrandeix
lapege,Lapège
larcat,Larcat
larnat,Larnat
lassur,Lassur
la_bastide_de_bousignac,La Bastide-de-Bousignac
la_bastide_de_lordat,La Bastide-de-Lordat
la_bastide_sur_l_hers,La Bastide-sur-l'Hers
lapenne,Lapenne
laroque_d_olmes,Laroque-d'Olmes
lavelanet,Lavelanet
la_tour_du_crieu,La Tour-du-Crieu
la_bastide_de_besplas,La Bastide-de-Besplas
la_bastide_du_salat,La Bastide-du-Salat
la_bastide_de_serou,La Bastide-de-Sérou
lacave,Lacave
lacourt,Lacourt
lanoux,Lanoux
larbont,Larbont
la_cassaigne,La Cassaigne
labastide_d_anjou,Labastide-d'Anjou
labastide_en_val,Labastide-en-Val
labastide_esparbairenque,Labastide-Esparbairenque
labecede_lauragais,Labécède-Lauragais
lacombe,Lacombe
lafage,Lafage
la_redorte,La Redorte
lasbordes,Lasbordes
lasserre_de_prouille,Lasserre-de-Prouille
lastours,Lastours
laurabuc,Laurabuc
laurac,Laurac
laure_minervois,Laure-Minervois
lavalette,Lavalette
la_louviere_lauragais,La Louvière-Lauragais
la_pomarede,La Pomarède
la_tourette_cabardes,La Tourette-Cabardès
la_bezole,La Bezole
la_courtete,La Courtète
la_digne_d_amont,La Digne-d'Amont
la_digne_d_aval,La Digne-d'Aval
la_fajolle,La Fajolle
ladern_sur_lauquet,Ladern-sur-Lauquet
lauraguel,Lauraguel
la_serpent,La Serpent
lagrasse,Lagrasse
lairiere,Lairière
lanet,Lanet
la_palme,La Palme
laroque_de_fa,Laroque-de-Fa
la_bastide_pradines,La Bastide-Pradines
la_bastide_solages,La Bastide-Solages
la_cavalerie,La Cavalerie
la_couvertoirade,La Couvertoirade
la_cresse,La Cresse
lapanouse_de_cernon,Lapanouse-de-Cernon
laval_roqueceziere,Laval-Roquecezière
la_roque_sainte_marguerite,La Roque-Sainte-Marguerite
la_serre,La Serre
la_capelle_bonance,La Capelle-Bonance
lacroix_barrez,Lacroix-Barrez
laguiole,Laguiole
laissac_severac_l_eglise,Laissac-Sévérac l'Église
lassouts,Lassouts
la_loubiere,La Loubière
la_capelle_balaguier,La Capelle-Balaguier
la_capelle_bleys,La Capelle-Bleys
la_fouillade,La Fouillade
lanuejouls,Lanuéjouls
la_rouquette,La Rouquette
la_salvetat_peyrales,La Salvetat-Peyralès
la_grand_combe,La Grand-Combe
lamelouze,Lamelouze
laval_pradel,Laval-Pradel
la_vernarede,La Vernarède
la_bastide_d_engras,La Bastide-d'Engras
la_bruguiere,La Bruguière
la_calmette,La Calmette
la_capelle_et_masmolene,La Capelle-et-Masmolène
langlade,Langlade
laudun_l_ardoise,Laudun-l'Ardoise
laval_saint_roman,Laval-Saint-Roman
la_roque_sur_ceze,La Roque-sur-Cèze
la_rouviere,La Rouvière
la_cadiere_et_cambo,La Cadière-et-Cambo
lanuejols,Lanuéjols
lasalle,Lasalle
labarthe_sur_leze,Labarthe-sur-Lèze
labastide_clermont,Labastide-Clermont
labastidette,Labastidette
labruyere_dorsa,Labruyère-Dorsa
lacaugne,Lacaugne
lafitte_vigordane,Lafitte-Vigordane
lagardelle_sur_leze,Lagardelle-sur-Lèze
lagrace_dieu,Lagrâce-Dieu
lahage,Lahage
lahitere,Lahitère
lamasquere,Lamasquère
lapeyrere,Lapeyrère
latour,Latour
latrape,Latrape
lautignac,Lautignac
lavelanet_de_comminges,Lavelanet-de-Comminges
lavernose_lacasse,Lavernose-Lacasse
labarthe_inard,Labarthe-Inard
labarthe_riviere,Labarthe-Rivière
labastide_paumes,Labastide-Paumès
labroquere,Labroquère
laffite_toupiere,Laffite-Toupière
lalouret_laffiteau,Lalouret-Laffiteau
landorthe,Landorthe
larcan,Larcan
larroque,Larroque
latoue,Latoue
labastide_beauvoir,Labastide-Beauvoir
labastide_saint_sernin,Labastide-Saint-Sernin
labege,Labège
lacroix_falgarde,Lacroix-Falgarde
lagraulet_saint_nicolas,Lagraulet-Saint-Nicolas
lanta,Lanta
lapeyrouse_fossat,Lapeyrouse-Fossat
lareole,Laréole
launac,Launac
launaguet,Launaguet
lauzerville,Lauzerville
layrac_sur_tarn,Layrac-sur-Tarn
la_magdelaine_sur_tarn,La Magdelaine-sur-Tarn
la_salvetat_saint_gilles,La Salvetat-Saint-Gilles
la_salvetat_lauragais,La Salvetat-Lauragais
larra,Larra
labastide_saves,Labastide-Savès
lahas,Lahas
lahitte,Lahitte
lavardens,Lavardens
laymont,Laymont
labrihe,Labrihe
lagardere,Lagardère
lagraulet_du_gers,Lagraulet-du-Gers
lalanne,Lalanne
lamothe_goas,Lamothe-Goas
lannemaignan,Lannemaignan
lannepax,Lannepax
lanne_soubiran,Lanne-Soubiran
laree,Larée
larressingle,Larressingle
larroque_engalin,Larroque-Engalin
larroque_saint_sernin,Larroque-Saint-Sernin
larroque_sur_l_osse,Larroque-sur-l'Osse
laujuzan,Laujuzan
lauraet,Lauraët
la_romieu,La Romieu
la_sauvetat,La Sauvetat
labarthe,Labarthe
labarthete,Labarthète
labejan,Labéjan
ladeveze_riviere,Ladevèze-Rivière
ladeveze_ville,Ladevèze-Ville
lagarde_hachan,Lagarde-Hachan
laguian_mazous,Laguian-Mazous
lalanne_arque,Lalanne-Arqué
lamaguere,Lamaguère
lamazere,Lamazère
lannux,Lannux
lasserade,Lasserade
lasseran,Lasséran
lasseube_propre,Lasseube-Propre
laveraet,Laveraët
la_caunette,La Caunette
lamalou_les_bains,Lamalou-les-Bains
laurens,Laurens
la_liviniere,La Livinière
la_salvetat_sur_agout,La Salvetat-sur-Agout
la_tour_sur_orb,La Tour-sur-Orb
lacoste,Lacoste
lagamas,Lagamas
lauroux,Lauroux
la_vacquerie_et_saint_martin_de_castries,La Vacquerie-et-Saint-Martin-de-Castries
lansargues,Lansargues
lattes,Lattes
laverune,Lavérune
la_grande_motte,La Grande-Motte
labastide_du_vert,Labastide-du-Vert
labastide_marnhac,Labastide-Marnhac
laburgade,Laburgade
lacapelle_cabanac,Lacapelle-Cabanac
lagardelle,Lagardelle
lalbenque,Lalbenque
lamagdelaine,Lamagdelaine
laramiere,Laramière
lascabanes,Lascabanes
labastide_du_haut_mont,Labastide-du-Haut-Mont
labathude,Labathude
lacapelle_marival,Lacapelle-Marival
ladirat,Ladirat
larnagol,Larnagol
larroque_toirac,Larroque-Toirac
latouille_lentillac,Latouille-Lentillac
latronquiere,Latronquière
lauresses,Lauresses
laval_de_cere,Laval-de-Cère
lachapelle_auzac,Lachapelle-Auzac
lamothe_cassel,Lamothe-Cassel
lamothe_fenelon,Lamothe-Fénelon
lanzac,Lanzac
lauzes,Lauzès
lavercantiere,Lavercantière
la_malene,La Malène
la_bastide_puylaurent,La Bastide-Puylaurent
la_canourgue,La Canourgue
la_fage_montivernoux,La Fage-Montivernoux
la_fage_saint_julien,La Fage-Saint-Julien
lachamp,Lachamp
lajo,Lajo
langogne,Langogne
laubert,Laubert
laval_du_tarn,Laval-du-Tarn
la_panouse,La Panouse
la_tieule,La Tieule
lau_balagnas,Lau-Balagnas
la_barthe_de_neste,La Barthe-de-Neste
labassere,Labassère
labastide,Labastide
laborde,Laborde
lannemezan,Lannemezan
labatut_riviere,Labatut-Rivière
lacassagne,Lacassagne
lafitole,Lafitole
lahitte_toupiere,Lahitte-Toupière
lalanne_trie,Lalanne-Trie
laloubere,Laloubère
lamarque_pontacq,Lamarque-Pontacq
lamarque_rustaing,Lamarque-Rustaing
lameac,Laméac
lanespede,Lanespède
lanne,Lanne
lapeyre,Lapeyre
laran,Laran
lascazeres,Lascazères
laslades,Laslades
lassales,Lassales
layrisse,Layrisse
la_bastide,La Bastide
lamanere,Lamanère
laroque_des_alberes,Laroque-des-Albères
latour_bas_elne,Latour-Bas-Elne
la_cabanasse,La Cabanasse
latour_de_carol,Latour-de-Carol
latour_de_france,Latour-de-France
la_llagonne,La Llagonne
labarthe_bleys,Labarthe-Bleys
labastide_de_levis,Labastide-de-Lévis
labastide_gabausse,Labastide-Gabausse
labessiere_candeil,Labessière-Candeil
laboutarie,Laboutarie
lacapelle_pinet,Lacapelle-Pinet
lacapelle_segalar,Lacapelle-Ségalar
lagrave,Lagrave
lamillarie,Lamillarié
laparrouquial,Laparrouquial
lasgraisses,Lasgraisses
la_sauziere_saint_jean,La Sauzière-Saint-Jean
labastide_rouairoux,Labastide-Rouairoux
labastide_saint_georges,Labastide-Saint-Georges
laboulbene,Laboulbène
labruguiere,Labruguière
lacabarede,Lacabarède
lacaune,Lacaune
lacaze,Lacaze
lacougotte_cadoul,Lacougotte-Cadoul
lacroisille,Lacroisille
lacrouzette,Lacrouzette
lagardiolle,Lagardiolle
lamontelarie,Lamontélarié
lasfaillades,Lasfaillades
lautrec,Lautrec
labastide_du_temple,Labastide-du-Temple
labourgade,Labourgade
lacour,Lacour
lafitte,Lafitte
lamagistere,Lamagistère
lamothe_cumont,Lamothe-Cumont
larrazet,Larrazet
lauzerte,Lauzerte
lavit,Lavit
labastide_de_penne,Labastide-de-Penne
labastide_saint_pierre,Labastide-Saint-Pierre
lacapelle_livron,Lacapelle-Livron
lacourt_saint_pierre,Lacourt-Saint-Pierre
lafrancaise,Lafrançaise
laguepie,Laguépie
lamothe_capdeville,Lamothe-Capdeville
lapenche,Lapenche
lavaurette,Lavaurette
la_ville_dieu_du_temple,La Ville-Dieu-du-Temple
la_salvetat_belmontet,La Salvetat-Belmontet
la_burbanche,La Burbanche
lagnieu,Lagnieu
lavours,Lavours
la_boisse,La Boisse
la_chapelle_du_chatelard,La Chapelle-du-Châtelard
laiz,Laiz
lapeyrouse,Lapeyrouse
la_trancliere,La Tranclière
labalme,Labalme
lancrans,Lancrans
la_chapelaude,La Chapelaude
lamaids,Lamaids
lavault_sainte_anne,Lavault-Sainte-Anne
la_petite_marche,La Petite-Marche
la_chapelle_aux_chasses,La Chapelle-aux-Chasses
la_ferte_hauterive,La Ferté-Hauterive
lafeline,Laféline
la_chabanne,La Chabanne
la_guillermie,La Guillermie
lalizolle,Lalizolle
langy,Langy
lapalisse,Lapalisse
laprugne,Laprugne
lavoine,Lavoine
labastide_sur_besorgues,Labastide-sur-Bésorgues
labastide_de_virac,Labastide-de-Virac
labeaume,Labeaume
labegude,Labégude
lablachere,Lablachère
laboule,Laboule
lachamp_raphael,Lachamp-Raphaël
lachapelle_graillouse,Lachapelle-Graillouse
lachapelle_sous_aubenas,Lachapelle-sous-Aubenas
lalevade_d_ardeche,Lalevade-d'Ardèche
lanarce,Lanarce
lanas,Lanas
largentiere,Largentière
laurac_en_vivarais,Laurac-en-Vivarais
laval_d_aurelle,Laval-d'Aurelle
laveyrune,Laveyrune
lavillatte,Lavillatte
lavilledieu,Lavilledieu
laviolle,Laviolle
la_souche,La Souche
larnas,Larnas
la_voulte_sur_rhone,La Voulte-sur-Rhône
labatie_d_andaure,Labatie-d'Andaure
lachapelle_sous_chaneac,Lachapelle-sous-Chanéac
lafarre,Lafarre
lalouvesc,Lalouvesc
lamastre,Lamastre
labesserette,Labesserette
labrousse,Labrousse
lacapelle_del_fraisse,Lacapelle-del-Fraisse
lacapelle_viescamp,Lacapelle-Viescamp
ladinhac,Ladinhac
lafeuillade_en_vezie,Lafeuillade-en-Vézie
lapeyrugue,Lapeyrugue
laroquebrou,Laroquebrou
laroquevieille,Laroquevieille
lascelle,Lascelle
la_segalassiere,La Ségalassière
lanobre,Lanobre
la_monselie,La Monselie
la_chapelle_d_alagnon,La Chapelle-d'Alagnon
la_chapelle_laurent,La Chapelle-Laurent
lacapelle_barres,Lacapelle-Barrès
landeyrat,Landeyrat
lastic,Lastic
laurie,Laurie
laveissenet,Laveissenet
laveissiere,Laveissière
lavigerie,Lavigerie
la_trinitat,La Trinitat
la_repara_auriples,La Répara-Auriples
la_batie_des_fonds,La Bâtie-des-Fonds
la_chapelle_en_vercors,La Chapelle-en-Vercors
la_chaudiere,La Chaudière
laval_d_aix,Laval-d'Aix
la_motte_chalancon,La Motte-Chalancon
la_motte_fanjas,La Motte-Fanjas
la_roche_sur_grane,La Roche-sur-Grane
la_batie_rolland,La Bâtie-Rolland
la_baume_de_transit,La Baume-de-Transit
la_begude_de_mazenc,La Bégude-de-Mazenc
la_charce,La Charce
la_coucourde,La Coucourde
la_garde_adhemar,La Garde-Adhémar
laborel,Laborel
lachau,Lachau
la_laupie,La Laupie
la_penne_sur_l_ouveze,La Penne-sur-l'Ouvèze
la_roche_sur_le_buis,La Roche-sur-le-Buis
la_rochette_du_buis,La Rochette-du-Buis
la_touche,La Touche
la_baume_cornillane,La Baume-Cornillane
la_baume_d_hostun,La Baume-d'Hostun
lapeyrouse_mornay,Lapeyrouse-Mornay
larnage,Larnage
laveyron,Laveyron
la_motte_de_galaure,La Motte-de-Galaure
la_roche_de_glun,La Roche-de-Glun
la_buisse,La Buisse
la_buissiere,La Buissière
la_chapelle_du_bard,La Chapelle-du-Bard
la_combe_de_lancey,La Combe-de-Lancey
la_flachere,La Flachère
la_garde,La Garde
laffrey,Laffrey
lalley,Lalley
lans_en_vercors,Lans-en-Vercors
lavaldens,Lavaldens
lavars,Lavars
la_morte,La Morte
la_motte_d_aveillans,La Motte-d'Aveillans
la_motte_saint_martin,La Motte-Saint-Martin
la_mure,La Mure
la_murette,La Murette
la_pierre,La Pierre
la_sure_en_chartreuse,La Sure en Chartreuse
la_salette_fallavaux,La Salette-Fallavaux
la_salle_en_beaumont,La Salle-en-Beaumont
la_sone,La Sône
la_terrasse,La Terrasse
la_tronche,La Tronche
la_valette,La Valette
la_balme_les_grottes,La Balme-les-Grottes
la_batie_montgascon,La Bâtie-Montgascon
la_chapelle_de_la_tour,La Chapelle-de-la-Tour
la_tour_du_pin,La Tour-du-Pin
la_verpilliere,La Verpillière
la_chapelle_de_surieu,La Chapelle-de-Surieu
la_cote_saint_andre,La Côte-Saint-André
la_forteresse,La Forteresse
la_chamba,La Chamba
la_chambonie,La Chambonie
la_chapelle_en_lafaye,La Chapelle-en-Lafaye
la_cote_en_couzan,La Côte-en-Couzan
la_gimond,La Gimond
lavieu,Lavieu
la_tourette,La Tourette
la_valla_sur_rochefort,La Valla-sur-Rochefort
la_benisson_dieu,La Bénisson-Dieu
la_gresle,La Gresle
lay,Lay
la_pacaudiere,La Pacaudière
la_tuiliere,La Tuilière
la_chapelle_villars,La Chapelle-Villars
la_fouillouse,La Fouillouse
la_grand_croix,La Grand-Croix
la_ricamarie,La Ricamarie
la_talaudiere,La Talaudière
la_terrasse_sur_dorlay,La Terrasse-sur-Dorlay
la_tour_en_jarez,La Tour-en-Jarez
la_valla_en_gier,La Valla-en-Gier
la_versanne,La Versanne
la_besseyre_saint_mary,La Besseyre-Saint-Mary
la_chaise_dieu,La Chaise-Dieu
la_chapelle_geneste,La Chapelle-Geneste
la_chomette,La Chomette
langeac,Langeac
laval_sur_doulon,Laval-sur-Doulon
lavaudieu,Lavaudieu
lavoute_chilhac,Lavoûte-Chilhac
la_chapelle_bertin,La Chapelle-Bertin
landos,Landos
lantriac,Lantriac
laussonne,Laussonne
lavoute_sur_loire,Lavoûte-sur-Loire
la_chapelle_d_aurec,La Chapelle-d'Aurec
lapte,Lapte
la_seauve_sur_semene,La Séauve-sur-Semène
la_chapelle_agnon,La Chapelle-Agnon
la_chaulme,La Chaulme
la_forie,La Forie
laps,Laps
la_roche_noire,La Roche-Noire
la_bourboule,La Bourboule
la_chapelle_marcousse,La Chapelle-Marcousse
la_chapelle_sur_usson,La Chapelle-sur-Usson
la_godivelle,La Godivelle
labessette,Labessette
lamontgie,Lamontgie
laqueuille,Laqueuille
larodde,Larodde
la_tour_d_auvergne,La Tour-d'Auvergne
la_crouzille,La Crouzille
la_goutelle,La Goutelle
landogne,Landogne
lachaux,Lachaux
la_monnerie_le_montel,La Monnerie-le-Montel
la_renaudie,La Renaudie
la_chapelle_sur_coise,La Chapelle-sur-Coise
lacenas,Lacenas
lachassagne,Lachassagne
lamure_sur_azergues,Lamure-sur-Azergues
lancie,Lancié
lantignie,Lantignié
larajasse,Larajasse
la_mulatiere,La Mulatière
la_tour_de_salvagny,La Tour-de-Salvagny
la_bathie,La Bâthie
la_giettaz,La Giettaz
landry,Landry
la_plagne_tarentaise,La Plagne Tarentaise
la_lechere,La Léchère
la_balme,La Balme
la_bauche,La Bauche
la_biolle,La Biolle
la_bridoire,La Bridoire
la_chapelle_du_mont_du_chat,La Chapelle-du-Mont-du-Chat
la_chapelle_saint_martin,La Chapelle-Saint-Martin
la_chavanne,La Chavanne
la_compote,La Compôte
la_croix_de_la_rochette,La Croix-de-la-Rochette
laissaud,Laissaud
la_motte_en_bauges,La Motte-en-Bauges
la_motte_servolex,La Motte-Servolex
la_ravoire,La Ravoire
la_table,La Table
la_thuile,La Thuile
la_chambre,La Chambre
la_balme_de_sillingy,La Balme-de-Sillingy
la_balme_de_thuy,La Balme-de-Thuy
la_chapelle_saint_maurice,La Chapelle-Saint-Maurice
la_clusaz,La Clusaz
lathuile,Lathuile
la_chapelle_rambaud,La Chapelle-Rambaud
la_cote_d_arbroz,La Côte-d'Arbroz
la_riviere_enverse,La Rivière-Enverse
la_roche_sur_foron,La Roche-sur-Foron
la_tour,La Tour
la_muraz,La Muraz
la_baume,La Baume
la_chapelle_d_abondance,La Chapelle-d'Abondance
la_forclaz,La Forclaz
larringes,Larringes
la_vernaz,La Vernaz
la_condamine_chatelard,La Condamine-Châtelard
lambruisse,Lambruisse
la_mure_argens,La Mure-Argens
la_palud_sur_verdon,La Palud-sur-Verdon
la_javie,La Javie
la_robine_sur_galabre,La Robine-sur-Galabre
la_brillanne,La Brillanne
lardiers,Lardiers
la_motte_du_caire,La Motte-du-Caire
la_rochegiron,La Rochegiron
la_grave,La Grave
la_roche_de_rame,La Roche-de-Rame
la_salle_les_alpes,La Salle-les-Alpes
la_batie_montsaleon,La Bâtie-Montsaléon
la_batie_neuve,La Bâtie-Neuve
la_batie_vieille,La Bâtie-Vieille
la_beaume,La Beaume
la_fare_en_champsaur,La Fare-en-Champsaur
la_faurie,La Faurie
la_freissinouse,La Freissinouse
la_chapelle_en_valgaudemar,La Chapelle-en-Valgaudémar
la_haute_beaume,La Haute-Beaume
laragne_monteglin,Laragne-Montéglin
lardier_et_valenca,Lardier-et-Valença
laye,Laye
lazer,Lazer
la_motte_en_champsaur,La Motte-en-Champsaur
la_piarre,La Piarre
la_roche_des_arnauds,La Roche-des-Arnauds
la_saulce,La Saulce
la_colle_sur_loup,La Colle-sur-Loup
la_gaude,La Gaude
la_roque_en_provence,La Roque-en-Provence
la_roquette_sur_siagne,La Roquette-sur-Siagne
la_bollene_vesubie,La Bollène-Vésubie
la_croix_sur_roudoule,La Croix-sur-Roudoule
lantosque,Lantosque
la_penne,La Penne
la_roquette_sur_var,La Roquette-sur-Var
la_turbie,La Turbie
la_brigue,La Brigue
la_barben,La Barben
la_fare_les_oliviers,La Fare-les-Oliviers
lamanon,Lamanon
lambesc,Lambesc
lancon_provence,Lançon-Provence
la_roque_d_antheron,La Roque-d'Anthéron
la_bouilladisse,La Bouilladisse
la_ciotat,La Ciotat
la_destrousse,La Destrousse
la_penne_sur_huveaune,La Penne-sur-Huveaune
la_croix_valmer,La Croix-Valmer
la_garde_freinet,La Garde-Freinet
la_martre,La Martre
la_mole,La Môle
la_roque_esclapon,La Roque-Esclapon
la_cadiere_d_azur,La Cadière-d'Azur
la_crau,La Crau
la_farlede,La Farlède
la_londe_les_maures,La Londe-les-Maures
la_seyne_sur_mer,La Seyne-sur-Mer
la_valette_du_var,La Valette-du-Var
la_roquebrussanne,La Roquebrussanne
la_verdiere,La Verdière
la_bastide_des_jourdans,La Bastide-des-Jourdans
la_bastidonne,La Bastidonne
lagarde_d_apt,Lagarde-d'Apt
lagnes,Lagnes
lauris,Lauris
la_motte_d_aigues,La Motte-d'Aigues
la_tour_d_aigues,La Tour-d'Aigues
lafare,Lafare
lagarde_pareol,Lagarde-Paréol
lamotte_du_rhone,Lamotte-du-Rhône
lapalud,Lapalud
la_roque_alric,La Roque-Alric
la_roque_sur_pernes,La Roque-sur-Pernes
lano,Lano
la_porta,La Porta
lama,Lama
lavatoggio,Lavatoggio
lamentin,Lamentin
la_desirade,La Désirade
la_plaine_des_palmistes,La Plaine-des-Palmistes
la_possession,La Possession
lasinja,Lasinja
labin,Labin
lanisce,Lanišće
lastovo,Lastovo
lajoskomarom,Lajoskomárom
lasztonya,Lasztonya
lakhegy,Lakhegy
lapancsa,Lapáncsa
lakocsa,Lakócsa
lad,Lad
lak,Lak
laskod,Laskod
ladanybene,Ladánybene
lajosmizse,Lajosmizse
lakitelek,Lakitelek
larah_north,Larah North
larah_south,Larah South
laghy,Laghy
largymore_number_an_leargaidh_mhor,Largymore#An Leargaidh Mhór
laragh,Laragh
lakeview,Lakeview
lacka,Lacka
lackan,Lackan
lauree,Lauree
lackaghbeg_number_leacach_beag,Lackaghbeg#Leacach Beag
lackalea,Lackalea
laurencetown,Laurencetown
lackan_north,Lackan North
lackan_south,Lackan South
lackagh,Lackagh
ladytown,Ladytown
laracor,Laracor
lackareagh,Lackareagh
latteragh,Latteragh
lattin,Lattin
larchville,Larchville
ladys_island,Lady's Island
laherne,Laherne
lack,Lack
lackabaun,Lackabaun
lahard,Lahard
langanesbyggd,Langanesbyggð
la_cassa,La Cassa
la_loggia,La Loggia
lanzo_torinese,Lanzo Torinese
lauriano,Lauriano
lamporo,Lamporo
landiona,Landiona
lagnasco,Lagnasco
la_morra,La Morra
lavena_ponte_tresa,Lavena Ponte Tresa
laveno_mombello,Laveno-Mombello
laglio,Laglio
laino,Laino
lambrugo,Lambrugo
lasnigo,Lasnigo
lanzada,Lanzada
lacchiarella,Lacchiarella
lainate,Lainate
lallio,Lallio
lavenone,Lavenone
landriano,Landriano
langosco,Langosco
lardirago,Lardirago
la_valletta_brianza,La Valletta Brianza
lazzate,Lazzate
laigueglia,Laigueglia
lavagna,Lavagna
la_spezia,La Spezia
laces_number_latsch,Laces#Latsch
lagundo_number_algund,Lagundo#Algund
laion_number_lajen,Laion#Lajen
laives_number_leifers,Laives#Leifers
lana_number_lana,Lana#Lana
lasa_number_laas,Lasa#Laas
lauregno_number_laurein,Lauregno#Laurein
la_valle_number_wengen,La Valle#Wengen
lavarone,Lavarone
lavis,Lavis
lavagno,Lavagno
lazise,Lazise
laghi,Laghi
lastebasse,Lastebasse
lamon,Lamon
la_valle_agordina,La Valle Agordina
latisana,Latisana
lauco,Lauco
langhirano,Langhirano
lama_mocogno,Lama Mocogno
lagosanto,Lagosanto
lamporecchio,Lamporecchio
larciano,Larciano
lastra_a_signa,Lastra a Signa
lajatico,Lajatico
laterina,Laterina
lapedona,Lapedona
latera,Latera
labro,Labro
labico,Labico
lanuvio,Lanuvio
lariano,Lariano
ladispoli,Ladispoli
latina,Latina
lama_dei_peligni,Lama dei Peligni
lanciano,Lanciano
larino,Larino
lacco_ameno,Lacco Ameno
lacedonia,Lacedonia
lapio,Lapio
lauro,Lauro
laureana_cilento,Laureana Cilento
laurino,Laurino
laurito,Laurito
laviano,Laviano
laterza,Laterza
latiano,Latiano
lagonegro,Lagonegro
latronico,Latronico
laurenzana,Laurenzana
lauria,Lauria
lavello,Lavello
lago,Lago
laino_borgo,Laino Borgo
laino_castello,Laino Castello
lappano,Lappano
lattarico,Lattarico
lamezia_terme,Lamezia Terme
laganadi,Laganadi
laureana_di_borrello,Laureana di Borrello
lascari,Lascari
lampedusa_e_linosa,Lampedusa e Linosa
laerru,Laerru
la_maddalena,La Maddalena
lanusei,Lanusei
laconi,Laconi
las_plassas,Las Plassas
lazdijai,Lazdijai
lapes,Lapės
lauksargiai,Lauksargiai
laukuva,Laukuva
laizuva,Laižuva
lazdynai,Lazdynai
lavoriskes,Lavoriškės
labanoras,Labanoras
larochette,Larochette
lac_de_la_haute_sure,Lac de la Haute-Sûre
lazdulejas,Lazdulejas
lazdukalna,Lazdukalna
laucesas,Laucesas
laidu,Laidu
lazas,Lažas
lauderu,Lauderu
lazdonas,Lazdonas
lauberes,Lauberes
laidzes,Laidzes
laucienes,Laucienes
lapmezciema,Lapmežciema
launkalnes,Launkalnes
landsmeer,Landsmeer
langedijk,Langedijk
laren,Laren
lansingerland,Lansingerland
laarbeek,Laarbeek
landerd,Landerd
landgraaf,Landgraaf
larvik,Larvik
lardal,Lardal
lavangen,Lavangen
laskowa,Laskowa
lanckorona,Lanckorona
latowicz,Latowicz
lasowice_wielkie,Lasowice Wielkie
laszki,Laszki
lamas,Lamas
lanhoso,Lanhoso
landim,Landim
laje,Laje
lanhas,Lanhas
lavandeira_beira_grande_e_selores,Lavandeira, Beira Grande e Selores
lagoaca_e_fornos,Lagoaça e Fornos
lagoa,Lagoa
lamalonga,Lamalonga
lamas_de_orelhao,Lamas de Orelhão
larinho,Larinho
lardosa,Lardosa
lavacolhos,Lavacolhos
ladoeiro,Ladoeiro
lavos,Lavos
lagares,Lagares
lagos_da_beira_e_lajeosa,Lagos da Beira e Lajeosa
lavegadas,Lavegadas
landeira,Landeira
lagoa_e_carvoeiro,Lagoa e Carvoeiro
lajeosa_do_mondego,Lajeosa do Mondego
lamegal,Lamegal
lameiras,Lameiras
lajeosa_e_forcalhos,Lajeosa e Forcalhos
landal,Landal
lamas_e_cercal,Lamas e Cercal
lagares_e_figueira,Lagares e Figueira
laundos,Laundos
lamelas_e_guimarei,Lamelas e Guimarei
labruge,Labruge
laranjeiro_e_feijo,Laranjeiro e Feijó
lanhelas,Lanhelas
lara,Lara
lavradas,Lavradas
labruja,Labruja
labrujo_rendufe_e_vilar_do_monte,Labrujó, Rendufe e Vilar do Monte
lanheses,Lanheses
lama_de_arcos,Lama de Arcos
lalim,Lalim
lazarim,Lazarim
lamego_almacave_e_se,Lamego (Almacave e Sé)
lapa_do_lobo,Lapa do Lobo
lamosa,Lamosa
lajeosa,Lajeosa
lagoa_nossa_senhora_do_rosario,Lagoa (Nossa Senhora do Rosário)
lagoa_santa_cruz,Lagoa (Santa Cruz)
lajes,Lajes
lajes_do_pico,Lajes do Pico
lajedo,Lajedo
lajes_das_flores,Lajes das Flores
lazuri_de_beius,Lazuri de Beiuş
largu,Largu
lapos,Lapoş
lazuri,Lazuri
laslea,Laslea
lalosu,Laloşu
lazarevac,Lazarevac
lajkovac,Lajkovac
lapovo,Lapovo
landskrona,Landskrona
laholm,Laholm
laxa,Laxå
laski_rovt,Laški Rovt
lasce,Lašče
laze_pri_borovnici,Laze pri Borovnici
laze,Laze
lahovna,Lahovna
lahovce,Lahovče
laze_pri_gorenjem_jezeru,Laze pri Gorenjem Jezeru
labinje,Labinje
lazec,Lazec
laznica,Laznica
laze_pri_dolskem,Laze pri Dolskem
laze_pri_domzalah,Laze pri Domžalah
lasigovci,Lasigovci
lajse,Lajše
lanise,Laniše
lastomerci,Lastomerci
laze_nad_krko,Laze nad Krko
laseno,Laseno
laze_v_tuhinju,Laze v Tuhinju
ladra,Ladra
laze_pri_oneku,Laze pri Oneku
laze_pri_predgradu,Laze pri Predgradu
labor,Labor
lavtarski_vrh,Lavtarski Vrh
lahomno,Lahomno
lahomsek,Lahomšek
lahov_graben,Lahov Graben
laska_vas,Laška vas
lasko,Laško
laze_pri_gobniku,Laze pri Gobniku
laze_pri_vacah,Laze pri Vačah
lavrovec,Lavrovec
ladja,Ladja
lacja_vas,Lačja vas
lazna,Lazna
lacaves,Lačaves
lahonci,Lahonci
lastnic,Lastnič
landol,Landol
lancovo,Lancovo
laze_pri_bostanju,Laze pri Boštanju
laporje,Laporje
laze_pri_dramljah,Laze pri Dramljah
lavrica,Lavrica
lase,Laše
laska_vas_pri_storah,Laška vas pri Štorah
lancova_vas,Lancova vas
landek,Landek
lahovo,Lahovo
laze_pri_kostelu,Laze pri Kostelu
lacna_gora,Lačna Gora
latkova_vas,Latkova vas
lazina,Lazina
laksarska_nova_ves,Lakšárska Nová Ves
ladce,Ladce
lazy_pod_makytou,Lazy pod Makytou
ladice,Ladice
lazisko,Lazisko
laskar,Laskár
lackov,Lackov
ladzany,Ladzany
ladomerska_vieska,Ladomerská Vieska
lascov,Lascov
lackovce,Lackovce
lada,Lada
ladomirov,Ladomirov
lackova,Lacková
ladomirova,Ladomirová
lastomir,Lastomír
laskovce,Laškovce
ladmovce,Ladmovce
lastovce,Lastovce
lady_margaret,Lady Margaret
larkhall,Larkhall
ladywell,Ladywell
lavender_fields,Lavender Fields
larkswood,Larkswood
latchmere,Latchmere
lancaster_gate,Lancaster Gate
langworthy,Langworthy
lamesley,Lamesley
ladywood,Ladywood
layton,Layton
langham,Langham
lambridge,Lambridge
lansdown,Lansdown
ladden_brook,Ladden Brook
lambourn_valley,Lambourn Valley
lacey_green_speen_and_the_hampdens,Lacey Green, Speen and the Hampdens
langwathby,Langwathby
lazonby,Lazonby
langley_mill_and_aldercar,Langley Mill and Aldercar
lathkill_and_bradford,Lathkill and Bradford
lawrence,Lawrence
langney,Langney
laindon_park,Laindon Park
langdon_hills,Langdon Hills
lambourne,Lambourne
lawford,Lawford
lanehead,Lanehead
larches,Larches
langho,Langho
lancaster_north,Lancaster North
lancaster_south,Lancaster South
lakenham,Lakenham
langold,Langold
langport_and_huish,Langport and Huish
lavenham,Lavenham
lakenheath,Lakenheath
laleham_and_shepperton_green,Laleham and Shepperton Green
langley_green,Langley Green
laverstock_ford_and_old_sarum,Laverstock, Ford and Old Sarum
lake_north,Lake North
lake_south,Lake South
lache,Lache
ladybrook,Ladybrook
lanchester,Lanchester
ladock_st_clement_and_st_erme,Ladock, St. Clement and St. Erme
lanivet_and_blisland,Lanivet and Blisland
lanner_and_stithians,Lanner and Stithians
launceston_central,Launceston Central
launceston_north_and_north_petherwin,Launceston North and North Petherwin
launceston_south,Launceston South
langbourn,Langbourn
lansbury,Lansbury
langley_kedermister,Langley Kedermister
langley_st_marys,Langley St. Mary's
lattersey,Lattersey
larkfield_north,Larkfield North
larkfield_south,Larkfield South
lady_bay,Lady Bay
ladgate,Ladgate
landkey_swimbridge_and_taw,Landkey, Swimbridge and Taw
launditch,Launditch
larklands,Larklands
larwood,Larwood
langton,Langton
lawrence_hill,Lawrence Hill
launton_otmoor,Launton & Otmoor
latchford_east,Latchford East
latchford_west,Latchford West
langside,Langside
landward_caithness,Landward Caithness
lampeter,Lampeter
lampeter_velfrey,Lampeter Velfrey
lamphey,Lamphey
laugharne_township,Laugharne Township
larkfield,Larkfield
langstone,Langstone
landore,Landore
lagmore,Lagmore
lagan,Lagan
lagan_valley,Lagan Valley
lambeg,Lambeg
