name_clean,name_real
sulz_im_weinviertel,Sulz im Weinviertel
suben,Suben
sulzberg,Sulzberg
sulz,Sulz
sutz_lattrigen,Sutz-Lattrigen
sumiswald,Sumiswald
sursee,Sursee
surpierre,Surpierre
subingen,Subingen
surses,Surses
sumvitg,Sumvitg
sufers,Sufers
suhr,Suhr
sulgen,Sulgen
sullens,Sullens
suchy,Suchy
suscevaz,Suscévaz
suchomasty,Suchomasty
sudejov,Sudějov
suchdol,Suchdol
sukorady,Sukorady
sudomer,Sudoměř
sulice,Sulice
sudovo_hlavno,Sudovo Hlavno
suchodol,Suchodol
suchdol_nad_luznici,Suchdol nad Lužnicí
sudomerice_u_bechyne,Sudoměřice u Bechyně
sudomerice_u_tabora,Sudoměřice u Tábora
susice,Sušice
sulislav,Sulislav
sulejovice,Sulejovice
suchy_dul,Suchý Důl
suchovrsice,Suchovršice
sucha_lhota,Suchá Lhota
sudislav_nad_orlici,Sudislav nad Orlicí
sudslava,Sudslava
sucha,Suchá
sudice,Sudice
sulkovec,Sulkovec
sulikov,Sulíkov
sudomerice,Sudoměřice
suchov,Suchov
suchohrdly,Suchohrdly
suchohrdly_u_miroslavi,Suchohrdly u Miroslavi
supikovice,Supíkovice
suchonice,Suchonice
sudkov,Sudkov
sulimov,Sulimov
sucha_loz,Suchá Loz
suchdol_nad_odrou,Suchdol nad Odrou
sulingen,Sulingen
sudwalde,Sudwalde
suthfeld,Suthfeld
suhlendorf,Suhlendorf
suderburg,Suderburg
sustrum,Sustrum
surwold,Surwold
sundern_sauerland,Sundern (Sauerland)
sulzbach_taunus,Sulzbach (Taunus)
sulzbach,Sulzbach
sulzheim,Sulzheim
sulzbachtal,Sulzbachtal
sulzbach_an_der_murr,Sulzbach an der Murr
sulzbach_laufen,Sulzbach-Laufen
sulzfeld,Sulzfeld
sulzburg,Sulzburg
sulz_am_neckar,Sulz am Neckar
sulzemoos,Sulzemoos
surberg,Surberg
sulzbach_rosenberg,Sulzbach-Rosenberg
sugenheim,Sugenheim
sulzthal,Sulzthal
sulzfelder_forst,Sulzfelder Forst
sulzdorf_a_d_lederhecke,Sulzdorf a.d. Lederhecke
sulzfeld_a_main,Sulzfeld a. Main
sulzbach_a_main,Sulzbach a. Main
sulzbach_saar,Sulzbach/Saar
sukow_levitzow,Sukow-Levitzow
sundhagen,Sundhagen
suckow,Suckow
sukow,Sukow
suhl,Suhl
sundhausen,Sundhausen
sulza,Sulza
sundby,Sundby
suldrup,Suldrup
sulsted,Sulsted
sunds,Sunds
sundkirkens,Sundkirkens
surju,Surju
suure_jaani,Suure-Jaani
sufli,Suflí
suances,Suances
susinos_del_paramo,Susinos del Páramo
suellacabras,Suellacabras
subirats,Subirats
susqueda,Susqueda
sudanell,Sudanell
sunyer,Sunyer
sunbilla,Sunbilla
sukarrieta,Sukarrieta
sueras_suera,Sueras/Suera
sueca,Sueca
sumacarcer,Sumacàrcer
sulkava,Sulkava
suonenjoki,Suonenjoki
suomussalmi,Suomussalmi
sund,Sund
suresnes,Suresnes
sucy_en_brie,Sucy-en-Brie
survilliers,Survilliers
subligny,Subligny
sury_pres_lere,Sury-près-Léré
sury_en_vaux,Sury-en-Vaux
sury_es_bois,Sury-ès-Bois
sublaines,Sublaines
suevres,Suèvres
sully_la_chapelle,Sully-la-Chapelle
sully_sur_loire,Sully-sur-Loire
sury_aux_bois,Sury-aux-Bois
sussey,Sussey
surmont,Surmont
supt,Supt
surgy,Surgy
suilly_la_tour,Suilly-la-Tour
sully,Sully
suin,Suin
suarce,Suarce
subles,Subles
surrain,Surrain
surville,Surville
surtauville,Surtauville
suzay,Suzay
surtainville,Surtainville
sure,Suré
suzy,Suzy
surfontaine,Surfontaine
suzoy,Suzoy
sus_saint_leger,Sus-Saint-Léger
surques,Surques
surcamps,Surcamps
suzanne,Suzanne
sury,Sury
sugny,Sugny
suippes,Suippes
suizy_le_franc,Suizy-le-Franc
suzannecourt,Suzannecourt
suisse,Suisse
surbourg,Surbourg
sundhouse,Sundhouse
sundhoffen,Sundhoffen
suriauville,Suriauville
suce_sur_erdre,Sucé-sur-Erdre
surfonds,Surfonds
sulniac,Sulniac
surzur,Surzur
suaux,Suaux
suris,Suris
surgeres,Surgères
suhescun,Suhescun
sus,Sus
susmiou,Susmiou
surin,Surin
surdoux,Surdoux
sussac,Sussac
suc_et_sentenac,Suc-et-Sentenac
surba,Surba
suzan,Suzan
sumene,Sumène
sussargues,Sussargues
sutrieu,Sutrieu
sulignat,Sulignat
surjoux,Surjoux
sussat,Sussat
suze,Suze
suze_la_rousse,Suze-la-Rousse
susville,Susville
succieu,Succieu
sury_le_comtal,Sury-le-Comtal
sugeres,Sugères
surat,Surat
suzette,Suzette
sunja,Sunja
suhopolje,Suhopolje
sukosan,Sukošan
sucuraj,Sućuraj
supetar,Supetar
sutivan,Sutivan
sukoro,Sukoró
surd,Surd
sumony,Sumony
sutton,Sutton
summerhill,Summerhill
sundays_well_a,Sunday's Well A
sundays_well_b,Sunday's Well B
susa,Susa
suno,Suno
sumirago,Sumirago
suisio,Suisio
sulzano,Sulzano
suardi,Suardi
sustinente,Sustinente
suzzara,Suzzara
sueglio,Sueglio
suello,Suello
sulbiate,Sulbiate
susegana,Susegana
sutrio,Sutrio
suvereto,Suvereto
subbiano,Subbiano
sutri,Sutri
subiaco,Subiaco
supino,Supino
sulmona,Sulmona
succivo,Succivo
summonte,Summonte
supersano,Supersano
surano,Surano
surbo,Surbo
sutera,Sutera
suni,Suni
suelli,Suelli
surviliskis,Surviliškis
sudargas,Sudargas
subacius,Subačius
suviekas,Suviekas
suginciai,Suginčiai
sudeikiai,Sudeikiai
suderve,Sudervė
suzionys,Sužionys
sunakstes,Sunākstes
susaju,Susāju
subate,Subate
suntazu,Suntažu
sutru,Sutru
suldal,Suldal
sula,Sula
sunndal,Sunndal
surnadal,Surnadal
sulikow,Sulików
susiec,Susiec
sulow,Sułów
sulecin,Sulęcin
sulechow,Sulechów
sulmierzyce,Sulmierzyce
sulejow,Sulejów
suloszowa,Sułoszowa
sulkowice,Sułkowice
sucha_beskidzka,Sucha Beskidzka
sulejowek,Sulejówek
suchozebry,Suchożebry
suprasl,Supraśl
suraz,Suraż
suchowola,Suchowola
suwalki,Suwałki
suchy_dab,Suchy Dąb
suleczyno,Sulęczyno
subkowy,Subkowy
suszec,Suszec
suchedniow,Suchedniów
susz,Susz
suchy_las,Suchy Las
suchan,Suchań
sucaes,Suçães
subportela_deocriste_e_portela_susa,Subportela, Deocriste e Portela Susã
sul,Sul
suseni,Suseni
suplacu_de_barcau,Suplacu de Barcău
suharau,Suharău
sulita,Suliţa
surdila_greci,Surdila-Greci
surdila_gaiseanca,Surdila-Găiseanca
suatu,Suatu
suceveni,Suceveni
suhurlui,Suhurlui
subcetate,Subcetate
suditi,Sudiţi
suciu_de_sus,Suciu de Sus
suplac,Suplac
surani,Surani
surduc,Surduc
supur,Supur
suceava,Suceava
sucevita,Suceviţa
suhaia,Suhaia
sulina,Sulina
sutesti,Suteşti
suraia,Suraia
surcin,Surčin
surdulica,Surdulica
subotica,Subotica
sundbyberg,Sundbyberg
sunne,Sunne
surahammar,Surahammar
sundsvall,Sundsvall
susak,Sušak
susica,Sušica
suzid,Sužid
suhi_potok,Suhi Potok
suha_pri_predosljah,Suha pri Predosljah
suhadol,Suhadol
suhadole,Suhadole
suhi_vrh,Suhi Vrh
suhor,Suhor
suhorje,Suhorje
susje,Sušje
suha,Suha
suho,Suho
suhor_pri_dol_toplicah,Suhor pri Dol. Toplicah
suchohrad,Suchohrad
sucha_nad_parnou,Suchá nad Parnou
sucany,Sučany
sucha_hora,Suchá Hora
sudince,Sudince
susany,Sušany
suche_brezovo,Suché Brezovo
sukov,Sukov
sucha_dolina,Suchá Dolina
sulin,Sulín
suche,Suché
sudbury,Sudbury
surbiton_hill,Surbiton Hill
surrey_docks,Surrey Docks
sutton_central,Sutton Central
sutton_north,Sutton North
sutton_south,Sutton South
sutton_west,Sutton West
sudell,Sudell
sutton_four_oaks,Sutton Four Oaks
sutton_new_hall,Sutton New Hall
sutton_trinity,Sutton Trinity
sutton_vesey,Sutton Vesey
sunnyhurst,Sunnyhurst
sutton_and_mount_gould,Sutton and Mount Gould
sundon_park,Sundon Park
sulhamstead,Sulhamstead
sunningdale,Sunningdale
sunninghill_and_south_ascot,Sunninghill and South Ascot
sumners_and_kingsmoor,Sumners and Kingsmoor
sutton_at_hone_and_hawley,Sutton-at-Hone and Hawley
sutton_valence_and_langley,Sutton Valence and Langley
sutton_bridge,Sutton Bridge
suffield_park,Suffield Park
summertown,Summertown
sudbury_east,Sudbury East
sudbury_north,Sudbury North
sudbury_south,Sudbury South
sunbury_common,Sunbury Common
sunbury_east,Sunbury East
sundorne,Sundorne
summerham_and_seend,Summerham and Seend
sunnyside,Sunnyside
sutton_walls,Sutton Walls
sudbrooke,Sudbrooke
sutton_in_craven,Sutton-in-Craven
sutton_bonington,Sutton Bonington
sutton_courtenay,Sutton Courtenay
sutton_on_sea,Sutton on Sea
sutton_on_trent,Sutton-on-Trent
summerfield_all_saints,Summerfield & All Saints
summit,Summit
sutton_junction_harlow_wood,Sutton Junction & Harlow Wood
sunnylands,Sunnylands
