name_clean,name_real
villach,Villach
viehdorf,Viehdorf
vitis,Vitis
vichtenstein,Vichtenstein
viehhofen,Viehhofen
virgen,Virgen
vils,Vils
viktorsberg,Viktorsberg
vilvoorde,Vilvoorde
villers_la_ville,Villers-la-Ville
villers_le_bouillet,Villers-le-Bouillet
vise,Visé
vielsalm,Vielsalm
virton,Virton
viroinval,Viroinval
villeret,Villeret
vinelz,Vinelz
vierwaldstattersee_lu,Vierwaldstättersee (LU)
vitznau,Vitznau
vierwaldstattersee_ur,Vierwaldstättersee (UR)
vierwaldstattersee_sz,Vierwaldstättersee (SZ)
vierwaldstattersee_ow,Vierwaldstättersee (OW)
vierwaldstattersee_nw,Vierwaldstättersee (NW)
villaz_saint_pierre,Villaz-Saint-Pierre
villorsonnens,Villorsonnens
villars_sur_glane,Villars-sur-Glâne
villarsel_sur_marly,Villarsel-sur-Marly
vilters_wangs,Vilters-Wangs
villmergen,Villmergen
villigen,Villigen
villnachern,Villnachern
vico_morcote,Vico Morcote
villeneuve_vd,Villeneuve (VD)
villars_le_comte,Villars-le-Comte
villarzel,Villarzel
villars_le_terroir,Villars-le-Terroir
villars_epeney,Villars-Epeney
villars_sous_yens,Villars-sous-Yens
vich,Vich
vinzel,Vinzel
villars_sainte_croix,Villars-Sainte-Croix
vionnaz,Vionnaz
visp,Visp
visperterminen,Visperterminen
vizina,Vižina
vinarice,Vinařice
vitice,Vitice
vidice,Vidice
vinare,Vinaře
vidim,Vidim
vinec,Vinec
visnova,Višňová
vidov,Vidov
vitin,Vitín
vimperk,Vimperk
vitejovice,Vitějovice
vilice,Vilice
vintirov,Vintířov
vilemov,Vilémov
vinary,Vinary
vidochov,Vidochov
vitineves,Vitiněves
vilantice,Vilantice
vidlata_sec,Vidlatá Seč
vilemovice,Vilémovice
vidonin,Vidonín
vinicne_sumice,Viničné Šumice
visnove,Višňové
vidnava,Vidnava
vincencov,Vincencov
vitcice,Vitčice
vikantice,Vikantice
vikyrovice,Vikýřovice
vidce,Vidče
vigantice,Vigantice
vizovice,Vizovice
viol,Viöl
vierhofen,Vierhöfen
visselhovede,Visselhövede
vierden,Vierden
visbek,Visbek
viersen,Viersen
viernheim,Viernheim
villmar,Villmar
virneburg,Virneburg
vielbach,Vielbach
vierherrenborn,Vierherrenborn
vinningen,Vinningen
villingendorf,Villingendorf
villingen_schwenningen,Villingen-Schwenningen
vierkirchen,Vierkirchen
vilgertshofen,Vilgertshofen
vilsbiburg,Vilsbiburg
vilsheim,Vilsheim
vilshofen_an_der_donau,Vilshofen an der Donau
viechtach,Viechtach
vilseck,Vilseck
viereth_trunstadt,Viereth-Trunstadt
villenbach,Villenbach
vierlinden,Vierlinden
vielitzsee,Vielitzsee
vipperow,Vipperow
viereck,Viereck
vielank,Vielank
viernau,Viernau
vippachedelhausen,Vippachedelhausen
villerslev,Villerslev
visby,Visby
vigso,Vigsø
vilsted,Vilsted
vindblaes,Vindblæs
visborg,Visborg
vive_hadsund,Vive-Hadsund
vidstrup,Vidstrup
vinding,Vinding
vind,Vind
vildbjerg,Vildbjerg
vinderup,Vinderup
vistoft,Vistoft
villerso,Villersø
vivild,Vivild
vitten,Vitten
vissing,Vissing
virring,Virring
vium,Vium
vinderslev,Vinderslev
virklund,Virklund
vitved,Vitved
viby,Viby
videbaek,Videbæk
vile,Vile
viborg_domsogn,Viborg Domsogn
vinkel,Vinkel
vindum,Vindum
viskum,Viskum
vissenbjerg,Vissenbjerg
vindinge,Vindinge
vigerslev,Vigerslev
vilstrup,Vilstrup
vilslev,Vilslev
viuf,Viuf
vindelev,Vindelev
virum,Virum
villingerod,Villingerød
vig,Vig
vipperod,Vipperød
viskinge,Viskinge
vigersted,Vigersted
vindeby,Vindeby
vigsnaes,Vigsnæs
viimsi,Viimsi
vihula,Vihula
vinni,Vinni
viru_nigula,Viru-Nigula
vigala,Vigala
viljandi,Viljandi
viator,Viator
villaluenga_del_rosario,Villaluenga del Rosario
villamartin,Villamartín
victoria_la,Victoria, La
villa_del_rio,Villa del Río
villafranca_de_cordoba,Villafranca de Córdoba
villaharta,Villaharta
villanueva_de_cordoba,Villanueva de Córdoba
villanueva_del_duque,Villanueva del Duque
villanueva_del_rey,Villanueva del Rey
villaralto,Villaralto
villaviciosa_de_cordoba,Villaviciosa de Córdoba
viso_el,Viso, El
villanueva_de_las_torres,Villanueva de las Torres
villanueva_mesia,Villanueva Mesía
viznar,Viznar
villamena,Villamena
villablanca,Villablanca
villalba_del_alcor,Villalba del Alcor
villanueva_de_las_cruces,Villanueva de las Cruces
villanueva_de_los_castillejos,Villanueva de los Castillejos
villarrasa,Villarrasa
vilches,Vilches
villacarrillo,Villacarrillo
villanueva_de_la_reina,Villanueva de la Reina
villanueva_del_arzobispo,Villanueva del Arzobispo
villardompardo,Villardompardo
villares_los,Villares, Los
villarrodrigo,Villarrodrigo
villatorres,Villatorres
villanueva_de_algaidas,Villanueva de Algaidas
villanueva_del_rosario,Villanueva del Rosario
villanueva_del_trabuco,Villanueva del Trabuco
villanueva_de_tapia,Villanueva de Tapia
vinuela,Viñuela
villanueva_de_la_concepcion,Villanueva de la Concepción
villamanrique_de_la_condesa,Villamanrique de la Condesa
villanueva_del_ariscal,Villanueva del Ariscal
villanueva_del_rio_y_minas,Villanueva del Río y Minas
villanueva_de_san_juan,Villanueva de San Juan
villaverde_del_rio,Villaverde del Río
viso_del_alcor_el,Viso del Alcor, El
villafranco_del_guadalquivir,Villafranco del Guadalquivir
viacamp_y_litera,Viacamp y Litera
vicien,Vicién
villanova,Villanova
villanua,Villanúa
villanueva_de_sigena,Villanueva de Sigena
villafranca_del_campo,Villafranca del Campo
villahermosa_del_campo,Villahermosa del Campo
villanueva_del_rebollar_de_la_sierra,Villanueva del Rebollar de la Sierra
villar_del_cobo,Villar del Cobo
villar_del_salz,Villar del Salz
villarluengo,Villarluengo
villarquemado,Villarquemado
villarroya_de_los_pinares,Villarroya de los Pinares
villastar,Villastar
villel,Villel
vinaceite,Vinaceite
visiedo,Visiedo
vivel_del_rio_martin,Vivel del Río Martín
vierlas,Vierlas
viluena_la,Vilueña, La
villadoz,Villadoz
villafeliche,Villafeliche
villafranca_de_ebro,Villafranca de Ebro
villalba_de_perejil,Villalba de Perejil
villalengua,Villalengua
villanueva_de_gallego,Villanueva de Gállego
villanueva_de_jiloca,Villanueva de Jiloca
villanueva_de_huerva,Villanueva de Huerva
villar_de_los_navarros,Villar de los Navarros
villarreal_de_huerva,Villarreal de Huerva
villarroya_de_la_sierra,Villarroya de la Sierra
villarroya_del_campo,Villarroya del Campo
vistabella,Vistabella
villamayor_de_gallego,Villamayor de Gállego
villanueva_de_oscos,Villanueva de Oscos
villaviciosa,Villaviciosa
villayon,Villayón
vilafranca_de_bonany,Vilafranca de Bonany
victoria_de_acentejo_la,Victoria de Acentejo, La
vilaflor,Vilaflor
villa_de_mazo,Villa de Mazo
villacarriedo,Villacarriedo
villaescusa,Villaescusa
villafufre,Villafufre
villaverde_de_trucios,Villaverde de Trucíos
villaflor,Villaflor
villafranca_de_la_sierra,Villafranca de la Sierra
villanueva_de_gomez,Villanueva de Gómez
villanueva_del_aceral,Villanueva del Aceral
villanueva_del_campillo,Villanueva del Campillo
villar_de_corneja,Villar de Corneja
villarejo_del_valle,Villarejo del Valle
villatoro,Villatoro
vinegra_de_morana,Viñegra de Moraña
vita,Vita
villanueva_de_avila,Villanueva de Avila
vid_y_barrios_la,Vid y Barrios, La
vid_de_bureba_la,Vid de Bureba, La
vilena,Vileña
viloria_de_rioja,Viloria de Rioja
vilviestre_del_pinar,Vilviestre del Pinar
villadiego,Villadiego
villaescusa_de_roa,Villaescusa de Roa
villaescusa_la_sombria,Villaescusa la Sombría
villaespasa,Villaespasa
villafranca_montes_de_oca,Villafranca-Montes de Oca
villafruela,Villafruela
villagalijo,Villagalijo
villagonzalo_pedernales,Villagonzalo Pedernales
villahoz,Villahoz
villalba_de_duero,Villalba de Duero
villalbilla_de_burgos,Villalbilla de Burgos
villalbilla_de_gumiel,Villalbilla de Gumiel
villaldemiro,Villaldemiro
villalmanzo,Villalmanzo
villamayor_de_los_montes,Villamayor de los Montes
villamayor_de_trevino,Villamayor de Treviño
villambistia,Villambistia
villamedianilla,Villamedianilla
villamiel_de_la_sierra,Villamiel de la Sierra
villangomez,Villangómez
villanueva_de_argano,Villanueva de Argaño
villanueva_de_carazo,Villanueva de Carazo
villanueva_de_gumiel,Villanueva de Gumiel
villanueva_de_teba,Villanueva de Teba
villaquiran_de_la_puebla,Villaquirán de la Puebla
villaquiran_de_los_infantes,Villaquirán de los Infantes
villariezo,Villariezo
villasandino,Villasandino
villasur_de_herreros,Villasur de Herreros
villatuelda,Villatuelda
villaverde_del_monte,Villaverde del Monte
villaverde_mogina,Villaverde-Mogina
villayerno_morquillas,Villayerno Morquillas
villazopeque,Villazopeque
villegas,Villegas
villoruebo,Villoruebo
vizcainos,Vizcaínos
villarcayo_de_merindad_de_castilla_la_vieja,Villarcayo de Merindad de Castilla la Vieja
villablino,Villablino
villabraz,Villabraz
villadangos_del_paramo,Villadangos del Páramo
villademor_de_la_vega,Villademor de la Vega
villafranca_del_bierzo,Villafranca del Bierzo
villagaton,Villagatón
villamandos,Villamandos
villamanan,Villamañán
villamartin_de_don_sancho,Villamartín de Don Sancho
villamejil,Villamejil
villamol,Villamol
villamontan_de_la_valduerna,Villamontán de la Valduerna
villamoratiel_de_las_matas,Villamoratiel de las Matas
villanueva_de_las_manzanas,Villanueva de las Manzanas
villaobispo_de_otero,Villaobispo de Otero
villaquejida,Villaquejida
villaquilambre,Villaquilambre
villarejo_de_orbigo,Villarejo de Orbigo
villares_de_orbigo,Villares de Orbigo
villasabariego,Villasabariego
villaselan,Villaselán
villaturiel,Villaturiel
villazala,Villazala
villazanzo_de_valderaduey,Villazanzo de Valderaduey
villamanin,Villamanín
villaornate_y_castro,Villaornate y Castro
vid_de_ojeda_la,Vid de Ojeda, La
villabasta_de_valdavia,Villabasta de Valdavia
villacidaler,Villacidaler
villaconancio,Villaconancio
villada,Villada
villaeles_de_valdavia,Villaeles de Valdavia
villahan,Villahán
villaherreros,Villaherreros
villalaco,Villalaco
villalba_de_guardo,Villalba de Guardo
villalcazar_de_sirga,Villalcázar de Sirga
villalcon,Villalcón
villalobon,Villalobón
villaluenga_de_la_vega,Villaluenga de la Vega
villamartin_de_campos,Villamartín de Campos
villamediana,Villamediana
villameriel,Villameriel
villamoronta,Villamoronta
villamuera_de_la_cueza,Villamuera de la Cueza
villamuriel_de_cerrato,Villamuriel de Cerrato
villanueva_del_rebollar,Villanueva del Rebollar
villanuno_de_valdavia,Villanuño de Valdavia
villaprovedo,Villaprovedo
villarmentero_de_campos,Villarmentero de Campos
villarrabe,Villarrabé
villarramiel,Villarramiel
villasarracino,Villasarracino
villasila_de_valdavia,Villasila de Valdavia
villaturde,Villaturde
villaumbrales,Villaumbrales
villaviudas,Villaviudas
villerias_de_campos,Villerías de Campos
villodre,Villodre
villodrigo,Villodrigo
villoldo,Villoldo
villota_del_paramo,Villota del Páramo
villovieco,Villovieco
vilvestre,Vilvestre
villaflores,Villaflores
villagonzalo_de_tormes,Villagonzalo de Tormes
villalba_de_los_llanos,Villalba de los Llanos
villamayor,Villamayor
villanueva_del_conde,Villanueva del Conde
villar_de_arganan,Villar de Argañán
villar_de_ciervo,Villar de Ciervo
villar_de_gallimazo,Villar de Gallimazo
villar_de_la_yegua,Villar de la Yegua
villar_de_peralonso,Villar de Peralonso
villar_de_samaniego,Villar de Samaniego
villares_de_la_reina,Villares de la Reina
villares_de_yeltes,Villares de Yeltes
villarino_de_los_aires,Villarino de los Aires
villarmayor,Villarmayor
villarmuerto,Villarmuerto
villasbuenas,Villasbuenas
villasdardo,Villasdardo
villaseco_de_los_gamitos,Villaseco de los Gamitos
villaseco_de_los_reyes,Villaseco de los Reyes
villasrubias,Villasrubias
villaverde_de_guarena,Villaverde de Guareña
villavieja_de_yeltes,Villavieja de Yeltes
villoria,Villoria
villoruela,Villoruela
vitigudino,Vitigudino
villacastin,Villacastín
villaverde_de_iscar,Villaverde de Iscar
villaverde_de_montejo,Villaverde de Montejo
villeguillo,Villeguillo
viana_de_duero,Viana de Duero
villaciervos,Villaciervos
villanueva_de_gormaz,Villanueva de Gormaz
villar_del_ala,Villar del Ala
villar_del_campo,Villar del Campo
villar_del_rio,Villar del Río
villares_de_soria_los,Villares de Soria, Los
villasayas,Villasayas
villaseca_de_arciel,Villaseca de Arciel
vinuesa,Vinuesa
vizmanos,Vizmanos
viana_de_cega,Viana de Cega
viloria,Viloria
villabanez,Villabáñez
villabaruz_de_campos,Villabaruz de Campos
villabragima,Villabrágima
villacarralon,Villacarralón
villacid_de_campos,Villacid de Campos
villaco,Villaco
villafrades_de_campos,Villafrades de Campos
villafranca_de_duero,Villafranca de Duero
villafrechos,Villafrechós
villafuerte,Villafuerte
villagarcia_de_campos,Villagarcía de Campos
villagomez_la_nueva,Villagómez la Nueva
villalon_de_campos,Villalón de Campos
villalar_de_los_comuneros,Villalar de los Comuneros
villalba_de_la_loma,Villalba de la Loma
villalba_de_los_alcores,Villalba de los Alcores
villalbarba,Villalbarba
villamuriel_de_campos,Villamuriel de Campos
villan_de_tordesillas,Villán de Tordesillas
villanubla,Villanubla
villanueva_de_duero,Villanueva de Duero
villanueva_de_la_condesa,Villanueva de la Condesa
villanueva_de_los_caballeros,Villanueva de los Caballeros
villanueva_de_los_infantes,Villanueva de los Infantes
villanueva_de_san_mancio,Villanueva de San Mancio
villardefrades,Villardefrades
villarmentero_de_esgueva,Villarmentero de Esgueva
villasexmir,Villasexmir
villavaquerin,Villavaquerín
villavellid,Villavellid
villaverde_de_medina,Villaverde de Medina
villavicencio_de_los_caballeros,Villavicencio de los Caballeros
vidayanes,Vidayanes
videmala,Videmala
villabrazaro,Villabrázaro
villabuena_del_puente,Villabuena del Puente
villadepera,Villadepera
villafafila,Villafáfila
villaferruena,Villaferrueña
villageriz,Villageriz
villalazan,Villalazán
villalba_de_la_lampreana,Villalba de la Lampreana
villalcampo,Villalcampo
villalobos,Villalobos
villalonso,Villalonso
villalpando,Villalpando
villalube,Villalube
villamayor_de_campos,Villamayor de Campos
villamor_de_los_escuderos,Villamor de los Escuderos
villanazar,Villanázar
villanueva_de_azoague,Villanueva de Azoague
villanueva_de_campean,Villanueva de Campeán
villanueva_de_las_peras,Villanueva de las Peras
villanueva_del_campo,Villanueva del Campo
villaralbo,Villaralbo
villardeciervos,Villardeciervos
villar_de_fallaves,Villar de Fallaves
villar_del_buey,Villar del Buey
villardiegua_de_la_ribera,Villardiegua de la Ribera
villardiga,Villárdiga
villardondiego,Villardondiego
villarrin_de_campos,Villarrín de Campos
villaseco_del_pan,Villaseco del Pan
villavendimio,Villavendimio
villaveza_del_agua,Villaveza del Agua
villaveza_de_valverde,Villaveza de Valverde
vinas,Viñas
vianos,Vianos
villa_de_ves,Villa de Ves
villalgordo_del_jucar,Villalgordo del Júcar
villamalea,Villamalea
villapalacios,Villapalacios
villarrobledo,Villarrobledo
villatoya,Villatoya
villavaliente,Villavaliente
villaverde_de_guadalimar,Villaverde de Guadalimar
viveros,Viveros
villahermosa,Villahermosa
villamanrique,Villamanrique
villamayor_de_calatrava,Villamayor de Calatrava
villanueva_de_la_fuente,Villanueva de la Fuente
villanueva_de_san_carlos,Villanueva de San Carlos
villar_del_pozo,Villar del Pozo
villarrubia_de_los_ojos,Villarrubia de los Ojos
villarta_de_san_juan,Villarta de San Juan
viso_del_marques,Viso del Marqués
villaconejos_de_trabaque,Villaconejos de Trabaque
villaescusa_de_haro,Villaescusa de Haro
villagarcia_del_llano,Villagarcía del Llano
villalba_de_la_sierra,Villalba de la Sierra
villalba_del_rey,Villalba del Rey
villalgordo_del_marquesado,Villalgordo del Marquesado
villalpardo,Villalpardo
villamayor_de_santiago,Villamayor de Santiago
villanueva_de_guadamejud,Villanueva de Guadamejud
villanueva_de_la_jara,Villanueva de la Jara
villar_de_canas,Villar de Cañas
villar_de_domingo_garcia,Villar de Domingo García
villar_de_la_encina,Villar de la Encina
villar_del_humo,Villar del Humo
villar_del_infantado,Villar del Infantado
villar_de_olalla,Villar de Olalla
villarejo_de_fuentes,Villarejo de Fuentes
villarejo_de_la_penuela,Villarejo de la Peñuela
villarejo_periesteban,Villarejo-Periesteban
villares_del_saz,Villares del Saz
villarrubio,Villarrubio
villarta,Villarta
villas_de_la_ventosa,Villas de la Ventosa
villaverde_y_pasaconsol,Villaverde y Pasaconsol
vindel,Vindel
villar_y_velasco,Villar y Velasco
viana_de_jadraque,Viana de Jadraque
villanueva_de_alcoron,Villanueva de Alcorón
villanueva_de_argecilla,Villanueva de Argecilla
villanueva_de_la_torre,Villanueva de la Torre
villares_de_jadraque,Villares de Jadraque
villaseca_de_henares,Villaseca de Henares
villaseca_de_uceda,Villaseca de Uceda
villel_de_mesa,Villel de Mesa
vinuelas,Viñuelas
villacanas,Villacañas
villa_de_don_fadrique_la,Villa de Don Fadrique, La
villafranca_de_los_caballeros,Villafranca de los Caballeros
villaluenga_de_la_sagra,Villaluenga de la Sagra
villamiel_de_toledo,Villamiel de Toledo
villaminaya,Villaminaya
villamuelas,Villamuelas
villanueva_de_alcardete,Villanueva de Alcardete
villanueva_de_bogas,Villanueva de Bogas
villarejo_de_montalban,Villarejo de Montalbán
villarrubia_de_santiago,Villarrubia de Santiago
villaseca_de_la_sagra,Villaseca de la Sagra
villasequilla,Villasequilla
villatobas,Villatobas
viso_de_san_juan_el,Viso de San Juan, El
vilassar_de_dalt,Vilassar de Dalt
vilassar_de_mar,Vilassar de Mar
vic,Vic
vilada,Vilada
viladecavalls,Viladecavalls
viladecans,Viladecans
vilanova_del_cami,Vilanova del Camí
vilanova_de_sau,Vilanova de Sau
vilobi_del_penedes,Vilobí del Penedès
vilafranca_del_penedes,Vilafranca del Penedès
vilalba_sasserra,Vilalba Sasserra
vilanova_i_la_geltru,Vilanova i la Geltrú
viver_i_serrateix,Viver i Serrateix
vilanova_del_valles,Vilanova del Vallès
vidra,Vidrà
vidreres,Vidreres
vilabertran,Vilabertran
vilablareix,Vilablareix
viladasens,Viladasens
viladamat,Viladamat
vilademuls,Vilademuls
viladrau,Viladrau
vilafant,Vilafant
vilaur,Vilaür
vilajuiga,Vilajuïga
vilallonga_de_ter,Vilallonga de Ter
vilamacolum,Vilamacolum
vilamalla,Vilamalla
vilamaniscle,Vilamaniscle
vilanant,Vilanant
vila_sacra,Vila-sacra
vilopriu,Vilopriu
vilobi_d_onyar,Vilobí d'Onyar
vielha_e_mijaran,Vielha e Mijaran
vilagrassa,Vilagrassa
vilaller,Vilaller
vilamos,Vilamòs
vilanova_de_bellpuig,Vilanova de Bellpuig
vilanova_de_l_aguda,Vilanova de l'Aguda
vilanova_de_meia,Vilanova de Meià
vilanova_de_segria,Vilanova de Segrià
vila_sana,Vila-sana
vilosell_el,Vilosell, El
vilanova_de_la_barca,Vilanova de la Barca
vinaixa,Vinaixa
vilabella,Vilabella
vilallonga_del_camp,Vilallonga del Camp
vilanova_d_escornalbou,Vilanova d'Escornalbou
vilanova_de_prades,Vilanova de Prades
vilaplana,Vilaplana
vila_rodona,Vila-rodona
vila_seca_i_salou,Vila-seca i Salou
vilaverd,Vilaverd
vilella_alta_la,Vilella Alta, La
vilella_baixa_la,Vilella Baixa, La
vilalba_dels_arcs,Vilalba dels Arcs
vimbodi,Vimbodí
vinebre,Vinebre
vinyols_i_els_arcs,Vinyols i els Arcs
villafranca_de_los_barros,Villafranca de los Barros
villagarcia_de_la_torre,Villagarcía de la Torre
villagonzalo,Villagonzalo
villalba_de_los_barros,Villalba de los Barros
villanueva_de_la_serena,Villanueva de la Serena
villanueva_del_fresno,Villanueva del Fresno
villar_del_rey,Villar del Rey
villar_de_rena,Villar de Rena
villarta_de_los_montes,Villarta de los Montes
viandar_de_la_vera,Viandar de la Vera
villa_del_campo,Villa del Campo
villa_del_rey,Villa del Rey
villamesias,Villamesías
villamiel,Villamiel
villanueva_de_la_sierra,Villanueva de la Sierra
villanueva_de_la_vera,Villanueva de la Vera
villar_del_pedroso,Villar del Pedroso
villar_de_plasencia,Villar de Plasencia
villasbuenas_de_gata,Villasbuenas de Gata
vilasantar,Vilasantar
vilarmaior,Vilarmaior
vimianzo,Vimianzo
vicedo_o,Vicedo, O
vilalba,Vilalba
viveiro,Viveiro
viana_do_bolo,Viana do Bolo
vilamarin,Vilamarín
vilamartin_de_valdeorras,Vilamartín de Valdeorras
vilar_de_barrio,Vilar de Barrio
vilar_de_santos,Vilar de Santos
vilardevos,Vilardevós
vilarino_de_conso,Vilariño de Conso
vigo,Vigo
vilaboa,Vilaboa
vila_de_cruces,Vila de Cruces
vilagarcia_de_arousa,Vilagarcía de Arousa
vilanova_de_arousa,Vilanova de Arousa
villaconejos,Villaconejos
villa_del_prado,Villa del Prado
villalbilla,Villalbilla
villamanrique_de_tajo,Villamanrique de Tajo
villamanta,Villamanta
villamantilla,Villamantilla
villanueva_de_la_canada,Villanueva de la Cañada
villanueva_del_pardillo,Villanueva del Pardillo
villanueva_de_perales,Villanueva de Perales
villar_del_olmo,Villar del Olmo
villarejo_de_salvanes,Villarejo de Salvanés
villaviciosa_de_odon,Villaviciosa de Odón
villavieja_del_lozoya,Villavieja del Lozoya
villanueva_del_rio_segura,Villanueva del Río Segura
viana,Viana
vidangoz,Vidángoz
vidaurreta,Vidaurreta
villafranca,Villafranca
villamayor_de_monjardin,Villamayor de Monjardín
villatuerta,Villatuerta
villava_atarrabia,Villava/Atarrabia
villabuena_de_alava,Villabuena de Alava
vitoria_gasteiz,Vitoria-Gasteiz
villabona,Villabona
viguera,Viguera
villalba_de_rioja,Villalba de Rioja
villalobar_de_rioja,Villalobar de Rioja
villamediana_de_iregua,Villamediana de Iregua
villanueva_de_cameros,Villanueva de Cameros
villar_de_arnedo_el,Villar de Arnedo, El
villar_de_torre,Villar de Torre
villarejo,Villarejo
villarroya,Villarroya
villarta_quintana,Villarta-Quintana
villavelayo,Villavelayo
villaverde_de_rioja,Villaverde de Rioja
villoslada_de_cameros,Villoslada de Cameros
viniegra_de_abajo,Viniegra de Abajo
viniegra_de_arriba,Viniegra de Arriba
villajoyosa_vila_joiosa_la,Villajoyosa/Vila Joiosa, la
villena,Villena
vilafames,Vilafamés
villafranca_del_cid,Villafranca del Cid
villahermosa_del_rio,Villahermosa del Río
villamalur,Villamalur
vilanova_d_alcolea,Vilanova d'Alcolea
villanueva_de_viver,Villanueva de Viver
vilar_de_canes,Vilar de Canes
villarreal_vila_real,Villarreal/Vila-real
villavieja,Villavieja
villores,Villores
vinaros,Vinarós
vistabella_del_maestrazgo,Vistabella del Maestrazgo
viver,Viver
villalonga,Villalonga
vilamarxant,Vilamarxant
villar_del_arzobispo,Villar del Arzobispo
villargordo_del_cabriel,Villargordo del Cabriel
vinalesa,Vinalesa
vihti_number_vichtis,Vihti#Vichtis
virolahti,Virolahti
vierema,Vieremä
virrat_number_virdois,Virrat#Virdois
viitasaari,Viitasaari
vimpeli,Vimpeli
vignely,Vignely
villemareuil,Villemareuil
villeneuve_sous_dammartin,Villeneuve-sous-Dammartin
villenoy,Villenoy
villeparisis,Villeparisis
villeroy,Villeroy
villevaude,Villevaudé
villiers_sur_morin,Villiers-sur-Morin
vinantes,Vinantes
vincy_manoeuvre,Vincy-Manœuvre
villiers_en_biere,Villiers-en-Bière
vieux_champagne,Vieux-Champagne
villenauxe_la_petite,Villenauxe-la-Petite
villeneuve_le_comte,Villeneuve-le-Comte
villeneuve_les_bordes,Villeneuve-les-Bordes
villeneuve_saint_denis,Villeneuve-Saint-Denis
villeneuve_sur_bellot,Villeneuve-sur-Bellot
villiers_saint_georges,Villiers-Saint-Georges
villiers_sur_seine,Villiers-sur-Seine
villuis,Villuis
vimpelles,Vimpelles
villebeon,Villebéon
villecerf,Villecerf
villemarechal,Villemaréchal
villemer,Villemer
ville_saint_jacques,Ville-Saint-Jacques
villiers_sous_grez,Villiers-sous-Grez
villette,Villette
vicq,Vicq
vieille_eglise_en_yvelines,Vieille-Église-en-Yvelines
villiers_le_mahieu,Villiers-le-Mahieu
villiers_saint_frederic,Villiers-Saint-Frédéric
villennes_sur_seine,Villennes-sur-Seine
villepreux,Villepreux
viroflay,Viroflay
videlles,Videlles
villeconin,Villeconin
villeneuve_sur_auvers,Villeneuve-sur-Auvers
vigneux_sur_seine,Vigneux-sur-Seine
villabe,Villabé
viry_chatillon,Viry-Châtillon
villebon_sur_yvette,Villebon-sur-Yvette
villejust,Villejust
villemoisson_sur_orge,Villemoisson-sur-Orge
villiers_le_bacle,Villiers-le-Bâcle
villiers_sur_orge,Villiers-sur-Orge
villeneuve_la_garenne,Villeneuve-la-Garenne
ville_d_avray,Ville-d'Avray
villemomble,Villemomble
villepinte,Villepinte
villetaneuse,Villetaneuse
villecresnes,Villecresnes
villeneuve_le_roi,Villeneuve-le-Roi
villeneuve_saint_georges,Villeneuve-Saint-Georges
vitry_sur_seine,Vitry-sur-Seine
villiers_sur_marne,Villiers-sur-Marne
vincennes,Vincennes
villejuif,Villejuif
viarmes,Viarmes
villaines_sous_bois,Villaines-sous-Bois
villeron,Villeron
villiers_le_bel,Villiers-le-Bel
villiers_le_sec,Villiers-le-Sec
vienne_en_arthies,Vienne-en-Arthies
vigny,Vigny
villers_en_arthies,Villers-en-Arthies
villiers_adam,Villiers-Adam
vignoux_sous_les_aix,Vignoux-sous-les-Aix
villabon,Villabon
villegenon,Villegenon
villeneuve_sur_cher,Villeneuve-sur-Cher
villequiers,Villequiers
vinon,Vinon
villecelin,Villecelin
vierzon,Vierzon
vignoux_sur_barangeon,Vignoux-sur-Barangeon
vierville,Vierville
villars,Villars
villeau,Villeau
villebon,Villebon
villemaury,Villemaury
vieuvicq,Vieuvicq
villampuy,Villampuy
villiers_saint_orien,Villiers-Saint-Orien
vitray_en_beauce,Vitray-en-Beauce
villemeux_sur_eure,Villemeux-sur-Eure
villiers_le_morhier,Villiers-le-Morhier
vicheres,Vichères
vigoux,Vigoux
villiers,Villiers
vicq_sur_nahon,Vicq-sur-Nahon
villedieu_sur_indre,Villedieu-sur-Indre
villegongis,Villegongis
villegouin,Villegouin
villentrois,Villentrois
vineuil,Vineuil
vicq_exemplet,Vicq-Exemplet
vigoulant,Vigoulant
vijon,Vijon
villebourg,Villebourg
villiers_au_bouin,Villiers-au-Bouin
villaines_les_rochers,Villaines-les-Rochers
villandry,Villandry
villeperdue,Villeperdue
villedomain,Villedômain
villedomer,Villedômer
villeloin_coulange,Villeloin-Coulangé
vievy_le_raye,Vievy-le-Rayé
villebarou,Villebarou
villefrancoeur,Villefrancœur
villeneuve_frouville,Villeneuve-Frouville
villerbon,Villerbon
villermain,Villermain
villexanton,Villexanton
villavard,Villavard
villebout,Villebout
villechauve,Villechauve
villedieu_le_chateau,Villedieu-le-Château
villemardy,Villemardy
villeporcher,Villeporcher
villerable,Villerable
villeromain,Villeromain
villetrun,Villetrun
villiersfaux,Villiersfaux
villiers_sur_loir,Villiers-sur-Loir
villefranche_sur_cher,Villefranche-sur-Cher
villeherviers,Villeherviers
villeny,Villeny
vieilles_maisons_sur_joudry,Vieilles-Maisons-sur-Joudry
villemandeur,Villemandeur
villemoutiers,Villemoutiers
villevoques,Villevoques
vimory,Vimory
vienne_en_val,Vienne-en-Val
viglain,Viglain
villamblain,Villamblain
villemurlin,Villemurlin
villeneuve_sur_conie,Villeneuve-sur-Conie
villereau,Villereau
villorceau,Villorceau
vitry_aux_loges,Vitry-aux-Loges
vianges,Vianges
vic_des_pres,Vic-des-Prés
vievy,Viévy
vignoles,Vignoles
villars_fontaine,Villars-Fontaine
villebichot,Villebichot
villers_la_faye,Villers-la-Faye
villiers_en_morvan,Villiers-en-Morvan
villy_le_moutier,Villy-le-Moutier
vieilmoulin,Vieilmoulin
vielverge,Vielverge
vievigne,Viévigne
villecomte,Villecomte
villers_les_pots,Villers-les-Pots
villers_rotin,Villers-Rotin
villey_sur_tille,Villey-sur-Tille
villotte_saint_seine,Villotte-Saint-Seine
vic_de_chassenay,Vic-de-Chassenay
vic_sous_thil,Vic-sous-Thil
vieux_chateau,Vieux-Château
villaines_en_duesmois,Villaines-en-Duesmois
villaines_les_prevotes,Villaines-les-Prévôtes
villargoix,Villargoix
villars_et_villenotte,Villars-et-Villenotte
villeberny,Villeberny
villedieu,Villedieu
villeferry,Villeferry
villeneuve_sous_charigny,Villeneuve-sous-Charigny
villers_patras,Villers-Patras
villiers_le_duc,Villiers-le-Duc
villotte_sur_ource,Villotte-sur-Ource
villy_en_auxois,Villy-en-Auxois
viserny,Viserny
vitteaux,Vitteaux
vix,Vix
vieilley,Vieilley
viethorey,Viéthorey
villars_saint_georges,Villars-Saint-Georges
villers_buzon,Villers-Buzon
villers_grelot,Villers-Grélot
villers_saint_martin,Villers-Saint-Martin
villers_sous_montrond,Villers-sous-Montrond
vieux_charmont,Vieux-Charmont
villars_les_blamont,Villars-lès-Blamont
villars_sous_dampjoux,Villars-sous-Dampjoux
villars_sous_ecot,Villars-sous-Écot
villers_le_lac,Villers-le-Lac
ville_du_pont,Ville-du-Pont
villeneuve_d_amont,Villeneuve-d'Amont
villers_chief,Villers-Chief
villers_la_combe,Villers-la-Combe
villers_sous_chalamont,Villers-sous-Chalamont
villeneuve_d_aval,Villeneuve-d'Aval
villerserine,Villerserine
villers_farlay,Villers-Farlay
villers_les_bois,Villers-les-Bois
villers_robert,Villers-Robert
villette_les_arbois,Villette-lès-Arbois
villette_les_dole,Villette-lès-Dole
vitreux,Vitreux
villeneuve_sous_pymont,Villeneuve-sous-Pymont
villevieux,Villevieux
vincent_froideville,Vincent-Froideville
villard_saint_sauveur,Villard-Saint-Sauveur
villards_d_heria,Villards-d'Héria
villard_sur_bienne,Villard-sur-Bienne
viry,Viry
villapourcon,Villapourçon
vignol,Vignol
villiers_sur_yonne,Villiers-sur-Yonne
vitry_lache,Vitry-Laché
ville_langy,Ville-Langy
vielmanay,Vielmanay
villafans,Villafans
villargent,Villargent
villersexel,Villersexel
villers_les_luxeuil,Villers-lès-Luxeuil
villers_sur_saulnot,Villers-sur-Saulnot
visoncourt,Visoncourt
villers_chemin_et_mont_les_etrelles,Villers-Chemin-et-Mont-lès-Étrelles
villars_le_pautel,Villars-le-Pautel
villefrancon,Villefrancon
villeparois,Villeparois
villers_bouton,Villers-Bouton
villers_le_sec,Villers-le-Sec
villers_pater,Villers-Pater
villers_sur_port,Villers-sur-Port
villers_vaudey,Villers-Vaudey
vilory,Vilory
vitrey_sur_mance,Vitrey-sur-Mance
villegaudin,Villegaudin
villeneuve_en_montagne,Villeneuve-en-Montagne
virey_le_grand,Virey-le-Grand
vindecy,Vindecy
vitry_en_charollais,Vitry-en-Charollais
vitry_sur_loire,Vitry-sur-Loire
vincelles,Vincelles
vinzelles,Vinzelles
vire,Viré
villefargeau,Villefargeau
villeneuve_les_genets,Villeneuve-les-Genêts
villeneuve_saint_salves,Villeneuve-Saint-Salves
villiers_saint_benoit,Villiers-Saint-Benoît
villiers_vineux,Villiers-Vineux
villy,Villy
vincelottes,Vincelottes
vignes,Vignes
villiers_les_hauts,Villiers-les-Hauts
villon,Villon
vireaux,Vireaux
viviers,Viviers
villeblevin,Villeblevin
villebougis,Villebougis
villechetive,Villechétive
villecien,Villecien
villemanoche,Villemanoche
villenavotte,Villenavotte
villeneuve_la_dondagre,Villeneuve-la-Dondagre
villeneuve_la_guyard,Villeneuve-la-Guyard
villeneuve_l_archeveque,Villeneuve-l'Archevêque
villeneuve_sur_yonne,Villeneuve-sur-Yonne
villeperrot,Villeperrot
villethierry,Villethierry
villevallier,Villevallier
villiers_louis,Villiers-Louis
vinneuf,Vinneuf
villars_le_sec,Villars-le-Sec
vienne_en_bessin,Vienne-en-Bessin
vierville_sur_mer,Vierville-sur-Mer
vicques,Vicques
vieux,Vieux
vignats,Vignats
villers_canivet,Villers-Canivet
villons_les_buissons,Villons-les-Buissons
villy_lez_falaise,Villy-lez-Falaise
vimont,Vimont
victot_pontfol,Victot-Pontfol
vieux_bourg,Vieux-Bourg
villers_sur_mer,Villers-sur-Mer
villerville,Villerville
villers_bocage,Villers-Bocage
villy_bocage,Villy-Bocage
vire_normandie,Vire Normandie
villegats,Villegats
villers_en_vexin,Villers-en-Vexin
villers_sur_le_roule,Villers-sur-le-Roule
villez_sous_bailleul,Villez-sous-Bailleul
villiers_en_desoeuvre,Villiers-en-Désœuvre
vironvay,Vironvay
vieux_port,Vieux-Port
villettes,Villettes
villez_sur_le_neubourg,Villez-sur-le-Neubourg
vitot,Vitot
vicq_sur_mer,Vicq-sur-Mer
videcosville,Videcosville
virandeville,Virandeville
villebaudon,Villebaudon
villedieu_les_poeles_rouffigny,Villedieu-les-Poêles-Rouffigny
villiers_fossard,Villiers-Fossard
vidai,Vidai
vieux_pont,Vieux-Pont
villedieu_les_bailleul,Villedieu-lès-Bailleul
villiers_sous_mortagne,Villiers-sous-Mortagne
vimoutiers,Vimoutiers
vitrai_sous_laigle,Vitrai-sous-Laigle
vieux_rouen_sur_bresle,Vieux-Rouen-sur-Bresle
villers_sous_foucarmont,Villers-sous-Foucarmont
villy_sur_yeres,Villy-sur-Yères
vittefleur,Vittefleur
villainville,Villainville
vinnemerville,Vinnemerville
virville,Virville
vibeuf,Vibeuf
vieux_manoir,Vieux-Manoir
villers_ecalles,Villers-Écalles
vichel_nanteuil,Vichel-Nanteuil
viels_maisons,Viels-Maisons
viffort,Viffort
villeneuve_sur_fere,Villeneuve-sur-Fère
villers_agron_aiguizy,Villers-Agron-Aiguizy
villers_sur_fere,Villers-sur-Fère
villiers_saint_denis,Villiers-Saint-Denis
villequier_aumont,Villequier-Aumont
viry_noureuil,Viry-Noureuil
vivaise,Vivaise
villers_saint_christophe,Villers-Saint-Christophe
vic_sur_aisne,Vic-sur-Aisne
viel_arcy,Viel-Arcy
vierzy,Vierzy
villemontoire,Villemontoire
villeneuve_saint_germain,Villeneuve-Saint-Germain
villers_cotterets,Villers-Cotterêts
villers_helon,Villers-Hélon
ville_savoye,Ville-Savoye
vivieres,Vivières
vigneux_hocquet,Vigneux-Hocquet
villers_les_guise,Villers-lès-Guise
vincy_reuil_et_magny,Vincy-Reuil-et-Magny
vieux_mesnil,Vieux-Mesnil
vieux_reng,Vieux-Reng
villers_pol,Villers-Pol
villers_sire_nicole,Villers-Sire-Nicole
viesly,Viesly
villers_en_cauchies,Villers-en-Cauchies
villers_guislain,Villers-Guislain
villers_outreaux,Villers-Outréaux
villers_plouich,Villers-Plouich
villers_au_tertre,Villers-au-Tertre
vieux_berquin,Vieux-Berquin
villeneuve_d_ascq,Villeneuve-d'Ascq
vieux_conde,Vieux-Condé
viefvillers,Viefvillers
villembray,Villembray
villeneuve_les_sablons,Villeneuve-les-Sablons
villers_saint_barthelemy,Villers-Saint-Barthélemy
villers_saint_sepulcre,Villers-Saint-Sépulcre
villers_sur_auchy,Villers-sur-Auchy
villers_sur_bonnieres,Villers-sur-Bonnières
villers_sur_trie,Villers-sur-Trie
villers_vermont,Villers-Vermont
villotran,Villotran
villers_vicomte,Villers-Vicomte
vieux_moulin,Vieux-Moulin
vignemont,Vignemont
ville,Ville
villers_sur_coudun,Villers-sur-Coudun
villeselve,Villeselve
villeneuve_sur_verberie,Villeneuve-sur-Verberie
villers_saint_frambourg,Villers-Saint-Frambourg
villers_saint_genest,Villers-Saint-Genest
villers_saint_paul,Villers-Saint-Paul
villers_sous_saint_leu,Villers-sous-Saint-Leu
vineuil_saint_firmin,Vineuil-Saint-Firmin
villers_au_bois,Villers-au-Bois
villers_au_flos,Villers-au-Flos
villers_brulin,Villers-Brûlin
villers_chatel,Villers-Châtel
villers_les_cagnicourt,Villers-lès-Cagnicourt
villers_l_hopital,Villers-l'Hôpital
villers_sir_simon,Villers-Sir-Simon
vis_en_artois,Vis-en-Artois
vitry_en_artois,Vitry-en-Artois
vieille_chapelle,Vieille-Chapelle
violaines,Violaines
vieil_moutier,Vieil-Moutier
vieil_hesdin,Vieil-Hesdin
vincly,Vincly
vieille_eglise,Vieille-Église
vimy,Vimy
villers_sous_ailly,Villers-sous-Ailly
villers_sur_authie,Villers-sur-Authie
vironchaux,Vironchaux
vismes,Vismes
vitz_sur_authie,Vitz-sur-Authie
vignacourt,Vignacourt
ville_le_marclet,Ville-le-Marclet
villers_bretonneux,Villers-Bretonneux
villers_campsart,Villers-Campsart
villers_aux_erables,Villers-aux-Érables
villers_les_roye,Villers-lès-Roye
villers_tournelle,Villers-Tournelle
villecourt,Villecourt
villers_carbonnel,Villers-Carbonnel
villers_faucon,Villers-Faucon
ville_sur_ancre,Ville-sur-Ancre
villers_le_tilleul,Villers-le-Tilleul
villers_semeuse,Villers-Semeuse
villers_sur_le_mont,Villers-sur-le-Mont
ville_sur_lumes,Ville-sur-Lumes
vireux_molhain,Vireux-Molhain
vireux_wallerand,Vireux-Wallerand
vivier_au_court,Vivier-au-Court
viel_saint_remy,Viel-Saint-Remy
vieux_les_asfeld,Vieux-lès-Asfeld
villers_devant_le_thour,Villers-devant-le-Thour
villers_le_tourneur,Villers-le-Tourneur
ville_sur_retourne,Ville-sur-Retourne
villers_devant_mouzon,Villers-devant-Mouzon
villers_sur_bar,Villers-sur-Bar
ville_sous_la_ferte,Ville-sous-la-Ferté
ville_sur_terre,Ville-sur-Terre
viapres_le_petit,Viâpres-le-Petit
villadin,Villadin
villenauxe_la_grande,Villenauxe-la-Grande
villacerf,Villacerf
villechetif,Villechétif
villeloup,Villeloup
villemereuil,Villemereuil
villemoiron_en_othe,Villemoiron-en-Othe
villemorien,Villemorien
villemoyenne,Villemoyenne
villeneuve_au_chemin,Villeneuve-au-Chemin
villery,Villery
ville_sur_arce,Ville-sur-Arce
villette_sur_aube,Villette-sur-Aube
villiers_herbisse,Villiers-Herbisse
villiers_le_bois,Villiers-le-Bois
villiers_sous_praslin,Villiers-sous-Praslin
villy_en_trodes,Villy-en-Trodes
villy_le_bois,Villy-le-Bois
villy_le_marechal,Villy-le-Maréchal
vinets,Vinets
virey_sous_bar,Virey-sous-Bar
vitry_le_croise,Vitry-le-Croisé
viviers_sur_artaut,Viviers-sur-Artaut
villeneuve_renneville_chevigny,Villeneuve-Renneville-Chevigny
villers_le_chateau,Villers-le-Château
villeseneux,Villeseneux
vitry_la_ville,Vitry-la-Ville
villeneuve_la_lionne,Villeneuve-la-Lionne
villeneuve_saint_vistre_et_villevotte,Villeneuve-Saint-Vistre-et-Villevotte
villers_aux_bois,Villers-aux-Bois
villevenard,Villevenard
villiers_aux_corneilles,Villiers-aux-Corneilles
vinay,Vinay
vindey,Vindey
ville_dommange,Ville-Dommange
ville_en_selve,Ville-en-Selve
ville_en_tardenois,Ville-en-Tardenois
villers_allerand,Villers-Allerand
villers_aux_noeuds,Villers-aux-Nœuds
villers_franqueux,Villers-Franqueux
villers_marmery,Villers-Marmery
villers_sous_chatillon,Villers-sous-Châtillon
vitry_en_perthois,Vitry-en-Perthois
vitry_le_francois,Vitry-le-François
vienne_la_ville,Vienne-la-Ville
vienne_le_chateau,Vienne-le-Château
villers_en_argonne,Villers-en-Argonne
ville_sur_tourbe,Ville-sur-Tourbe
virginy,Virginy
vieville,Viéville
vignes_la_cote,Vignes-la-Côte
vignory,Vignory
villars_en_azois,Villars-en-Azois
villiers_sur_suize,Villiers-sur-Suize
vitry_les_nogent,Vitry-lès-Nogent
villars_santenoge,Villars-Santenoge
villegusien_le_lac,Villegusien-le-Lac
villiers_les_aprey,Villiers-lès-Aprey
violot,Violot
vitry_en_montagne,Vitry-en-Montagne
vivey,Vivey
ville_en_blaisois,Ville-en-Blaisois
villiers_en_lieu,Villiers-en-Lieu
ville_au_montois,Ville-au-Montois
villecey_sur_mad,Villecey-sur-Mad
ville_houdlemont,Ville-Houdlémont
villers_la_chevre,Villers-la-Chèvre
villers_la_montagne,Villers-la-Montagne
villers_le_rond,Villers-le-Rond
villerupt,Villerupt
ville_sur_yron,Ville-sur-Yron
viviers_sur_chiers,Viviers-sur-Chiers
vigneulles,Vigneulles
villacourt,Villacourt
virecourt,Virecourt
vitrimont,Vitrimont
ville_au_val,Ville-au-Val
ville_en_vermois,Ville-en-Vermois
villers_les_moivrons,Villers-lès-Moivrons
villers_les_nancy,Villers-lès-Nancy
villers_sous_preny,Villers-sous-Prény
viterne,Viterne
vitrey,Vitrey
vittonville,Vittonville
vieville_en_haye,Viéville-en-Haye
vilcey_sur_trey,Vilcey-sur-Trey
villers_en_haye,Villers-en-Haye
villey_le_sec,Villey-le-Sec
villey_saint_etienne,Villey-Saint-Étienne
villers_aux_vents,Villers-aux-Vents
ville_sur_saulx,Ville-sur-Saulx
villotte_devant_louppy,Villotte-devant-Louppy
vigneulles_les_hattonchatel,Vigneulles-lès-Hattonchâtel
vignot,Vignot
ville_devant_belrain,Ville-devant-Belrain
villeroy_sur_meholle,Villeroy-sur-Méholle
villotte_sur_aire,Villotte-sur-Aire
vigneul_sous_montmedy,Vigneul-sous-Montmédy
villecloye,Villécloye
ville_devant_chaumont,Ville-devant-Chaumont
ville_en_woevre,Ville-en-Woëvre
villers_devant_dun,Villers-devant-Dun
villers_les_mangiennes,Villers-lès-Mangiennes
villers_sous_pareid,Villers-sous-Pareid
villers_sur_meuse,Villers-sur-Meuse
ville_sur_cousances,Ville-sur-Cousances
vilosnes_haraumont,Vilosnes-Haraumont
vittarville,Vittarville
viller,Viller
villing,Villing
vittoncourt,Vittoncourt
vibersviller,Vibersviller
vic_sur_seille,Vic-sur-Seille
vieux_lixheim,Vieux-Lixheim
villers_sur_nied,Villers-sur-Nied
vilsberg,Vilsberg
virming,Virming
vittersbourg,Vittersbourg
vitry_sur_orne,Vitry-sur-Orne
vigy,Vigy
villers_stoncourt,Villers-Stoncourt
vionville,Vionville
vieux_ferrette,Vieux-Ferrette
village_neuf,Village-Neuf
vieux_thann,Vieux-Thann
ville_sur_illon,Ville-sur-Illon
villoncourt,Villoncourt
vimenil,Viménil
vincey,Vincey
viomenil,Vioménil
vicherey,Vicherey
villers,Villers
villotte,Villotte
villouxel,Villouxel
viocourt,Viocourt
vittel,Vittel
viviers_le_gras,Viviers-le-Gras
viviers_les_offroicourt,Viviers-lès-Offroicourt
vienville,Vienville
vieillevigne,Vieillevigne
villeneuve_en_retz,Villeneuve-en-Retz
vigneux_de_bretagne,Vigneux-de-Bretagne
villepot,Villepot
villeveque,Villevêque
villebernier,Villebernier
vivy,Vivy
villiers_charlemagne,Villiers-Charlemagne
vieuvy,Vieuvy
villaines_la_juhel,Villaines-la-Juhel
villepail,Villepail
vimarce,Vimarcé
villaines_sous_luce,Villaines-sous-Lucé
villaines_sous_malicorne,Villaines-sous-Malicorne
vion,Vion
vire_en_champagne,Viré-en-Champagne
villeneuve_en_perseigne,Villeneuve-en-Perseigne
vibraye,Vibraye
villaines_la_carelle,Villaines-la-Carelle
villaines_la_gonais,Villaines-la-Gonais
vivoin,Vivoin
vilde_guingalan,Vildé-Guingalan
villamee,Villamée
visseiche,Visseiche
vitre,Vitré
vieux_vy_sur_couesnon,Vieux-Vy-sur-Couesnon
vignoc,Vignoc
vieux_viel,Vieux-Viel
vilhonneur,Vilhonneur
villebois_lavalette,Villebois-Lavalette
vindelle,Vindelle
vibrac,Vibrac
vignolles,Vignolles
vieux_ruffec,Vieux-Ruffec
villefagnan,Villefagnan
villejesus,Villejésus
villejoubert,Villejoubert
villiers_le_roux,Villiers-le-Roux
villognon,Villognon
vitrac_saint_vincent,Vitrac-Saint-Vincent
villexavier,Villexavier
virson,Virson
villedoux,Villedoux
villars_en_pons,Villars-en-Pons
villars_les_bois,Villars-les-Bois
virollet,Virollet
villemorin,Villemorin
villeneuve_la_comtesse,Villeneuve-la-Comtesse
villiers_couture,Villiers-Couture
vinax,Vinax
vignols,Vignols
viam,Viam
vigeois,Vigeois
vitrac_sur_montane,Vitrac-sur-Montane
viersat,Viersat
vidaillat,Vidaillat
vigeville,Vigeville
villard,Villard
villefranche_de_lonchat,Villefranche-de-Lonchat
villamblard,Villamblard
villetoureix,Villetoureix
villac,Villac
villefranche_du_perigord,Villefranche-du-Périgord
vitrac,Vitrac
villeneuve,Villeneuve
virsac,Virsac
villenave_d_ornon,Villenave-d'Ornon
villandraut,Villandraut
villenave_de_rions,Villenave-de-Rions
virelade,Virelade
vignonet,Vignonet
villegouge,Villegouge
vicq_d_auribat,Vicq-d'Auribat
vielle_saint_girons,Vielle-Saint-Girons
vieux_boucau_les_bains,Vieux-Boucau-les-Bains
villenave,Villenave
vielle_tursan,Vielle-Tursan
vielle_soubiran,Vielle-Soubiran
villeneuve_de_marsan,Villeneuve-de-Marsan
villeneuve_de_duras,Villeneuve-de-Duras
villeton,Villeton
virazeil,Virazeil
villebramar,Villebramar
villeneuve_sur_lot,Villeneuve-sur-Lot
villereal,Villeréal
vianne,Vianne
villefranche_du_queyran,Villefranche-du-Queyran
villefranque,Villefranque
viellenave_de_navarrenx,Viellenave-de-Navarrenx
viodos_abense_de_bas,Viodos-Abense-de-Bas
vialer,Vialer
viellenave_d_arthez,Viellenave-d'Arthez
viellesegure,Vielleségure
viven,Viven
villefollet,Villefollet
villemain,Villemain
villiers_en_bois,Villiers-en-Bois
villiers_en_plaine,Villiers-en-Plaine
villiers_sur_chize,Villiers-sur-Chizé
viennay,Viennay
vicq_sur_gartempe,Vicq-sur-Gartempe
villemort,Villemort
vivonne,Vivonne
villefavard,Villefavard
vicq_sur_breuilh,Vicq-sur-Breuilh
videix,Videix
vicdessos,Vicdessos
vira,Vira
villeneuve_d_olmes,Villeneuve-d'Olmes
villeneuve_du_pareage,Villeneuve-du-Paréage
vivies,Viviès
villeneuve_du_latou,Villeneuve-du-Latou
villalier,Villalier
villaniere,Villanière
villardonnel,Villardonnel
villar_en_val,Villar-en-Val
villarzel_cabardes,Villarzel-Cabardès
villasavary,Villasavary
villautou,Villautou
villedubert,Villedubert
villefloure,Villefloure
villegailhenc,Villegailhenc
villegly,Villegly
villemagne,Villemagne
villemoustaussou,Villemoustaussou
villeneuve_la_comptal,Villeneuve-la-Comptal
villeneuve_les_montreal,Villeneuve-lès-Montréal
villeneuve_minervois,Villeneuve-Minervois
villesequelande,Villesèquelande
villesiscle,Villesiscle
villespy,Villespy
villetritouls,Villetritouls
villardebelle,Villardebelle
villar_saint_anselme,Villar-Saint-Anselme
villarzel_du_razes,Villarzel-du-Razès
villebazy,Villebazy
villefort,Villefort
villelongue_d_aude,Villelongue-d'Aude
vignevieille,Vignevieille
villedaigne,Villedaigne
villeneuve_les_corbieres,Villeneuve-les-Corbières
villerouge_termenes,Villerouge-Termenès
villeseque_des_corbieres,Villesèque-des-Corbières
vinassan,Vinassan
viala_du_pas_de_jaux,Viala-du-Pas-de-Jaux
viala_du_tarn,Viala-du-Tarn
villefranche_de_panat,Villefranche-de-Panat
villecomtal,Villecomtal
vimenet,Vimenet
villefranche_de_rouergue,Villefranche-de-Rouergue
viviez,Viviez
villeneuve_les_avignon,Villeneuve-lès-Avignon
villevieille,Villevieille
vic_le_fesq,Vic-le-Fesq
vissec,Vissec
villate,Villate
villeneuve_de_riviere,Villeneuve-de-Rivière
villeneuve_lecussan,Villeneuve-Lécussan
vieille_toulouse,Vieille-Toulouse
vignaux,Vignaux
vigoulet_auzil,Vigoulet-Auzil
villaries,Villariès
villaudric,Villaudric
villefranche_de_lauragais,Villefranche-de-Lauragais
villematier,Villematier
villemur_sur_tarn,Villemur-sur-Tarn
villeneuve_les_bouloc,Villeneuve-lès-Bouloc
villeneuve_tolosane,Villeneuve-Tolosane
villenouvelle,Villenouvelle
vic_fezensac,Vic-Fezensac
villefranche,Villefranche
viella,Viella
villecomtal_sur_arros,Villecomtal-sur-Arros
viozan,Viozan
vias,Vias
vieussan,Vieussan
villemagne_l_argentiere,Villemagne-l'Argentière
villeneuve_les_beziers,Villeneuve-lès-Béziers
villespassans,Villespassans
villeneuvette,Villeneuvette
viols_en_laval,Viols-en-Laval
viols_le_fort,Viols-le-Fort
vic_la_gardiole,Vic-la-Gardiole
villeneuve_les_maguelone,Villeneuve-lès-Maguelone
villetelle,Villetelle
villeveyrac,Villeveyrac
vidaillac,Vidaillac
villeseque,Villesèque
vire_sur_lot,Vire-sur-Lot
viazac,Viazac
vialas,Vialas
vier_bordes,Vier-Bordes
viey,Viey
viger,Viger
villelongue,Villelongue
viscos,Viscos
vielle_aure,Vielle-Aure
vielle_louron,Vielle-Louron
vignec,Vignec
vic_en_bigorre,Vic-en-Bigorre
vidou,Vidou
vidouze,Vidouze
vielle_adour,Vielle-Adour
vieuzos,Vieuzos
villembits,Villembits
villemur,Villemur
villenave_pres_bearn,Villenave-près-Béarn
villenave_pres_marsac,Villenave-près-Marsac
visker,Visker
villelongue_dels_monts,Villelongue-dels-Monts
villemolaque,Villemolaque
vives,Vivès
villelongue_de_la_salanque,Villelongue-de-la-Salanque
villeneuve_de_la_raho,Villeneuve-de-la-Raho
villeneuve_la_riviere,Villeneuve-la-Rivière
vingrau,Vingrau
villefranche_de_conflent,Villefranche-de-Conflent
vinca,Vinça
villefranche_d_albigeois,Villefranche-d'Albigeois
villeneuve_sur_vere,Villeneuve-sur-Vère
vindrac_alayrac,Vindrac-Alayrac
virac,Virac
viane,Viane
vielmur_sur_agout,Vielmur-sur-Agout
villeneuve_les_lavaur,Villeneuve-lès-Lavaur
viterbe,Viterbe
viviers_les_lavaur,Viviers-lès-Lavaur
viviers_les_montagnes,Viviers-lès-Montagnes
vigueron,Vigueron
villebrumier,Villebrumier
villemade,Villemade
vieu,Vieu
villebois,Villebois
villieu_loyes_mollon,Villieu-Loyes-Mollon
virieu_le_grand,Virieu-le-Grand
virieu_le_petit,Virieu-le-Petit
virignin,Virignin
villars_les_dombes,Villars-les-Dombes
villemotier,Villemotier
villereversure,Villereversure
villette_sur_ain,Villette-sur-Ain
viriat,Viriat
vieu_d_izenave,Vieu-d'Izenave
villes,Villes
villebret,Villebret
villefranche_d_allier,Villefranche-d'Allier
viplaix,Viplaix
vieure,Vieure
villeneuve_sur_allier,Villeneuve-sur-Allier
vichy,Vichy
villeneuve_de_berg,Villeneuve-de-Berg
vinezac,Vinezac
villevocance,Villevocance
vinzieux,Vinzieux
vic_sur_cere,Vic-sur-Cère
vieillevie,Vieillevie
vieillespesse,Vieillespesse
virargues,Virargues
villebois_les_pins,Villebois-les-Pins
villefranche_le_chateau,Villefranche-le-Château
villeperdrix,Villeperdrix
vinsobres,Vinsobres
vif,Vif
villard_bonnot,Villard-Bonnot
villard_de_lans,Villard-de-Lans
villard_notre_dame,Villard-Notre-Dame
villard_reculas,Villard-Reculas
villard_reymond,Villard-Reymond
villard_saint_christophe,Villard-Saint-Christophe
vizille,Vizille
villages_du_lac_de_paladru,Villages du Lac de Paladru
vignieu,Vignieu
villefontaine,Villefontaine
villemoirieu,Villemoirieu
villette_d_anthon,Villette-d'Anthon
virieu,Virieu
vienne,Vienne
villeneuve_de_marc,Villeneuve-de-Marc
ville_sous_anjou,Ville-sous-Anjou
villette_de_vienne,Villette-de-Vienne
viriville,Viriville
viricelles,Viricelles
virigneux,Virigneux
villemontais,Villemontais
villerest,Villerest
violay,Violay
vivans,Vivans
vissac_auteyrac,Vissac-Auteyrac
vieille_brioude,Vieille-Brioude
villeneuve_d_allier,Villeneuve-d'Allier
vielprat,Vielprat
viverols,Viverols
vic_le_comte,Vic-le-Comte
vichel,Vichel
villeneuve_les_cerfs,Villeneuve-les-Cerfs
villosanges,Villosanges
virlet,Virlet
viscomtat,Viscomtat
villecheneve,Villechenève
villefranche_sur_saone,Villefranche-sur-Saône
ville_sur_jarnioux,Ville-sur-Jarnioux
villie_morgon,Villié-Morgon
villeurbanne,Villeurbanne
villard_sur_doron,Villard-sur-Doron
villaroger,Villaroger
villard_d_hery,Villard-d'Héry
villard_leger,Villard-Léger
villard_sallet,Villard-Sallet
villaroux,Villaroux
vimines,Vimines
vions,Vions
viviers_du_lac,Viviers-du-Lac
villarembert,Villarembert
villargondran,Villargondran
villarodin_bourget,Villarodin-Bourget
villaz,Villaz
villy_le_pelloux,Villy-le-Pelloux
viuz_la_chiesaz,Viuz-la-Chiésaz
ville_en_sallaz,Ville-en-Sallaz
viuz_en_sallaz,Viuz-en-Sallaz
ville_la_grand,Ville-la-Grand
villy_le_bouveret,Villy-le-Bouveret
vinzier,Vinzier
villars_colmars,Villars-Colmars
villemus,Villemus
villar_d_arene,Villar-d'Arêne
villar_saint_pancrace,Villar-Saint-Pancrace
villar_loubiere,Villar-Loubière
vitrolles,Vitrolles
villeneuve_loubet,Villeneuve-Loubet
villars_sur_var,Villars-sur-Var
villefranche_sur_mer,Villefranche-sur-Mer
villeneuve_d_entraunes,Villeneuve-d'Entraunes
vidauban,Vidauban
villecroze,Villecroze
vinon_sur_verdon,Vinon-sur-Verdon
vins_sur_caramy,Vins-sur-Caramy
viens,Viens
villelaure,Villelaure
vitrolles_en_luberon,Vitrolles-en-Lubéron
villes_sur_auzon,Villes-sur-Auzon
violes,Violès
visan,Visan
vico,Vico
viggianello,Viggianello
vignale,Vignale
ville_di_pietrabugno,Ville-di-Pietrabugno
vivario,Vivario
ville_di_paraso,Ville-di-Paraso
vieux_fort,Vieux-Fort
vieux_habitants,Vieux-Habitants
vidovec,Vidovec
vinica,Vinica
visoko,Visoko
virje,Virje
vinodolska_opcina,Vinodolska općina
viskovo,Viškovo
virovitica,Virovitica
vir,Vir
viljevo,Viljevo
viskovci,Viškovci
vinkovci,Vinkovci
vis,Vis
visnjan_number_visignano,Višnjan#Visignano
vizinada_number_visinada,Vižinada#Visinada
visegrad,Visegrád
vid,Vid
vinar,Vinár
vigantpetend,Vigántpetend
vilonya,Vilonya
vitnyed,Vitnyéd
viszak,Viszák
vindornyalak,Vindornyalak
vindornyaszolos,Vindornyaszőlős
vindornyafok,Vindornyafok
villanykovesd,Villánykövesd
villany,Villány
visz,Visz
visnye,Visnye
viszlo,Viszló
vilmany,Vilmány
vizsoly,Vizsoly
viss,Viss
vilyvitany,Vilyvitány
visznek,Visznek
visonta,Visonta
vizslas,Vizslás
virginia,Virginia
vicarstown,Vicarstown
vialfre,Vialfrè
vico_canavese,Vico Canavese
vidracco,Vidracco
vigone,Vigone
villafranca_piemonte,Villafranca Piemonte
villanova_canavese,Villanova Canavese
villarbasse,Villarbasse
villar_dora,Villar Dora
villareggia,Villareggia
villar_focchiardo,Villar Focchiardo
villar_pellice,Villar Pellice
villar_perosa,Villar Perosa
villastellone,Villastellone
vinovo,Vinovo
virle_piemonte,Virle Piemonte
vische,Vische
vistrorio,Vistrorio
viu,Viù
villarboit,Villarboit
villata,Villata
vicolungo,Vicolungo
vinzaglio,Vinzaglio
vicoforte,Vicoforte
vignolo,Vignolo
villafalletto,Villafalletto
villanova_mondovi,Villanova Mondovì
villanova_solaro,Villanova Solaro
villar_san_costanzo,Villar San Costanzo
vinadio,Vinadio
viola,Viola
viale,Viale
viarigi,Viarigi
vigliano_d_asti,Vigliano d'Asti
villafranca_d_asti,Villafranca d'Asti
villanova_d_asti,Villanova d'Asti
villa_san_secondo,Villa San Secondo
vinchio,Vinchio
vignale_monferrato,Vignale Monferrato
vignole_borbera,Vignole Borbera
viguzzolo,Viguzzolo
villadeati,Villadeati
villalvernia,Villalvernia
villamiroglio,Villamiroglio
villanova_monferrato,Villanova Monferrato
villaromagnano,Villaromagnano
visone,Visone
vigliano_biellese,Vigliano Biellese
villa_del_bosco,Villa del Bosco
villanova_biellese,Villanova Biellese
viverone,Viverone
vignone,Vignone
villadossola,Villadossola
viggiu,Viggiù
vizzola_ticino,Vizzola Ticino
villa_guardia,Villa Guardia
villa_di_chiavenna,Villa di Chiavenna
villa_di_tirano,Villa di Tirano
vignate,Vignate
vimodrone,Vimodrone
vittuone,Vittuone
vizzolo_predabissi,Vizzolo Predabissi
villa_cortese,Villa Cortese
viadanica,Viadanica
vigano_san_martino,Vigano San Martino
vigolo,Vigolo
villa_d_adda,Villa d'Adda
villa_d_alme,Villa d'Almè
villa_di_serio,Villa di Serio
villa_d_ogna,Villa d'Ogna
villongo,Villongo
vilminore_di_scalve,Vilminore di Scalve
villa_carcina,Villa Carcina
villachiara,Villachiara
villanuova_sul_clisi,Villanuova sul Clisi
vione,Vione
visano,Visano
vidigulfo,Vidigulfo
vigevano,Vigevano
villa_biscossi,Villa Biscossi
villanova_d_ardenghi,Villanova d'Ardenghi
villanterio,Villanterio
vistarino,Vistarino
viadana,Viadana
villa_poma,Villa Poma
villimpenta,Villimpenta
vigano,Viganò
villanova_del_sillaro,Villanova del Sillaro
villasanta,Villasanta
vimercate,Vimercate
villa_faraldi,Villa Faraldi
villanova_d_albenga,Villanova d'Albenga
villabassa_number_niederdorf,Villabassa#Niederdorf
villandro_number_villanders,Villandro#Villanders
vipiteno_number_sterzing,Vipiteno#Sterzing
vignola_falesina,Vignola-Falesina
vigo_di_fassa,Vigo di Fassa
villa_lagarina,Villa Lagarina
ville_d_anaunia,Ville d’Anaunia
vigasio,Vigasio
villa_bartolomea,Villa Bartolomea
villafranca_di_verona,Villafranca di Verona
vicenza,Vicenza
villaga,Villaga
villaverla,Villaverla
vigo_di_cadore,Vigo di Cadore
vidor,Vidor
villorba,Villorba
vittorio_veneto,Vittorio Veneto
vigonovo,Vigonovo
vighizzolo_d_este,Vighizzolo d'Este
vigodarzere,Vigodarzere
vigonza,Vigonza
villa_del_conte,Villa del Conte
villa_estense,Villa Estense
villafranca_padovana,Villafranca Padovana
villanova_di_camposampiero,Villanova di Camposampiero
villadose,Villadose
villamarzana,Villamarzana
villanova_del_ghebbo,Villanova del Ghebbo
villanova_marchesana,Villanova Marchesana
villa_santina,Villa Santina
villa_vicentina,Villa Vicentina
visco,Visco
villesse,Villesse
vito_d_asio,Vito d'Asio
vivaro,Vivaro
vigolzone,Vigolzone
villanova_sull_arda,Villanova sull'Arda
viano,Viano
villa_minozzo,Villa Minozzo
vignola,Vignola
vigarano_mainarda,Vigarano Mainarda
villafranca_in_lunigiana,Villafranca in Lunigiana
viareggio,Viareggio
villa_basilica,Villa Basilica
villa_collemandina,Villa Collemandina
vicchio,Vicchio
vinci,Vinci
vicopisano,Vicopisano
visso,Visso
villa_san_giovanni_in_tuscia,Villa San Giovanni in Tuscia
vignanello,Vignanello
viterbo,Viterbo
vitorchiano,Vitorchiano
vicovaro,Vicovaro
vivaro_romano,Vivaro Romano
vicalvi,Vicalvi
vico_nel_lazio,Vico nel Lazio
villa_latina,Villa Latina
villa_santa_lucia,Villa Santa Lucia
villa_santo_stefano,Villa Santo Stefano
viticuso,Viticuso
villalago,Villalago
villa_santa_lucia_degli_abruzzi,Villa Santa Lucia degli Abruzzi
villa_sant_angelo,Villa Sant'Angelo
villavallelonga,Villavallelonga
villetta_barrea,Villetta Barrea
vittorito,Vittorito
vicoli,Vicoli
villa_celiera,Villa Celiera
villalfonsina,Villalfonsina
villamagna,Villamagna
villa_santa_maria,Villa Santa Maria
vinchiaturo,Vinchiaturo
villa_di_briano,Villa di Briano
villa_literno,Villa Literno
vitulazio,Vitulazio
vitulano,Vitulano
vico_equense,Vico Equense
villaricca,Villaricca
visciano,Visciano
villamaina,Villamaina
villanova_del_battista,Villanova del Battista
vibonati,Vibonati
vietri_sul_mare,Vietri sul Mare
vico_del_gargano,Vico del Gargano
vieste,Vieste
villa_castelli,Villa Castelli
vietri_di_potenza,Vietri di Potenza
viggiano,Viggiano
villapiana,Villapiana
villa_san_giovanni,Villa San Giovanni
vibo_valentia,Vibo Valentia
vicari,Vicari
villabate,Villabate
villafrati,Villafrati
villafranca_tirrena,Villafranca Tirrena
villafranca_sicula,Villafranca Sicula
villalba,Villalba
villarosa,Villarosa
viagrande,Viagrande
vizzini,Vizzini
vittoria,Vittoria
villanova_monteleone,Villanova Monteleone
viddalba,Viddalba
villagrande_strisaili,Villagrande Strisaili
villa_san_pietro,Villa San Pietro
villa_sant_antonio,Villa Sant'Antonio
villanova_truschedu,Villanova Truschedu
villaurbana,Villaurbana
villa_verde,Villa Verde
villacidro,Villacidro
villamar,Villamar
villamassargia,Villamassargia
villanova_tulo,Villanova Tulo
villanovaforru,Villanovaforru
villanovafranca,Villanovafranca
villaperuccio,Villaperuccio
villaputzu,Villaputzu
villasalto,Villasalto
villasimius,Villasimius
villasor,Villasor
villaspeciosa,Villaspeciosa
vieciunai,Viečiūnai
vilijampole,Vilijampolė
vilkija,Vilkija
vilainiai,Vilainiai
vidukle,Viduklė
vilkaviskis,Vilkaviškis
vistytis,Vištytis
virbalis,Virbalis
vilkyskiai,Vilkyškiai
viesvile,Viešvilė
vieksniai,Viekšniai
viesvenai,Viešvėnai
visaginas,Visaginas
viesintos,Viešintos
vidiskiai,Vidiškiai
videniskiai,Videniškiai
vilkpede,Vilkpėdė
virsuliskes,Viršuliškės
vievis,Vievis
vichten,Vichten
vianden,Vianden
vietalvas,Vietalvas
viresu,Virešu
vilaka,Viļaka
viesturu,Viesturu
visku,Višķu
vilces,Vilces
vircavas,Vircavas
viesite,Viesīte
viesites,Viesītes
virgas,Virgas
vidrizu,Vidrižu
vilkenes,Viļķenes
vilani,Viļāni
vilanu,Viļānu
virbu,Virbu
viesatu,Viesatu
vijciema,Vijciema
vilpulkas,Vilpulkas
vianen,Vianen
vinje,Vinje
vindafjord,Vindafjord
vik,Vik
vikna,Vikna
vila_nova_de_monsarros,Vila Nova de Monsarros
vilarinho_do_bairro,Vilarinho do Bairro
vila_de_cucujaes,Vila de Cucujães
vila_cha_codal_e_vila_cova_de_perrinho,Vila Chã, Codal e Vila Cova de Perrinho
vila_nova_da_baronia,Vila Nova da Baronia
vila_alva,Vila Alva
vila_ruiva,Vila Ruiva
vila_nova_de_milfontes,Vila Nova de Milfontes
vila_verde_de_ficalho,Vila Verde de Ficalho
vila_nova_de_sao_bento_e_vale_de_vargo,Vila Nova de São Bento e Vale de Vargo
vidigueira,Vidigueira
vila_de_frades,Vila de Frades
vilela_seramil_e_paredes_secas,Vilela, Seramil e Paredes Secas
vila_seca,Vila Seca
viatodos_grimancelos_minhotaes_monte_fralaes,Viatodos, Grimancelos, Minhotães, Monte Fralães
vila_cova_e_feitos,Vila Cova e Feitos
vilaca_e_fradelos,Vilaça e Fradelos
vila_cha,Vila Chã
vinhos,Vinhós
vilela,Vilela
vilar_da_veiga,Vilar da Veiga
vieira_do_minho,Vieira do Minho
vilarinho_das_cambas,Vilarinho das Cambas
vila_nova_de_famalicao_e_calendario,Vila Nova de Famalicão e Calendário
vila_de_prado,Vila de Prado
vila_verde_e_barbudo,Vila Verde e Barbudo
vizela_santo_adriao,Vizela (Santo Adrião)
vilar_chao,Vilar Chão
vilarelhos,Vilarelhos
vilares_de_vilarica,Vilares de Vilariça
vilarinho_da_castanheira,Vilarinho da Castanheira
vilarinho_de_agrochao,Vilarinho de Agrochão
vinhas,Vinhas
vila_cha_de_braciosa,Vila Chã de Braciosa
vila_de_ala,Vila de Ala
vilarinho_dos_galegos_e_ventozelo,Vilarinho dos Galegos e Ventozelo
vila_flor_e_nabo,Vila Flor e Nabo
vilas_boas_e_vilarinho_das_azenhas,Vilas Boas e Vilarinho das Azenhas
vilar_seco,Vilar Seco
vimioso,Vimioso
vila_boa_de_ousilhao,Vila Boa de Ousilhão
vila_verde,Vila Verde
vilar_de_ossos,Vilar de Ossos
vilar_de_peregrinos,Vilar de Peregrinos
vilar_seco_de_lomba,Vilar Seco de Lomba
vinhais,Vinhais
vilar_de_lomba_e_sao_jomil,Vilar de Lomba e São Jomil
vila_de_rei,Vila de Rei
vila_velha_de_rodao,Vila Velha de Ródão
vila_cova_de_alva_e_anseriz,Vila Cova de Alva e Anseriz
vilamar_e_corticeiro_de_cima,Vilamar e Corticeiro de Cima
vila_seca_e_bem_da_fe,Vila Seca e Bem da Fé
vila_nova_de_ceira,Vila Nova de Ceira
vila_nova,Vila Nova
vila_nova_de_ancos,Vila Nova de Anços
vinha_da_rainha,Vinha da Rainha
vimieiro,Vimieiro
viana_do_alentejo,Viana do Alentejo
vila_do_bispo_e_raposeira,Vila do Bispo e Raposeira
vila_nova_de_cacela,Vila Nova de Cacela
vila_real_de_santo_antonio,Vila Real de Santo António
vilar_formoso,Vilar Formoso
vila_cortes_da_serra,Vila Cortês da Serra
vila_franca_da_serra,Vila Franca da Serra
vila_nova_de_tazem,Vila Nova de Tazem
videmonte,Videmonte
vila_cortes_do_mondego,Vila Cortês do Mondego
vila_fernando,Vila Fernando
vila_franca_do_deao,Vila Franca do Deão
vila_garcia,Vila Garcia
vila_boa,Vila Boa
vila_do_touro,Vila do Touro
vila_cova_a_coelheira,Vila Cova à Coelheira
vide_e_cabeca,Vide e Cabeça
vila_franca_das_naves_e_feital,Vila Franca das Naves e Feital
vilares_e_carnicaes,Vilares e Carnicães
vila_nova_de_foz_coa,Vila Nova de Foz Côa
vimeiro,Vimeiro
vidais,Vidais
vieira_de_leiria,Vieira de Leiria
vila_facaia,Vila Facaia
vila_ca,Vila Cã
vila_verde_dos_francos,Vila Verde dos Francos
vila_nova_da_rainha,Vila Nova da Rainha
vilar,Vilar
vialonga,Vialonga
vila_franca_de_xira,Vila Franca de Xira
vila_caiz,Vila Caiz
vila_cha_do_marao,Vila Chã do Marão
vila_mea,Vila Meã
vila_garcia_aboim_e_chapa,Vila Garcia, Aboim e Chapa
viariz,Viariz
vila_cova_da_lixa_e_borba_de_godim,Vila Cova da Lixa e Borba de Godim
vila_fria_e_vizela_sao_jorge,Vila Fria e Vizela (São Jorge)
vila_verde_e_santao,Vila Verde e Santão
vilar_do_torno_e_alentem,Vilar do Torno e Alentém
vila_nova_da_telha,Vila Nova da Telha
vila_boa_do_bispo,Vila Boa do Bispo
vila_boa_de_quires_e_maureles,Vila Boa de Quires e Maureles
vilarinho,Vilarinho
vila_nova_do_campo,Vila Nova do Campo
vila_do_conde,Vila do Conde
vilar_de_pinheiro,Vilar de Pinheiro
vilar_e_mosteiro,Vilar e Mosteiró
vilar_de_andorinho,Vilar de Andorinho
vila_cha_de_ourique,Vila Chã de Ourique
vila_nova_da_barquinha,Vila Nova da Barquinha
vilela_sao_cosme_e_sao_damiao_e_sa,Vilela, São Cosme e São Damião e Sá
vila_praia_de_ancora,Vila Praia de Âncora
vilar_de_mouros,Vilar de Mouros
vila_e_roussas,Vila e Roussas
vila_cha_sao_joao_baptista_e_santiago,Vila Chã (São João Baptista e Santiago)
vitorino_das_donas,Vitorino das Donas
vila_franca,Vila Franca
vila_de_punhe,Vila de Punhe
vila_nova_de_cerveira_e_lovelhe,Vila Nova de Cerveira e Lovelhe
vilar_de_macada,Vilar de Maçada
vilar_e_viveiro,Vilar e Viveiro
vila_verde_da_raia,Vila Verde da Raia
vilar_de_nantes,Vilar de Nantes
vilarelho_da_raia,Vilarelho da Raia
vilas_boas,Vilas Boas
vilela_seca,Vilela Seca
vilela_do_tamega,Vilela do Tâmega
vidago_arcosso_selhariz_vilarinho_paranheiras,Vidago, Arcossó, Selhariz, Vilarinho Paranheiras
vila_marim,Vila Marim
vilar_de_ferreiros,Vilar de Ferreiros
vila_da_ponte,Vila da Ponte
viade_de_baixo_e_fervidelas,Viade de Baixo e Fervidelas
vilar_de_perdizes_e_meixide,Vilar de Perdizes e Meixide
vilarinho_dos_freires,Vilarinho dos Freires
vilarinho_de_sao_romao,Vilarinho de São Romão
vilarandelo,Vilarandelo
vila_pouca_de_aguiar,Vila Pouca de Aguiar
vila_real,Vila Real
vila_seca_e_santo_adriao,Vila Seca e Santo Adrião
vila_nova_de_souto_d_el_rei,Vila Nova de Souto d' El-Rei
vila_cova_do_covelo_e_mareco,Vila Cova do Covelo e Mareco
vilarouco_e_pereiros,Vilarouco e Pereiros
vila_maior,Vila Maior
vilar_de_besteiros_e_mosteiro_de_fraguas,Vilar de Besteiros e Mosteiro de Fráguas
vila_nova_de_paiva_alhais_e_fraguas,Vila Nova de Paiva, Alhais e Fráguas
viseu,Viseu
vila_do_porto,Vila do Porto
vila_franca_do_campo_sao_miguel,Vila Franca do Campo (São Miguel)
vila_franca_do_campo_sao_pedro,Vila Franca do Campo (São Pedro)
vila_de_sao_sebastiao,Vila de São Sebastião
vintu_de_jos,Vinţu de Jos
vinga,Vinga
viisoara,Viişoara
victoria,Victoria
visani,Vişani
viziru,Viziru
vistea,Viştea
vintila_voda,Vintilă Vodă
viperesti,Vipereşti
visina,Vişina
visinesti,Vişineşti
viseu_de_sus,Vişeu de Sus
vima_mica,Vima Mică
viseu_de_jos,Vişeu de Jos
vitomiresti,Vitomireşti
visina_noua,Vişina Nouă
viile_satu_mare,Viile Satu Mare
vicovu_de_jos,Vicovu de Jos
vicovu_de_sus,Vicovu de Sus
videle,Videle
vitanesti,Vităneşti
victor_vlad_delamarina,Victor Vlad Delamarina
vinderei,Vinderei
vintileasca,Vintileasca
vizantea_livezi,Vizantea-Livezi
vingaker,Vingåker
vimmerby,Vimmerby
vindeln,Vindeln
vilhelmina,Vilhelmina
vipavski_kriz,Vipavski Križ
visnje,Višnje
vipolze,Vipolže
visnjevik,Višnjevik
vinji_vrh,Vinji Vrh
vitna_vas,Vitna vas
visevca,Viševca
vintarovci,Vintarovci
videm,Videm
vinharje,Vinharje
vino,Vino
videm_pri_temenici,Videm pri Temenici
vir_pri_sticni,Vir pri Stični
visnja_gora,Višnja Gora
vir_pri_nevljah,Vir pri Nevljah
vimolj_pri_predgradu,Vimolj pri Predgradu
vihre,Vihre
vinicka_vas,Vinička vas
vidanovci,Vidanovci
visevek,Viševek
videm_pri_lukovici,Videm pri Lukovici
vinarje,Vinarje
vikrce,Vikrče
vidosici,Vidošiči
vinje_pri_moravcah,Vinje pri Moravčah
vitovlje,Vitovlje
vinja_vas,Vinja vas
vicanci,Vičanci
vinski_vrh,Vinski Vrh
vitan,Vitan
vidovica,Vidovica
virstanj,Virštanj
vintarji,Vintarji
vinji_vrh_pri_semicu,Vinji Vrh pri Semiču
videz,Videž
visole,Visole
visoce,Visoče
vincarje,Vincarje
virlog,Virlog
virmase,Virmaše
visoko_pri_poljanah,Visoko pri Poljanah
vinski_vrh_pri_smarju,Vinski Vrh pri Šmarju
vinska_gora,Vinska Gora
videm_pri_ptuju,Videm pri Ptuju
vipava,Vipava
vitanjsko_skomarje,Vitanjsko Skomarje
vitanje,Vitanje
vine,Vine
visnja_vas,Višnja vas
vizore,Vizore
vidrga,Vidrga
vinska_gorica,Vinska Gorica
vidonci,Vidonci
vimolj,Vimolj
vinice,Vinice
vitomarci,Vitomarci
vinkov_vrh,Vinkov Vrh
visejec,Visejec
vintarjevec,Vintarjevec
visnji_grm,Višnji Grm
vinica_pri_smarjeti,Vinica pri Šmarjeti
viselnica,Višelnica
vinicne,Viničné
vinosady,Vinosady
vistuk,Vištuk
vieska,Vieska
vinohrady_nad_vahom,Vinohrady nad Váhom
visolaje,Visolaje
virt,Virt
vinodol,Vinodol
vieska_nad_zitavou,Vieska nad Žitavou
vitanova,Vitanová
vidina,Vidiná
vieska_nad_blhom,Vieska nad Blhom
vikartovce,Vikartovce
vislanka,Vislanka
vislava,Vislava
vinne,Vinné
vinicky,Viničky
visnov,Višňov
village,Village
vincent_square,Vincent Square
viking,Viking
vivary_bridge,Vivary Bridge
virginia_water,Virginia Water
vintry,Vintry
victoria_norcross,Victoria & Norcross
vicarage,Vicarage
