name_clean,name_real
cugy_fr,Cugy (FR)
cugnasco_gerra,Cugnasco-Gerra
cureglia,Cureglia
curio,Curio
cudrefin,Cudrefin
curtilles,Curtilles
cugy_vd,Cugy (VD)
cuarny,Cuarny
cuarnens,Cuarnens
cuxhaven,Cuxhaven
cumlosen,Cumlosen
cunewalde,Cunewalde
cursdorf,Cursdorf
cuevas_del_almanzora,Cuevas del Almanzora
cuevas_del_campo,Cuevas del Campo
cumbres_de_enmedio,Cumbres de Enmedio
cumbres_de_san_bartolome,Cumbres de San Bartolomé
cumbres_mayores,Cumbres Mayores
cuevas_bajas,Cuevas Bajas
cuevas_del_becerro,Cuevas del Becerro
cuevas_de_san_marcos,Cuevas de San Marcos
cuervo_de_sevilla_el,Cuervo de Sevilla, El
cuba_la,Cuba, La
cubla,Cubla
cucalon,Cucalón
cuervo_el,Cuervo, El
cuevas_de_almuden,Cuevas de Almudén
cuevas_labradas,Cuevas Labradas
cuarte_de_huerva,Cuarte de Huerva
cubel,Cubel
cuerlas_las,Cuerlas, Las
cudillero,Cudillero
cuevas_del_valle,Cuevas del Valle
cubillo_del_campo,Cubillo del Campo
cubo_de_bureba,Cubo de Bureba
cueva_de_roa_la,Cueva de Roa, La
cuevas_de_san_clemente,Cuevas de San Clemente
cuadros,Cuadros
cubillas_de_los_oteros,Cubillas de los Oteros
cubillas_de_rueda,Cubillas de Rueda
cubillos_del_sil,Cubillos del Sil
cubillas_de_cerrato,Cubillas de Cerrato
cubo_de_don_sancho_el,Cubo de Don Sancho, El
cubillo,Cubillo
cuellar,Cuéllar
cuevas_de_provanco,Cuevas de Provanco
cubilla,Cubilla
cubo_de_la_solana,Cubo de la Solana
cueva_de_agreda,Cueva de Agreda
cubillas_de_santa_marta,Cubillas de Santa Marta
cuenca_de_campos,Cuenca de Campos
curiel_de_duero,Curiel de Duero
cubillos,Cubillos
cubo_de_benavente,Cubo de Benavente
cubo_de_tierra_del_vino_el,Cubo de Tierra del Vino, El
cuelgamures,Cuelgamures
cuenca,Cuenca
cueva_del_hierro,Cueva del Hierro
cubillo_de_uceda_el,Cubillo de Uceda, El
cuerva,Cuerva
cubelles,Cubelles
cubells,Cubells
cunit,Cunit
cuacos_de_yuste,Cuacos de Yuste
cumbre_la,Cumbre, La
culleredo,Culleredo
curtis,Curtis
cualedro,Cualedro
cuntis,Cuntis
cubas_de_la_sagra,Cubas de la Sagra
cuartango,Cuartango
cuzcurrita_de_rio_tiron,Cuzcurrita de Río Tirón
culla,Culla
cullera,Cullera
cuisy,Cuisy
cucharmoy,Cucharmoy
cuffy,Cuffy
culan,Culan
cuzion,Cuzion
cussay,Cussay
culetre,Culètre
curley,Curley
curtil_vergy,Curtil-Vergy
cussy_la_colonne,Cussy-la-Colonne
cussy_le_chatel,Cussy-le-Châtel
cuiserey,Cuiserey
curtil_saint_seine,Curtil-Saint-Seine
cussey_les_forges,Cussey-les-Forges
cubrial,Cubrial
cubry,Cubry
cusance,Cusance
cuse_et_adrisans,Cuse-et-Adrisans
cussey_sur_lison,Cussey-sur-Lison
cussey_sur_l_ognon,Cussey-sur-l'Ognon
cuisia,Cuisia
cuvier,Cuvier
cuncy_les_varzy,Cuncy-lès-Varzy
cuve,Cuve
cubry_les_faverney,Cubry-lès-Faverney
cugney,Cugney
cult,Cult
curgy,Curgy
cussy_en_morvan,Cussy-en-Morvan
culles_les_roches,Culles-les-Roches
curtil_sous_burnand,Curtil-sous-Burnand
curbigny,Curbigny
curdin,Curdin
cuzy,Cuzy
cuiseaux,Cuiseaux
cuisery,Cuisery
curtil_sous_buffieres,Curtil-sous-Buffières
cussy_les_forges,Cussy-les-Forges
cudot,Cudot
cuy,Cuy
cunelieres,Cunelières
cussy,Cussy
culey_le_patry,Culey-le-Patry
cuverville,Cuverville
cuves,Cuves
cuissai,Cuissai
cuverville_sur_yeres,Cuverville-sur-Yères
cuy_saint_fiacre,Cuy-Saint-Fiacre
cuirieux,Cuirieux
cuiry_les_chaudardes,Cuiry-lès-Chaudardes
cuissy_et_geny,Cuissy-et-Geny
cugny,Cugny
cuffies,Cuffies
cuiry_housse,Cuiry-Housse
cuisy_en_almont,Cuisy-en-Almont
cutry,Cutry
cuiry_les_iviers,Cuiry-lès-Iviers
cuvillers,Cuvillers
cuincy,Cuincy
curgies,Curgies
cuigy_en_bray,Cuigy-en-Bray
cuignieres,Cuignières
cuise_la_motte,Cuise-la-Motte
cuts,Cuts
cuvilly,Cuvilly
cuvergnon,Cuvergnon
cuinchy,Cuinchy
cucq,Cucq
curchy,Curchy
curlu,Curlu
cunfin,Cunfin
cussangy,Cussangy
cuperly,Cuperly
cuis,Cuis
cumieres,Cumières
cuchery,Cuchery
cuisles,Cuisles
curmont,Curmont
culmont,Culmont
cusey,Cusey
curel,Curel
custines,Custines
culey,Culey
cumieres_le_mort_homme,Cumières-le-Mort-Homme
cunel,Cunel
cutting,Cutting
cuvry,Cuvry
cuille,Cuillé
cures,Cures
cugand,Cugand
curzon,Curzon
cuguen,Cuguen
curac,Curac
cublac,Cublac
curemonte,Curemonte
cuneges,Cunèges
cubjac_auvezere_val_d_ans,Cubjac-Auvézère-Val d'Ans
cubnezais,Cubnezais
cubzac_les_ponts,Cubzac-les-Ponts
cursan,Cursan
cudos,Cudos
cussac_fort_medoc,Cussac-Fort-Médoc
cuq,Cuq
cuzorn,Cuzorn
cuqueron,Cuqueron
curcay_sur_dive,Curçay-sur-Dive
cuhon,Cuhon
curzay_sur_vonne,Curzay-sur-Vonne
cussac,Cussac
cumies,Cumiès
cuxac_cabardes,Cuxac-Cabardès
cubieres_sur_cinoble,Cubières-sur-Cinoble
cucugnan,Cucugnan
cuxac_d_aude,Cuxac-d'Aude
curan,Curan
curieres,Curières
cuguron,Cuguron
cugnaux,Cugnaux
cuelas,Cuélas
cuzac,Cuzac
cuzance,Cuzance
cubieres,Cubières
cubierettes,Cubiérettes
cultures,Cultures
cunac,Cunac
curvalle,Curvalle
cuq_toulza,Cuq-Toulza
cumont,Cumont
culoz,Culoz
cuzieu,Cuzieu
curciat_dongalon,Curciat-Dongalon
curtafond,Curtafond
cusset,Cusset
curnier,Curnier
culin,Culin
cuinzier,Cuinzier
cussac_sur_loire,Cussac-sur-Loire
cunlhat,Cunlhat
culhat,Culhat
cublize,Cublize
curis_au_mont_d_or,Curis-au-Mont-d'Or
curienne,Curienne
cusy,Cusy
cuvat,Cuvat
curbans,Curbans
cuebris,Cuébris
cuges_les_pins,Cuges-les-Pins
cuers,Cuers
cucuron,Cucuron
cuttoli_corticchiato,Cuttoli-Corticchiato
cuttragh,Cuttragh
culdaff,Culdaff
currin,Currin
cuilmore,Cuilmore
cuffsborough,Cuffsborough
cullahill,Cullahill
cullenagh,Cullenagh
curraclone,Curraclone
currygrane,Currygrane
cullenwaine,Cullenwaine
cummer,Cummer
cur_number_an_chorr,Cur#An Chorr
curraghmore,Curraghmore
cushkillary,Cushkillary
cuildoo,Cuildoo
culnacleha,Culnacleha
culliagh,Culliagh
culmullin,Culmullin
cullane,Cullane
custom_house,Custom House
cullen,Cullen
curraheen,Curraheen
custom_house_a,Custom House A
custom_house_b,Custom House B
curraglass,Curraglass
curryglass,Curryglass
curraghbeg,Curraghbeg
currans,Currans
cuceglio,Cuceglio
cumiana,Cumiana
cuorgne,Cuorgnè
cureggio,Cureggio
cuneo,Cuneo
cunico,Cunico
cuccaro_monferrato,Cuccaro Monferrato
curino,Curino
cursolo_orasso,Cursolo-Orasso
cuasso_al_monte,Cuasso al Monte
cugliate_fabiasco,Cugliate-Fabiasco
cunardo,Cunardo
curiglia_con_monteviasco,Curiglia con Monteviasco
cuveglio,Cuveglio
cuvio,Cuvio
cucciago,Cucciago
cusino,Cusino
cuggiono,Cuggiono
cusago,Cusago
cusano_milanino,Cusano Milanino
curno,Curno
cusio,Cusio
cura_carpignano,Cura Carpignano
cumignano_sul_naviglio,Cumignano sul Naviglio
curtatone,Curtatone
curon_venosta_number_graun_im_vinschgau,Curon Venosta#Graun im Vinschgau
curtarolo,Curtarolo
cupramontana,Cupramontana
cupra_marittima,Cupra Marittima
cugnoli,Cugnoli
cupello,Cupello
curti,Curti
cusano_mutri,Cusano Mutri
cuccaro_vetere,Cuccaro Vetere
cursi,Cursi
cutrofiano,Cutrofiano
curinga,Curinga
cutro,Cutro
custonaci,Custonaci
cuglieri,Cuglieri
curcuris,Curcuris
culemborg,Culemborg
cuijk,Cuijk
cuba,Cuba
curopos_e_vale_de_janeiro,Curopos e Vale de Janeiro
cumeada_e_marmeleiro,Cumeada e Marmeleiro
cumeeira,Cumeeira
custoias,Custóias
cunheira,Cunheira
custoias_leca_do_balio_e_guifoes,Custóias, Leça do Balio e Guifões
cunha,Cunha
cuide_de_vila_verde,Cuide de Vila Verde
curalha,Curalha
cumieira,Cumieira
cujo,Cujó
cunha_baixa,Cunha Baixa
curral_das_freiras,Curral das Freiras
cugir,Cugir
cut,Cut
curtici,Curtici
curtea_de_arges,Curtea de Argeş
cuca,Cuca
curatele,Curăţele
curtuiseni,Curtuişeni
curtesti,Curteşti
cuza_voda,Cuza Voda
curcani,Curcani
cuzdrioara,Cuzdrioara
cumpana,Cumpăna
cudalbi,Cudalbi
cucuteni,Cucuteni
cupseni,Cupşeni
cujmir,Cujmir
cucerdea,Cucerdea
cuci,Cuci
curtisoara,Curtişoara
cungrea,Cungrea
cuzaplac,Cuzăplac
culciu,Culciu
curtea,Curtea
cundrovec,Cundrovec
curnovec,Curnovec
cunkovci,Cunkovci
cuber,Cuber
cudworth,Cudworth
cullercoats,Cullercoats
cuxton_and_halling,Cuxton and Halling
currock,Currock
cullompton_north,Cullompton North
cullompton_outer,Cullompton Outer
cullompton_south,Cullompton South
cupernham,Cupernham
cunningham,Cunningham
culverden,Culverden
curry_rivel,Curry Rivel
cuddington,Cuddington
curdworth,Curdworth
cuckfield,Cuckfield
cumnor,Cumnor
curborough,Curborough
culcheth_glazebury_croft,Culcheth, Glazebury & Croft
cumnock_and_new_cumnock,Cumnock and New Cumnock
cupar,Cupar
culloden_and_ardersier,Culloden and Ardersier
cumbernauld_north,Cumbernauld North
cumbernauld_south,Cumbernauld South
culmore,Culmore
cullybackey,Cullybackey
curran_and_inver,Curran and Inver
cultra,Cultra
