name_clean,name_real
mat,Mat
mallakaster,Mallakastër
maliq,Maliq
malesi_e_madhe,Malësi e madhe
marz,Marz
mattersburg,Mattersburg
mannersdorf_an_der_rabnitz,Mannersdorf an der Rabnitz
markt_sankt_martin,Markt Sankt Martin
mariasdorf,Mariasdorf
markt_allhau,Markt Allhau
markt_neuhodis,Markt Neuhodis
maria_rain,Maria Rain
maria_saal,Maria Saal
maria_worth,Maria Wörth
magdalensberg,Magdalensberg
mallnitz,Mallnitz
malta,Malta
mannersdorf_am_leithagebirge,Mannersdorf am Leithagebirge
maria_lanzendorf,Maria-Lanzendorf
mannsdorf_an_der_donau,Mannsdorf an der Donau
marchegg,Marchegg
markgrafneusiedl,Markgrafneusiedl
matzen_raggendorf,Matzen-Raggendorf
mailberg,Mailberg
maissau,Maissau
maria_laach_am_jauerling,Maria Laach am Jauerling
mautern_an_der_donau,Mautern an der Donau
mank,Mank
marbach_an_der_donau,Marbach an der Donau
maria_taferl,Maria Taferl
maria_enzersdorf,Maria Enzersdorf
maria_anzbach,Maria-Anzbach
markersdorf_haindorf,Markersdorf-Haindorf
mauerbach,Mauerbach
markt_piesting,Markt Piesting
matzendorf_holles,Matzendorf-Hölles
martinsberg,Martinsberg
maria_schmolln,Maria Schmolln
mattighofen,Mattighofen
mauerkirchen,Mauerkirchen
mauthausen,Mauthausen
mayrhof,Mayrhof
maria_neustift,Maria Neustift
manning,Manning
marchtrenk,Marchtrenk
mattsee,Mattsee
mariapfarr,Mariapfarr
mauterndorf,Mauterndorf
maishofen,Maishofen
maria_alm_am_steinernen_meer,Maria Alm am Steinernen Meer
mautern_in_steiermark,Mautern in Steiermark
maria_lankowitz,Maria Lankowitz
markt_hartmannsdorf,Markt Hartmannsdorf
mariazell,Mariazell
matrei_am_brenner,Matrei am Brenner
mariastein,Mariastein
matrei_in_osttirol,Matrei in Osttirol
mayrhofen,Mayrhofen
malle,Malle
machelen,Machelen
maldegem,Maldegem
maarkedal,Maarkedal
maaseik,Maaseik
maasmechelen,Maasmechelen
manage,Manage
marchin,Marchin
malmedy,Malmedy
martelange,Martelange
marche_en_famenne,Marche-en-Famenne
manhay,Manhay
maschwanden,Maschwanden
marthalen,Marthalen
maur,Maur
madiswil,Madiswil
mattstetten,Mattstetten
matten_bei_interlaken,Matten bei Interlaken
malters,Malters
mauensee,Mauensee
massonnens,Massonnens
marsens,Marsens
marly,Marly
matran,Matran
matzendorf,Matzendorf
maisprach,Maisprach
marbach_sg,Marbach (SG)
maienfeld,Maienfeld
malans,Malans
madulain,Madulain
maladers,Maladers
masein,Masein
mathon,Mathon
mandach,Mandach
magden,Magden
matzingen,Matzingen
mammern,Mammern
magliaso,Magliaso
manno,Manno
maroggia,Maroggia
massagno,Massagno
maggia,Maggia
mauborget,Mauborget
mathod,Mathod
maracon,Maracon
mauraz,Mauraz
marchissy,Marchissy
martigny,Martigny
martigny_combe,Martigny-Combe
massongex,Massongex
marsovice,Maršovice
mala_viska,Malá Víska
male_pritocno,Malé Přítočno
makotrasy,Makotřasy
male_kysice,Malé Kyšice
malikovice,Malíkovice
malotice,Malotice
masojedy,Masojedy
malesov,Malešov
maly_ujezd,Malý Újezd
mala_hrastice,Malá Hraštice
malinova,Malinová
mazelov,Mazelov
malsin,Malšín
malonty,Malonty
majdalena,Majdalena
mahous,Mahouš
malovice,Malovice
mackov,Mačkov
malenice,Malenice
malsice,Malšice
mazice,Mažice
maly_bor,Malý Bor
manovice,Maňovice
manetin,Manětín
marianske_lazne,Mariánské Lázně
markvartice,Markvartice
mala_velen,Malá Veleň
malsovice,Malšovice
mastov,Mašťov
malic,Malíč
male_zernoseky,Malé Žernoseky
martineves,Martiněves
male_brezno,Malé Březno
marianske_radcice,Mariánské Radčice
malecov,Malečov
marenice,Mařenice
mala_skala,Malá Skála
martinice_v_krkonosich,Martinice v Krkonoších
machov,Machov
martinkovice,Martínkovice
mala_upa,Malá Úpa
male_svatonovice,Malé Svatoňovice
marsov_u_upice,Maršov u Úpice
male_vykleky,Malé Výkleky
makov,Makov
malikov,Malíkov
malcin,Malčín
malec,Maleč
maly_beranov,Malý Beranov
martinice_u_onsova,Martinice u Onšova
martinkov,Martínkov
mastnik,Mastník
mala_losenice,Malá Losenice
martinice,Martinice
matejov,Matějov
mala_lhota,Malá Lhota
mala_roudka,Malá Roudka
malesovice,Malešovice
malhostovice,Malhostovice
marsov,Maršov
mala_vrbka,Malá Vrbka
malinky,Malínky
mackovice,Mackovice
masovice,Mašovice
majetin,Majetín
male_hradisko,Malé Hradisko
malhotice,Malhotice
mala_morava,Malá Morava
maletin,Maletín
mala_bystrice,Malá Bystřice
machova,Machová
mala_stahle,Malá Štáhle
mala_moravka,Malá Morávka
malenovice,Malenovice
mankovice,Mankovice
markvartovice,Markvartovice
marne,Marne
marnerdeich,Marnerdeich
malente,Malente
manhagen,Manhagen
martensrade,Martensrade
maasbull,Maasbüll
maasholm,Maasholm
mariental,Mariental
marl,Marl
martfeld,Martfeld
maasen,Maasen
marklohe,Marklohe
marschacht,Marschacht
marxen,Marxen
marienhafe,Marienhafe
marienheide,Marienheide
marienmunster,Marienmünster
marsberg,Marsberg
maintal,Maintal
mainhausen,Mainhausen
marburg,Marburg
malsfeld,Malsfeld
mayschoss,Mayschoß
mammelzen,Mammelzen
mauden,Mauden
malberg,Malberg
mandel,Mandel
martinstein,Martinstein
mackenrodt,Mackenrodt
masburg,Masburg
mayen,Mayen
macken,Macken
marienhausen,Marienhausen
maisborn,Maisborn
mastershausen,Mastershausen
maitzborn,Maitzborn
marienfels,Marienfels
marzhausen,Marzhausen
marienrachdorf,Marienrachdorf
maroth,Maroth
maxsain,Maxsain
maring_noviand,Maring-Noviand
malborn,Malborn
manderscheid,Manderscheid
mauel,Mauel
masthorn,Masthorn
matzerath,Matzerath
malbergweich,Malbergweich
mannebach,Mannebach
mandern,Mandern
mainz,Mainz
mauchenheim,Mauchenheim
mannweiler_colln,Mannweiler-Cölln
marnheim,Marnheim
martinshohe,Martinshöhe
mackenbach,Mackenbach
matzenbach,Matzenbach
maikammer,Maikammer
maxdorf,Maxdorf
manubach,Manubach
mauschbach,Mauschbach
massweiler,Maßweiler
magstadt,Magstadt
markgroningen,Markgröningen
marbach_am_neckar,Marbach am Neckar
massenbachhausen,Massenbachhausen
mainhardt,Mainhardt
malsch,Malsch
marxzell,Marxzell
mannheim,Mannheim
mauer,Mauer
maulbronn,Maulbronn
march,March
malterdingen,Malterdingen
mahlberg,Mahlberg
mahlstetten,Mahlstetten
malsburg_marzell,Malsburg-Marzell
maulburg,Maulburg
maselheim,Maselheim
markdorf,Markdorf
marktl,Marktl
marktschellenberg,Marktschellenberg
markt_indersdorf,Markt Indersdorf
markt_schwaben,Markt Schwaben
marzling,Marzling
mauern,Mauern
maisach,Maisach
mammendorf,Mammendorf
maitenbeth,Maitenbeth
manching,Manching
marquartstein,Marquartstein
mauth,Mauth
mauther_forst,Mauther Forst
mainburg,Mainburg
malching,Malching
malgersdorf,Malgersdorf
massing,Massing
mallersdorf_pfaffenberg,Mallersdorf-Pfaffenberg
mariaposching,Mariaposching
marklkofen,Marklkofen
mamming,Mamming
mantel,Mantel
manteler_forst,Manteler Forst
maxhutte_haidhof,Maxhütte-Haidhof
martinlamitzer_forst_nord,Martinlamitzer Forst-Nord
marktrodach,Marktrodach
mainleus,Mainleus
marktschorgast,Marktschorgast
marktleugast,Marktleugast
marktgraitz,Marktgraitz
marktzeuln,Marktzeuln
marktleuthen,Marktleuthen
marktredwitz,Marktredwitz
martinlamitzer_forst_sud,Martinlamitzer Forst-Süd
mark,Mark
marloffstein,Marloffstein
markt_erlbach,Markt Erlbach
markt_bibart,Markt Bibart
markt_taschendorf,Markt Taschendorf
markt_nordheim,Markt Nordheim
marktbergel,Marktbergel
markt_berolzheim,Markt Berolzheim
mainaschaff,Mainaschaff
massbach,Maßbach
maroldsweisach,Maroldsweisach
mainbernheim,Mainbernheim
markt_einersheim,Markt Einersheim
mainstockheim,Mainstockheim
marktbreit,Marktbreit
marktsteft,Marktsteft
martinsheim,Martinsheim
marktheidenfeld,Marktheidenfeld
margetshochheim,Margetshöchheim
maierhofen,Maierhöfen
marktoberdorf,Marktoberdorf
mauerstetten,Mauerstetten
markt_rettenbach,Markt Rettenbach
markt_wald,Markt Wald
marxheim,Marxheim
maihingen,Maihingen
marktoffingen,Marktoffingen
mandelbachtal,Mandelbachtal
marpingen,Marpingen
marienwerder,Marienwerder
massen_niederlausitz,Massen-Niederlausitz
marienfliess,Marienfließ
mark_landin,Mark Landin
malchin,Malchin
malchow,Malchow
massow,Massow
marlow,Marlow
malk_gohren,Malk Göhren
malliss,Malliß
marnitz,Marnitz
marienberg,Marienberg
markneukirchen,Markneukirchen
malschwitz,Malschwitz
markersdorf,Markersdorf
machern,Machern
markkleeberg,Markkleeberg
markranstadt,Markranstädt
magdeburg,Magdeburg
mansfeld,Mansfeld
marth,Marth
mackenrode,Mackenrode
marksuhl,Marksuhl
marolterode,Marolterode
mannstedt,Mannstedt
markvippach,Markvippach
masserberg,Masserberg
marisfeld,Marisfeld
martinroda,Martinroda
magdala,Magdala
mariager,Mariager
margrethe,Margrethe
madum,Madum
marie_magdalene,Marie Magdalene
mariehoj,Mariehøj
malling,Malling
mammen,Mammen
marslev,Marslev
magleby,Magleby
marstal,Marstal
maugstrup,Maugstrup
mando,Mandø
malt,Malt
mariendals,Mariendals
maglegards,Maglegårds
magleby_stevns,Magleby Stevns
maribo_domsogn,Maribo Domsogn
marvede,Marvede
majbolle,Majbølle
maglebraende,Maglebrænde
maardu,Maardu
martna,Martna
macael,Macael
maria,María
malaha_la,Malahá, La
maracena,Maracena
marchal,Marchal
manzanilla,Manzanilla
marines_los,Marines, Los
mancha_real,Mancha Real
marmolejo,Marmolejo
martos,Martos
macharaviaya,Macharaviaya
manilva,Manilva
marbella,Marbella
madrono_el,Madroño, El
mairena_del_alcor,Mairena del Alcor
mairena_del_aljarafe,Mairena del Aljarafe
marchena,Marchena
marinaleda,Marinaleda
martin_de_la_jara,Martín de la Jara
maicas,Maicas
manzanera,Manzanera
martin_del_rio,Martín del Río
mas_de_las_matas,Mas de las Matas
mata_de_los_olmos_la,Mata de los Olmos, La
mazaleon,Mazaleón
maella,Maella
magallon,Magallón
mainar,Mainar
malanquilla,Malanquilla
malejan,Maleján
malon,Malón
maluenda,Maluenda
mallen,Mallén
manchones,Manchones
mara,Mara
maria_de_huerva,María de Huerva
marracos,Marracos
mahon,Mahón
manacor,Manacor
mancor_de_la_vall,Mancor de la Vall
maria_de_la_salud,María de la Salud
marratxi,Marratxí
matanza_de_acentejo_la,Matanza de Acentejo, La
marina_de_cudeyo,Marina de Cudeyo
mazcuerras,Mazcuerras
madrigal_de_las_altas_torres,Madrigal de las Altas Torres
maello,Maello
malpartida_de_corneja,Malpartida de Corneja
mamblas,Mamblas
mancera_de_arriba,Mancera de Arriba
manjabalago,Manjabálago
marlin,Marlín
martiherrero,Martiherrero
martinez,Martínez
madrigal_del_monte,Madrigal del Monte
madrigalejo_del_monte,Madrigalejo del Monte
mahamud,Mahamud
mambrilla_de_castrejon,Mambrilla de Castrejón
mambrillas_de_lara,Mambrillas de Lara
mamolar,Mamolar
manciles,Manciles
mazuela,Mazuela
magaz_de_cepeda,Magaz de Cepeda
mansilla_de_las_mulas,Mansilla de las Mulas
mansilla_mayor,Mansilla Mayor
marana,Maraña
matadeon_de_los_oteros,Matadeón de los Oteros
matallana_de_torio,Matallana de Torío
matanza,Matanza
magaz_de_pisuerga,Magaz de Pisuerga
manquillos,Manquillos
mantinos,Mantinos
marcilla_de_campos,Marcilla de Campos
mazariegos,Mazariegos
mazuecos_de_valdeginate,Mazuecos de Valdeginate
macotera,Macotera
machacon,Machacón
madronal,Madroñal
maillo_el,Maíllo, El
malpartida,Malpartida
mancera_de_abajo,Mancera de Abajo
manzano_el,Manzano, El
martiago,Martiago
martinamor,Martinamor
martin_de_yeltes,Martín de Yeltes
masueco,Masueco
mata_de_ledesma_la,Mata de Ledesma, La
matilla_de_los_canos_del_rio,Matilla de los Caños del Río
maya_la,Maya, La
maderuelo,Maderuelo
marazuela,Marazuela
martin_miguel,Martín Miguel
martin_munoz_de_la_dehesa,Martín Muñoz de la Dehesa
martin_munoz_de_las_posadas,Martín Muñoz de las Posadas
marugan,Marugán
matabuena,Matabuena
mata_de_cuellar,Mata de Cuéllar
matilla_la,Matilla, La
marazoleja,Marazoleja
magana,Magaña
majan,Maján
matalebreras,Matalebreras
matamala_de_almazan,Matamala de Almazán
manzanillo,Manzanillo
marzales,Marzales
matapozuelos,Matapozuelos
matilla_de_los_canos,Matilla de los Caños
mayorga,Mayorga
maderal_el,Maderal, El
madridanos,Madridanos
mahide,Mahide
maire_de_castroponce,Maire de Castroponce
malva,Malva
manganeses_de_la_lampreana,Manganeses de la Lampreana
manganeses_de_la_polvorosa,Manganeses de la Polvorosa
manzanal_de_arriba,Manzanal de Arriba
manzanal_del_barco,Manzanal del Barco
manzanal_de_los_infantes,Manzanal de los Infantes
matilla_de_arzon,Matilla de Arzón
matilla_la_seca,Matilla la Seca
mayalde,Mayalde
madrigueras,Madrigueras
mahora,Mahora
masegoso,Masegoso
malagon,Malagón
manzanares,Manzanares
majadas_las,Majadas, Las
mariana,Mariana
masegosa,Masegosa
majaelrayo,Majaelrayo
malaguilla,Malaguilla
mandayona,Mandayona
mantiel,Mantiel
maranchon,Maranchón
marchamalo,Marchamalo
masegoso_de_tajuna,Masegoso de Tajuña
matarrubia,Matarrubia
matillas,Matillas
mazarete,Mazarete
mazuecos,Mazuecos
madridejos,Madridejos
magan,Magán
malpica_de_tajo,Malpica de Tajo
manzaneque,Manzaneque
maqueda,Maqueda
marjaliza,Marjaliza
marrupe,Marrupe
mascaraque,Mascaraque
mata_la,Mata, La
mazarambroz,Mazarambroz
malgrat_de_mar,Malgrat de Mar
malla,Malla
manlleu,Manlleu
manresa,Manresa
martorell,Martorell
martorelles,Martorelles
masies_de_roda_les,Masies de Roda, Les
masies_de_voltrega_les,Masies de Voltregà, Les
masnou_el,Masnou, El
masquefa,Masquefa
matadepera,Matadepera
mataro,Mataró
marganell,Marganell
madremanya,Madremanya
maia_de_montcal,Maià de Montcal
masarac,Masarac
massanes,Massanes
macanet_de_cabrenys,Maçanet de Cabrenys
macanet_de_la_selva,Maçanet de la Selva
malda,Maldà
massalcoreig,Massalcoreig
massoteres,Massoteres
maials,Maials
margalef,Margalef
marca,Marçà
mas_de_barberans,Mas de Barberans
masdenverge,Masdenverge
masllorenc,Masllorenç
maso_la,Masó, La
maspujols,Maspujols
masroig_el,Masroig, El
magacela,Magacela
maguilla,Maguilla
malcocinado,Malcocinado
malpartida_de_la_serena,Malpartida de la Serena
manchita,Manchita
madrigal_de_la_vera,Madrigal de la Vera
madrigalejo,Madrigalejo
madronera,Madroñera
majadas,Majadas
malpartida_de_caceres,Malpartida de Cáceres
malpartida_de_plasencia,Malpartida de Plasencia
marchagaz,Marchagaz
mata_de_alcantara,Mata de Alcántara
malpica_de_bergantinos,Malpica de Bergantiños
manon,Mañón
mazaricos,Mazaricos
maceda,Maceda
manzaneda,Manzaneda
maside,Maside
marin,Marín
madarcos,Madarcos
madrid,Madrid
majadahonda,Majadahonda
manzanares_el_real,Manzanares el Real
mazarron,Mazarrón
maneru,Mañeru
maranon,Marañón
marcilla,Marcilla
mallabia,Mallabia
manaria,Mañaria
markina_xemein,Markina-Xemein
maruri,Maruri
manjarres,Manjarrés
mansilla_de_la_sierra,Mansilla de la Sierra
manzanares_de_rioja,Manzanares de Rioja
matute,Matute
mata_de_morella_la,Mata de Morella, la
matet,Matet
macastre,Macastre
manises,Manises
manuel,Manuel
marines,Marines
massalaves,Massalavés
massalfassar,Massalfassar
massamagrell,Massamagrell
massanassa,Massanassa
marttila,Marttila
masku,Masku
malax_number_maalahti,Malax#Maalahti
mariehamn_number_maarianhamina,Mariehamn#Maarianhamina
maisoncelles_en_brie,Maisoncelles-en-Brie
marchemoret,Marchémoret
marcilly,Marcilly
mareuil_les_meaux,Mareuil-lès-Meaux
marolles_en_brie,Marolles-en-Brie
mary_sur_marne,Mary-sur-Marne
mauperthuis,Mauperthuis
mauregard,Mauregard
may_en_multien,May-en-Multien
machault,Machault
maincy,Maincy
maison_rouge,Maison-Rouge
marles_en_brie,Marles-en-Brie
marolles_sur_seine,Marolles-sur-Seine
maisoncelles_en_gatinais,Maisoncelles-en-Gâtinais
magny_le_hongre,Magny-le-Hongre
magnanville,Magnanville
mantes_la_jolie,Mantes-la-Jolie
mantes_la_ville,Mantes-la-Ville
maulette,Maulette
magny_les_hameaux,Magny-les-Hameaux
marcq,Marcq
mareil_le_guyon,Mareil-le-Guyon
maurepas,Maurepas
maisons_laffitte,Maisons-Laffitte
mareil_marly,Mareil-Marly
mareil_sur_mauldre,Mareil-sur-Mauldre
marly_le_roi,Marly-le-Roi
maule,Maule
maurecourt,Maurecourt
marolles_en_beauce,Marolles-en-Beauce
mauchamps,Mauchamps
maisse,Maisse
marcoussis,Marcoussis
marolles_en_hurepoix,Marolles-en-Hurepoix
massy,Massy
malakoff,Malakoff
marnes_la_coquette,Marnes-la-Coquette
maisons_alfort,Maisons-Alfort
mandres_les_roses,Mandres-les-Roses
maffliers,Maffliers
mareil_en_france,Mareil-en-France
margency,Margency
marly_la_ville,Marly-la-Ville
magny_en_vexin,Magny-en-Vexin
maudetour_en_vexin,Maudétour-en-Vexin
mareuil_sur_arnon,Mareuil-sur-Arnon
marmagne,Marmagne
marseilles_les_aubigny,Marseilles-lès-Aubigny
maisonnais,Maisonnais
marcais,Marçais
massay,Massay
magny,Magny
maintenon,Maintenon
mainvilliers,Mainvilliers
maisons,Maisons
marcheville,Marchéville
marboue,Marboué
maillebois,Maillebois
marchezais,Marchezais
marville_moutiers_brule,Marville-Moutiers-Brûlé
manou,Manou
margon,Margon
marolles_les_buis,Marolles-les-Buis
martizay,Martizay
mauvieres,Mauvières
maillet,Maillet
malicornay,Malicornay
maille,Maillé
marcay,Marçay
marcilly_sur_maulne,Marcilly-sur-Maulne
marcilly_sur_vienne,Marcilly-sur-Vienne
marigny_marmande,Marigny-Marmande
marray,Marray
mazieres_de_touraine,Mazières-de-Touraine
manthelan,Manthelan
marce_sur_esves,Marcé-sur-Esves
marchenoir,Marchenoir
marolles,Marolles
maslives,Maslives
maves,Maves
marcilly_en_beauce,Marcilly-en-Beauce
mazange,Mazangé
maray,Maray
marcilly_en_gault,Marcilly-en-Gault
mareuil_sur_cher,Mareuil-sur-Cher
marcilly_en_villette,Marcilly-en-Villette
mardie,Mardié
mareau_aux_pres,Mareau-aux-Prés
marigny_les_usages,Marigny-les-Usages
mareau_aux_bois,Mareau-aux-Bois
marsainvilliers,Marsainvilliers
maconge,Maconge
magnien,Magnien
magny_les_aubigny,Magny-lès-Aubigny
magny_les_villers,Magny-lès-Villers
maligny,Maligny
manlay,Manlay
marcheseuil,Marcheseuil
marcilly_ogny,Marcilly-Ogny
marey_les_fussey,Marey-lès-Fussey
marigny_les_reullee,Marigny-lès-Reullée
martrois,Martrois
mavilly_mandelot,Mavilly-Mandelot
magny_montarlot,Magny-Montarlot
magny_saint_medard,Magny-Saint-Médard
magny_sur_tille,Magny-sur-Tille
marandeuil,Marandeuil
marcilly_sur_tille,Marcilly-sur-Tille
marey_sur_tille,Marey-sur-Tille
marliens,Marliens
marsannay_la_cote,Marsannay-la-Côte
marsannay_le_bois,Marsannay-le-Bois
maxilly_sur_saone,Maxilly-sur-Saône
magny_lambert,Magny-Lambert
magny_la_ville,Magny-la-Ville
maisey_le_duc,Maisey-le-Duc
marcellois,Marcellois
marcenay,Marcenay
marcigny_sous_thil,Marcigny-sous-Thil
marcilly_et_dracy,Marcilly-et-Dracy
marigny_le_cahouet,Marigny-le-Cahouët
massingy,Massingy
massingy_les_semur,Massingy-lès-Semur
massingy_les_vitteaux,Massingy-lès-Vitteaux
mauvilly,Mauvilly
malbrans,Malbrans
mamirolle,Mamirolle
marchaux,Marchaux
mazerolles_le_salin,Mazerolles-le-Salin
maiche,Maîche
mancenans,Mancenans
mancenans_lizerne,Mancenans-Lizerne
mandeure,Mandeure
marvelise,Marvelise
mathay,Mathay
magny_chatelard,Magny-Châtelard
maisons_du_bois_lievremont,Maisons-du-Bois-Lièvremont
malbuisson,Malbuisson
malpas,Malpas
malange,Malange
marnoz,Marnoz
mathenay,Mathenay
macornay,Macornay
mantry,Mantry
marigna_sur_valouse,Marigna-sur-Valouse
marigny,Marigny
marnezia,Marnézia
maynal,Maynal
maisod,Maisod
martigna,Martigna
marigny_l_eglise,Marigny-l'Église
maux,Maux
magny_lormes,Magny-Lormes
marcy,Marcy
marigny_sur_yonne,Marigny-sur-Yonne
magny_cours,Magny-Cours
mars_sur_allier,Mars-sur-Allier
marzy,Marzy
magnivray,Magnivray
magnoncourt,Magnoncourt
magny_danigon,Magny-Danigon
magny_jobert,Magny-Jobert
magny_vernois,Magny-Vernois
mailleroncourt_charette,Mailleroncourt-Charette
mailleroncourt_saint_pancras,Mailleroncourt-Saint-Pancras
malbouhans,Malbouhans
mandrevillars,Mandrevillars
marast,Marast
magny_les_jussey,Magny-lès-Jussey
mailley_et_chazelot,Mailley-et-Chazelot
maizieres,Maizières
malvillers,Malvillers
mantoche,Mantoche
marnay,Marnay
maussans,Maussans
mary,Mary
malay,Malay
mancey,Mancey
marcilly_les_buxy,Marcilly-lès-Buxy
mailly,Mailly
maltat,Maltat
marcigny,Marcigny
marcilly_la_gueurce,Marcilly-la-Gueurce
marly_sous_issy,Marly-sous-Issy
marly_sur_arroux,Marly-sur-Arroux
martigny_le_comte,Martigny-le-Comte
martailly_les_brancion,Martailly-lès-Brancion
massilly,Massilly
matour,Matour
mazille,Mazille
mailly_la_ville,Mailly-la-Ville
mailly_le_chateau,Mailly-le-Château
marmeaux,Marmeaux
massangis,Massangis
maillot,Maillot
malay_le_grand,Malay-le-Grand
malay_le_petit,Malay-le-Petit
marsangy,Marsangy
magny_en_bessin,Magny-en-Bessin
mandeville_en_bessin,Mandeville-en-Bessin
manvieux,Manvieux
maizet,Maizet
maltot,Maltot
martainville,Martainville
martigny_sur_l_ante,Martigny-sur-l'Ante
mathieu,Mathieu
may_sur_orne,May-sur-Orne
manerbe,Manerbe
manneville_la_pipard,Manneville-la-Pipard
malherbe_sur_ajon,Malherbe-sur-Ajon
maisoncelles_pelvey,Maisoncelles-Pelvey
maisoncelles_sur_ajon,Maisoncelles-sur-Ajon
mainneville,Mainneville
martagny,Martagny
martot,Martot
marbois,Marbois
malleville_sur_le_bec,Malleville-sur-le-Bec
malouy,Malouy
mandeville,Mandeville
mandres,Mandres
manneville_la_raoult,Manneville-la-Raoult
manneville_sur_risle,Manneville-sur-Risle
marais_vernier,Marais-Vernier
marbeuf,Marbeuf
marcilly_la_campagne,Marcilly-la-Campagne
marcilly_sur_eure,Marcilly-sur-Eure
marcey_les_greves,Marcey-les-Grèves
magneville,Magneville
martinvast,Martinvast
maupertus_sur_mer,Maupertus-sur-Mer
marchesieux,Marchésieux
margueray,Margueray
marigny_le_lozon,Marigny-Le-Lozon
maupertuis,Maupertuis
mace,Macé
magny_le_desert,Magny-le-Désert
mantilly,Mantilly
marchemaisons,Marchemaisons
maheru,Mahéru
mardilly,Mardilly
mauves_sur_huisne,Mauves-sur-Huisne
malleville_les_gres,Malleville-les-Grès
manehouville,Manéhouville
manneville_es_plains,Manneville-ès-Plains
marques,Marques
martin_eglise,Martin-Église
mathonville,Mathonville
maucomble,Maucomble
mauquenchy,Mauquenchy
maneglise,Manéglise
maniquerville,Maniquerville
manneville_la_goupil,Manneville-la-Goupil
mannevillette,Mannevillette
malaunay,Malaunay
maromme,Maromme
martainville_epreville,Martainville-Épreville
maulevrier_sainte_gertrude,Maulévrier-Sainte-Gertrude
mauny,Mauny
mareuil_en_dole,Mareuil-en-Dôle
marigny_en_orxois,Marigny-en-Orxois
maizy,Maizy
manicamp,Manicamp
marchais,Marchais
marcy_sous_marle,Marcy-sous-Marle
marest_dampcourt,Marest-Dampcourt
marle,Marle
martigny_courpierre,Martigny-Courpierre
mauregny_en_haye,Mauregny-en-Haye
mayot,Mayot
magny_la_fosse,Magny-la-Fosse
maissemy,Maissemy
maast_et_violaine,Maast-et-Violaine
macogny,Macogny
margival,Margival
marizy_sainte_genevieve,Marizy-Sainte-Geneviève
marizy_saint_mard,Marizy-Saint-Mard
macquigny,Macquigny
malzy,Malzy
marfontaine,Marfontaine
marly_gomont,Marly-Gomont
mairieux,Mairieux
marbaix,Marbaix
maresches,Maresches
maroilles,Maroilles
marpent,Marpent
maubeuge,Maubeuge
malincourt,Malincourt
marcoing,Marcoing
maretz,Maretz
masnieres,Masnières
maurois,Maurois
mazinghien,Mazinghien
marchiennes,Marchiennes
marcq_en_ostrevent,Marcq-en-Ostrevent
masny,Masny
marcq_en_baroeul,Marcq-en-Barœul
marquette_lez_lille,Marquette-lez-Lille
marquillies,Marquillies
maing,Maing
marquette_en_ostrevant,Marquette-en-Ostrevant
mastaing,Mastaing
maulde,Maulde
maisoncelle_saint_pierre,Maisoncelle-Saint-Pierre
marseille_en_beauvaisis,Marseille-en-Beauvaisis
martincourt,Martincourt
maulers,Maulers
maignelay_montigny,Maignelay-Montigny
maimbeville,Maimbeville
maisoncelle_tuilerie,Maisoncelle-Tuilerie
machemont,Machemont
marest_sur_matz,Marest-sur-Matz
mareuil_la_motte,Mareuil-la-Motte
margny_aux_cerises,Margny-aux-Cerises
margny_les_compiegne,Margny-lès-Compiègne
margny_sur_matz,Margny-sur-Matz
marqueglise,Marquéglise
maucourt,Maucourt
mareuil_sur_ourcq,Mareuil-sur-Ourcq
maysel,Maysel
magnicourt_en_comte,Magnicourt-en-Comte
magnicourt_sur_canche,Magnicourt-sur-Canche
maisnil,Maisnil
manin,Manin
marest,Marest
maroeuil,Marœuil
marquay,Marquay
marquion,Marquion
martinpuich,Martinpuich
maisnil_les_ruitz,Maisnil-lès-Ruitz
marles_les_mines,Marles-les-Mines
mazinghem,Mazinghem
maninghen_henne,Maninghen-Henne
marquise,Marquise
maintenay,Maintenay
maisoncelle,Maisoncelle
maninghem,Maninghem
marant,Marant
marconne,Marconne
marconnelle,Marconnelle
marenla,Marenla
maresquel_ecquemicourt,Maresquel-Ecquemicourt
maresville,Maresville
marles_sur_canche,Marles-sur-Canche
matringhem,Matringhem
mametz,Mametz
marck,Marck
mazingarbe,Mazingarbe
machiel,Machiel
machy,Machy
maisnieres,Maisnières
maison_ponthieu,Maison-Ponthieu
maison_roland,Maison-Roland
mareuil_caubert,Mareuil-Caubert
martainneville,Martainneville
maizicourt,Maizicourt
marcelcave,Marcelcave
marlers,Marlers
mailly_raineval,Mailly-Raineval
malpart,Malpart
marche_allouarde,Marché-Allouarde
marestmontiers,Marestmontiers
marquivillers,Marquivillers
mailly_maillet,Mailly-Maillet
marchelepot,Marchélepot
maricourt,Maricourt
marieux,Marieux
marquaix,Marquaix
matigny,Matigny
maranwez,Maranwez
marby,Marby
marlemont,Marlemont
maubert_fontaine,Maubert-Fontaine
mazerny,Mazerny
maisoncelle_et_villers,Maisoncelle-et-Villers
malandry,Malandry
margny,Margny
margut,Margut
matton_et_clemency,Matton-et-Clémency
manre,Manre
marquigny,Marquigny
mars_sous_bourcq,Mars-sous-Bourcq
marvaux_vieux,Marvaux-Vieux
magnicourt,Magnicourt
magny_fouchard,Magny-Fouchard
maison_des_champs,Maison-des-Champs
maisons_les_soulaines,Maisons-lès-Soulaines
maizieres_les_brienne,Maizières-lès-Brienne
mathaux,Mathaux
maizieres_la_grande_paroisse,Maizières-la-Grande-Paroisse
marcilly_le_hayer,Marcilly-le-Hayer
marigny_le_chatel,Marigny-le-Châtel
marnay_sur_seine,Marnay-sur-Seine
macey,Macey
magnant,Magnant
mailly_le_camp,Mailly-le-Camp
maisons_les_chaource,Maisons-lès-Chaource
maraye_en_othe,Maraye-en-Othe
marolles_les_bailly,Marolles-lès-Bailly
marolles_sous_lignieres,Marolles-sous-Lignières
maupas,Maupas
mairy_sur_marne,Mairy-sur-Marne
marson,Marson
matougues,Matougues
mancy,Mancy
marcilly_sur_seine,Marcilly-sur-Seine
mardeuil,Mardeuil
mareuil_en_brie,Mareuil-en-Brie
mareuil_le_port,Mareuil-le-Port
marsangis,Marsangis
magenta,Magenta
magneux,Magneux
mailly_champagne,Mailly-Champagne
marfaux,Marfaux
maisons_en_champagne,Maisons-en-Champagne
margerie_hancourt,Margerie-Hancourt
matignicourt_goncourt,Matignicourt-Goncourt
maurupt_le_montois,Maurupt-le-Montois
maffrecourt,Maffrécourt
malmy,Malmy
massiges,Massiges
maisoncelles,Maisoncelles
malaincourt_sur_meuse,Malaincourt-sur-Meuse
mandres_la_cote,Mandres-la-Côte
manois,Manois
maranville,Maranville
marbeville,Marbéville
mareilles,Mareilles
marnay_sur_marne,Marnay-sur-Marne
maatz,Maâtz
maizieres_sur_amance,Maizières-sur-Amance
marac,Marac
marcilly_en_bassigny,Marcilly-en-Bassigny
mardor,Mardor
mathons,Mathons
mairy_mainville,Mairy-Mainville
malavillers,Malavillers
mars_la_tour,Mars-la-Tour
magnieres,Magnières
maixe,Maixe
manonviller,Manonviller
marainviller,Marainviller
mattexey,Mattexey
maidieres,Maidières
mailly_sur_seille,Mailly-sur-Seille
malleloy,Malleloy
malzeville,Malzéville
mangonville,Mangonville
manoncourt_en_vermois,Manoncourt-en-Vermois
marbache,Marbache
maron,Maron
marthemont,Marthemont
maxeville,Maxéville
mazerulles,Mazerulles
mamey,Mamey
mandres_aux_quatre_tours,Mandres-aux-Quatre-Tours
manoncourt_en_woevre,Manoncourt-en-Woëvre
manonville,Manonville
mandres_en_barrois,Mandres-en-Barrois
maulan,Maulan
maizey,Maizey
marson_sur_barboure,Marson-sur-Barboure
mauvages,Mauvages
maxey_sur_vaise,Maxey-sur-Vaise
maizeray,Maizeray
malancourt,Malancourt
mangiennes,Mangiennes
manheulles,Manheulles
marcheville_en_woevre,Marchéville-en-Woëvre
marre,Marre
martincourt_sur_meuse,Martincourt-sur-Meuse
marville,Marville
maucourt_sur_orne,Maucourt-sur-Orne
macheren,Macheren
mainvillers,Mainvillers
many,Many
marange_zondrange,Marange-Zondrange
maxstadt,Maxstadt
maizieres_les_vic,Maizières-lès-Vic
malaucourt_sur_seille,Malaucourt-sur-Seille
manhoue,Manhoué
marimont_les_benestroff,Marimont-lès-Bénestroff
marsal,Marsal
marthille,Marthille
manderen,Manderen
manom,Manom
maizeroy,Maizeroy
maizieres_les_metz,Maizières-lès-Metz
malroy,Malroy
marange_silvange,Marange-Silvange
marieulles,Marieulles
marsilly,Marsilly
marlenheim,Marlenheim
mackwiller,Mackwiller
maennolsheim,Maennolsheim
marmoutier,Marmoutier
mackenheim,Mackenheim
maisonsgoutte,Maisonsgoutte
marckolsheim,Marckolsheim
matzenheim,Matzenheim
manspach,Manspach
magstatt_le_bas,Magstatt-le-Bas
magstatt_le_haut,Magstatt-le-Haut
malmerspach,Malmerspach
masevaux_niederbruck,Masevaux-Niederbruck
madegney,Madegney
madonne_et_lamerey,Madonne-et-Lamerey
marainville_sur_madon,Marainville-sur-Madon
maroncourt,Maroncourt
mazeley,Mazeley
maconcourt,Maconcourt
madecourt,Madecourt
malaincourt,Malaincourt
mandres_sur_vair,Mandres-sur-Vair
marey,Marey
martigny_les_bains,Martigny-les-Bains
martigny_les_gerbonvaux,Martigny-les-Gerbonvaux
martinvelle,Martinvelle
mattaincourt,Mattaincourt
maxey_sur_meuse,Maxey-sur-Meuse
mazirot,Mazirot
mandray,Mandray
machecoul_saint_meme,Machecoul-Saint-Même
maisdon_sur_sevre,Maisdon-sur-Sèvre
mauves_sur_loire,Mauves-sur-Loire
malville,Malville
marsac_sur_don,Marsac-sur-Don
masserac,Massérac
maumusson,Maumusson
marce,Marcé
maulevrier,Maulévrier
mazieres_en_mauges,Mazières-en-Mauges
mauges_sur_loire,Mauges-sur-Loire
maze_milon,Mazé-Milon
maisoncelles_du_maine,Maisoncelles-du-Maine
marigne_peuton,Marigné-Peuton
madre,Madré
marcille_la_ville,Marcillé-la-Ville
martigne_sur_mayenne,Martigné-sur-Mayenne
mayenne,Mayenne
maigne,Maigné
malicorne_sur_sarthe,Malicorne-sur-Sarthe
mansigne,Mansigné
marcon,Marçon
mareil_en_champagne,Mareil-en-Champagne
mareil_sur_loir,Mareil-sur-Loir
mayet,Mayet
mamers,Mamers
maresche,Maresché
marollette,Marollette
marolles_les_braults,Marolles-les-Braults
marolles_les_saint_calais,Marolles-lès-Saint-Calais
marigne_laille,Marigné-Laillé
maillezais,Maillezais
mareuil_sur_lay_dissais,Mareuil-sur-Lay-Dissais
marillet,Marillet
marsais_sainte_radegonde,Marsais-Sainte-Radégonde
mallievre,Mallièvre
mache,Maché
martinet,Martinet
matignon,Matignon
mael_carhaix,Maël-Carhaix
mael_pestivien,Maël-Pestivien
magoar,Magoar
mantallot,Mantallot
mahalon,Mahalon
marcille_raoul,Marcillé-Raoul
marcille_robert,Marcillé-Robert
marpire,Marpiré
martigne_ferchaud,Martigné-Ferchaud
maen_roch,Maen Roch
maxent,Maxent
malguenac,Malguénac
mauron,Mauron
malansac,Malansac
malestroit,Malestroit
marzan,Marzan
magnac_lavalette_villars,Magnac-Lavalette-Villars
magnac_sur_touvre,Magnac-sur-Touvre
mainzac,Mainzac
marillac_le_franc,Marillac-le-Franc
marsac,Marsac
marthon,Marthon
mainxe,Mainxe
marcillac_lanville,Marcillac-Lanville
mareuil,Mareuil
maine_de_boixe,Maine-de-Boixe
manot,Manot
mansle,Mansle
massignac,Massignac
mazerolles,Mazerolles
mazieres,Mazières
marignac,Marignac
marennes,Marennes
marsais,Marsais
marans,Marans
macqueville,Macqueville
massac,Massac
matha,Matha
mazeray,Mazeray
malemort,Malemort
mansac,Mansac
marcillac_la_croze,Marcillac-la-Croze
madranges,Madranges
marc_la_tour,Marc-la-Tour
masseret,Masseret
marcillac_la_croisille,Marcillac-la-Croisille
margerides,Margerides
maussac,Maussac
magnat_l_etrange,Magnat-l'Étrange
mainsat,Mainsat
malleret,Malleret
mautes,Mautes
maison_feyne,Maison-Feyne
maisonnisses,Maisonnisses
malleret_boussac,Malleret-Boussac
malval,Malval
mansat_la_courriere,Mansat-la-Courrière
masbaraud_merignat,Masbaraud-Mérignat
mazeirat,Mazeirat
marsales,Marsalès
mauzac_et_grand_castang,Mauzac-et-Grand-Castang
mareuil_en_perigord,Mareuil en Périgord
mayac,Mayac
manzac_sur_vern,Manzac-sur-Vern
marsac_sur_l_isle,Marsac-sur-l'Isle
maurens,Maurens
manaurie,Manaurie
marcillac_saint_quentin,Marcillac-Saint-Quentin
marnac,Marnac
mauzens_et_miremont,Mauzens-et-Miremont
mazeyrolles,Mazeyrolles
marcenais,Marcenais
marcillac,Marcillac
marsas,Marsas
mazion,Mazion
macau,Macau
madirac,Madirac
martignas_sur_jalle,Martignas-sur-Jalle
martillac,Martillac
marimbault,Marimbault
marions,Marions
martres,Martres
masseilles,Masseilles
massugas,Massugas
mauriac,Mauriac
mazeres,Mazères
margaux_cantenac,Margaux-Cantenac
maransin,Maransin
margueron,Margueron
marcheprime,Marcheprime
magescq,Magescq
marpaps,Marpaps
maylis,Maylis
maillas,Maillas
mailleres,Maillères
mano,Mano
mant,Mant
mauries,Mauries
maurrin,Maurrin
mauvezin_d_armagnac,Mauvezin-d'Armagnac
madaillan,Madaillan
marmont_pachas,Marmont-Pachas
marcellus,Marcellus
marmande,Marmande
mauvezin_sur_gupie,Mauvezin-sur-Gupie
masquieres,Masquières
massels,Massels
massoules,Massoulès
mazieres_naresse,Mazières-Naresse
macaye,Macaye
masparraute,Masparraute
mauleon_licharre,Mauléon-Licharre
malaussanne,Malaussanne
mascaraas_haron,Mascaraàs-Haron
maslacq,Maslacq
maspie_lalonquere_juillacq,Maspie-Lalonquère-Juillacq
maucor,Maucor
maure,Maure
mazeres_lezons,Mazères-Lezons
mauleon,Mauléon
mauze_thouarsais,Mauzé-Thouarsais
magne,Magné
maire_levescault,Mairé-Levescault
maisonnay,Maisonnay
mauze_sur_le_mignon,Mauzé-sur-le-Mignon
mazieres_sur_beronne,Mazières-sur-Béronne
maisontiers,Maisontiers
marnes,Marnes
mazieres_en_gatine,Mazières-en-Gâtine
maire,Mairé
martaize,Martaizé
maulay,Maulay
mazeuil,Mazeuil
mauprevoir,Mauprévoir
maisonneuve,Maisonneuve
marigny_chemereau,Marigny-Chemereau
massognes,Massognes
magnac_laval,Magnac-Laval
mailhac_sur_benaize,Mailhac-sur-Benaize
magnac_bourg,Magnac-Bourg
masleon,Masléon
maisonnais_sur_tardoire,Maisonnais-sur-Tardoire
marval,Marval
malleon,Malléon
madiere,Madière
malegoude,Malegoude
manses,Manses
massat,Massat
mauvezin_de_prat,Mauvezin-de-Prat
mauvezin_de_sainte_croix,Mauvezin-de-Sainte-Croix
malves_en_minervois,Malves-en-Minervois
marquein,Marquein
marseillette,Marseillette
mas_cabardes,Mas-Cabardès
mas_des_cours,Mas-des-Cours
mas_saintes_puelles,Mas-Saintes-Puelles
mayreville,Mayreville
mayronnes,Mayronnes
magrie,Magrie
malras,Malras
malvies,Malviès
marsa,Marsa
mazerolles_du_razes,Mazerolles-du-Razès
mazuby,Mazuby
mailhac,Mailhac
marcorignan,Marcorignan
marnhagues_et_latour,Marnhagues-et-Latour
martrin,Martrin
marcillac_vallon,Marcillac-Vallon
maleville,Maleville
manhac,Manhac
martiel,Martiel
mayran,Mayran
malons_et_elze,Malons-et-Elze
martignargues,Martignargues
massillargues_attuech,Massillargues-Attuech
manduel,Manduel
marguerittes,Marguerittes
mauressargues,Mauressargues
mandagout,Mandagout
mars,Mars
maruejols_les_gardon,Maruéjols-lès-Gardon
mailholas,Mailholas
marignac_lasclares,Marignac-Lasclares
marignac_laspeyres,Marignac-Laspeyres
marliac,Marliac
marquefave,Marquefave
martres_tolosane,Martres-Tolosane
massabrac,Massabrac
mauran,Mauran
mauressac,Mauressac
mauzac,Mauzac
malvezie,Malvezie
mancioux,Mancioux
mane,Mane
marsoulas,Marsoulas
martisserre,Martisserre
martres_de_riviere,Martres-de-Rivière
mauvezin,Mauvezin
mayregne,Mayrègne
mazeres_sur_salat,Mazères-sur-Salat
mascarville,Mascarville
mauremont,Mauremont
maureville,Maureville
mauvaisin,Mauvaisin
marambat,Marambat
marestaing,Marestaing
marsan,Marsan
magnan,Magnan
magnas,Magnas
maignaut_tauzia,Maignaut-Tauzia
manciet,Manciet
mansempuy,Mansempuy
mansencome,Mansencôme
maravat,Maravat
marguestau,Marguestau
marsolan,Marsolan
mas_d_auvignon,Mas-d'Auvignon
mauleon_d_armagnac,Mauléon-d'Armagnac
mauroux,Mauroux
malabat,Malabat
manas_bastanous,Manas-Bastanous
manent_montane,Manent-Montané
marciac,Marciac
margouet_meymes,Margouët-Meymes
marseillan,Marseillan
mascaras,Mascaras
masseube,Masseube
maulicheres,Maulichères
maumusson_laguian,Maumusson-Laguian
magalas,Magalas
maraussan,Maraussan
maureilhan,Maureilhan
mas_de_londres,Mas-de-Londres
marsillargues,Marsillargues
mauguio,Mauguio
maxou,Maxou
marcilhac_sur_cele,Marcilhac-sur-Célé
mayrinhac_lentour,Mayrinhac-Lentour
marminiac,Marminiac
martel,Martel
masclat,Masclat
mayrac,Mayrac
massegros_causses_gorges,Massegros Causses Gorges
mas_saint_chely,Mas-Saint-Chély
marchastel,Marchastel
marvejols,Marvejols
mauleon_barousse,Mauléon-Barousse
mazeres_de_neste,Mazères-de-Neste
mazouau,Mazouau
madiran,Madiran
mansan,Mansan
marquerie,Marquerie
maubourguet,Maubourguet
maureillas_las_illas,Maureillas-las-Illas
mantet,Mantet
marquixanes,Marquixanes
matemale,Matemale
maury,Maury
mailhoc,Mailhoc
marnaves,Marnaves
marssac_sur_tarn,Marssac-sur-Tarn
massals,Massals
magrin,Magrin
marzens,Marzens
massac_seran,Massac-Séran
massaguel,Massaguel
maurens_scopont,Maurens-Scopont
mazamet,Mazamet
malause,Malause
mansonville,Mansonville
maubec,Maubec
mas_grenier,Mas-Grenier
magnieu,Magnieu
marchamp,Marchamp
marignieu,Marignieu
massignieu_de_rives,Massignieu-de-Rives
malafretaz,Malafretaz
mantenay_montlin,Mantenay-Montlin
manziat,Manziat
marboz,Marboz
marlieux,Marlieux
marsonnas,Marsonnas
massieux,Massieux
maillat,Maillat
martignat,Martignat
matafelon_granges,Matafelon-Granges
malicorne,Malicorne
marcillat_en_combraille,Marcillat-en-Combraille
mazirat,Mazirat
marcenat,Marcenat
magnet,Magnet
mariol,Mariol
mazerier,Mazerier
malarce_sur_la_thines,Malarce-sur-la-Thines
malbosc,Malbosc
mayres,Mayres
mazan_l_abbaye,Mazan-l'Abbaye
marcols_les_eaux,Marcols-les-Eaux
mariac,Mariac
mauves,Mauves
mandailles_saint_julien,Mandailles-Saint-Julien
marcoles,Marcolès
marmanhac,Marmanhac
maurs,Maurs
madic,Madic
malbo,Malbo
massiac,Massiac
maurines,Maurines
marignac_en_diois,Marignac-en-Diois
malataverne,Malataverne
manas,Manas
marsanne,Marsanne
malissard,Malissard
manthes,Manthes
marches,Marches
marges,Margès
marsaz,Marsaz
malleval_en_vercors,Malleval-en-Vercors
marcieu,Marcieu
mayres_savel,Mayres-Savel
massieu,Massieu
marcilloles,Marcilloles
marcollin,Marcollin
marnans,Marnans
magneux_haute_rive,Magneux-Haute-Rive
marcilly_le_chatel,Marcilly-le-Châtel
marclopt,Marclopt
marcoux,Marcoux
margerie_chantagret,Margerie-Chantagret
maringes,Maringes
marols,Marols
mably,Mably
machezal,Machézal
maizilly,Maizilly
maclas,Maclas
malleval,Malleval
marcenod,Marcenod
marlhes,Marlhes
malvieres,Malvières
mazerat_aurouze,Mazerat-Aurouze
mazeyrat_d_allier,Mazeyrat-d'Allier
malrevers,Malrevers
malvalette,Malvalette
mazet_saint_voy,Mazet-Saint-Voy
marat,Marat
marsac_en_livradois,Marsac-en-Livradois
manglieu,Manglieu
mauzun,Mauzun
madriat,Madriat
mareugheol,Mareugheol
mazaye,Mazaye
mazoires,Mazoires
malauzat,Malauzat
malintrat,Malintrat
manzat,Manzat
marcillat,Marcillat
maringues,Maringues
marsat,Marsat
martres_sur_morge,Martres-sur-Morge
marchampt,Marchampt
marcilly_d_azergues,Marcilly-d'Azergues
marcy_l_etoile,Marcy-l'Étoile
marthod,Marthod
marcieux,Marcieux
manigod,Manigod
marcellaz_albanais,Marcellaz-Albanais
marigny_saint_marcel,Marigny-Saint-Marcel
magland,Magland
marcellaz,Marcellaz
marignier,Marignier
marnaz,Marnaz
machilly,Machilly
marlioz,Marlioz
margencel,Margencel
massongy,Massongy
maxilly_sur_leman,Maxilly-sur-Léman
majastres,Majastres
malijai,Malijai
mallefougasse_auges,Mallefougasse-Augès
mallemoisson,Mallemoisson
manosque,Manosque
manteyer,Manteyer
mandelieu_la_napoule,Mandelieu-la-Napoule
malaussene,Malaussène
marie,Marie
massoins,Massoins
mallemort,Mallemort
maillane,Maillane
mas_blanc_des_alpilles,Mas-Blanc-des-Alpilles
maussane_les_alpilles,Maussane-les-Alpilles
marseille,Marseille
marignane,Marignane
martigues,Martigues
mazaugues,Mazaugues
malaucene,Malaucène
malemort_du_comtat,Malemort-du-Comtat
mazan,Mazan
marignana,Marignana
matra,Matra
mazzola,Mazzola
manso,Manso
mausoleo,Mausoléo
macouria,Macouria
matoury,Matoury
mana,Mana
maripasoula,Maripasoula
macouba,Macouba
mamoudzou,Mamoudzou
marija_gorica,Marija Gorica
marija_bistrica,Marija Bistrica
martinska_ves,Martinska Ves
majur,Majur
martijanec,Martijanec
mali_bukovec,Mali Bukovec
marusevec,Maruševec
mali_losinj,Mali Lošinj
malinska_dubasnica,Malinska-Dubašnica
matulji,Matulji
marijanci,Marijanci
magadenovac,Magadenovac
markusica,Markušica
makarska,Makarska
marina,Marina
marcana,Marčana
mala_subotica,Mala Subotica
makad,Makád
majoshaza,Majosháza
maglod,Maglód
martonvasar,Martonvásár
magyaralmas,Magyaralmás
magyarpolany,Magyarpolány
malomsok,Malomsok
marcalto,Marcaltő
magyargencs,Magyargencs
marcalgergelyi,Marcalgergelyi
markotabodoge,Markotabödöge
magyarkeresztur,Magyarkeresztúr
magloca,Maglóca
magyarszecsod,Magyarszecsőd
magyarszombatfa,Magyarszombatfa
magyarnadalja,Magyarnádalja
magyarlak,Magyarlak
magyarfold,Magyarföld
maroc,Maróc
magyarszentmiklos,Magyarszentmiklós
magyarszerdahely,Magyarszerdahely
magyarhertelend,Magyarhertelend
magyarszek,Magyarszék
magyaregregy,Magyaregregy
majs,Majs
maraza,Maráza
magyarsarlos,Magyarsarlós
martonfa,Martonfa
magyartelek,Magyartelek
magyarmecske,Magyarmecske
marocsa,Marócsa
markoc,Markóc
matty,Matty
magyarboly,Magyarbóly
magyarlukafa,Magyarlukafa
magyaratad,Magyaratád
magyaregres,Magyaregres
marcali,Marcali
madocsa,Madocsa
magyarkeszi,Magyarkeszi
martonyi,Martonyi
makkoshotyka,Makkoshotyka
maklar,Maklár
markaz,Markaz
magyarnandor,Magyarnándor
magyargec,Magyargéc
magyarhomorog,Magyarhomorog
magy,Magy
magosliget,Magosliget
martfu,Martfű
madaras,Madaras
magyardombegyhaz,Magyardombegyház
magyarbanhegyes,Magyarbánhegyes
magyarcsanad,Magyarcsanád
mako,Makó
maroslele,Maroslele
maas,Maas
magheraboy,Magheraboy
magheraclogher_number_machaire_chlochair,Magheraclogher#Machaire Chlochair
maghery_number_an_machaire,Maghery#An Machaire
malin,Malin
malinbeg_number_malainn_bhig,Malinbeg#Málainn Bhig
manorcunningham,Manorcunningham
mahanagh,Mahanagh
manorhamilton,Manorhamilton
mansfieldstown,Mansfieldstown
marymount,Marymount
marblehill,Marblehill
manulla,Manulla
mayo,Mayo
mantua,Mantua
mansion_house_a,Mansion House A
mansion_house_b,Mansion House B
malahide_east,Malahide East
malahide_west,Malahide West
maynooth,Maynooth
maperath,Maperath
martry,Martry
magherareagh,Magherareagh
mahoonagh,Mahoonagh
market,Market
magorban,Magorban
marley,Marley
mallardstown,Mallardstown
marshalstown,Marshalstown
mayglass,Mayglass
mahon_a,Mahon A
mahon_b,Mahon B
mahon_c,Mahon C
mardyke,Mardyke
mayfield,Mayfield
macloneigh,Macloneigh
macroom_urban,Macroom Urban
magourney,Magourney
mallow_rural,Mallow Rural
mallow_south_urban,Mallow South Urban
manch,Manch
mashanaglass,Mashanaglass
matehy,Matehy
mallow_north_urban,Mallow North Urban
marhin_number_marthain,Marhin#Márthain
mastergeehy_number_maistir_gaoithe,Mastergeehy#Máistir Gaoithe
maum,Maum
macello,Macello
maglione,Maglione
marentino,Marentino
massello,Massello
mathi,Mathi
mattie,Mattie
mazze,Mazzè
maggiora,Maggiora
mandello_vitta,Mandello Vitta
marano_ticino,Marano Ticino
massino_visconti,Massino Visconti
macra,Macra
magliano_alfieri,Magliano Alfieri
magliano_alpi,Magliano Alpi
mango,Mango
manta,Manta
marene,Marene
margarita,Margarita
marmora,Marmora
marsaglia,Marsaglia
martiniana_po,Martiniana Po
maranzana,Maranzana
maretto,Maretto
malvicino,Malvicino
masio,Masio
magnano,Magnano
massazza,Massazza
masserano,Masserano
macugnaga,Macugnaga
madonna_del_sasso,Madonna del Sasso
malesco,Malesco
masera,Masera
massiola,Massiola
malgesso,Malgesso
malnate,Malnate
marchirolo,Marchirolo
marnate,Marnate
marzio,Marzio
masciago_primo,Masciago Primo
maccagno_con_pino_e_veddasca,Maccagno con Pino e Veddasca
magreglio,Magreglio
mariano_comense,Mariano Comense
maslianico,Maslianico
madesimo,Madesimo
mantello,Mantello
mazzo_di_valtellina,Mazzo di Valtellina
magnago,Magnago
marcallo_con_casone,Marcallo con Casone
masate,Masate
madone,Madone
mapello,Mapello
martinengo,Martinengo
maclodio,Maclodio
magasa,Magasa
mairano,Mairano
malegno,Malegno
malonno,Malonno
manerba_del_garda,Manerba del Garda
manerbio,Manerbio
marcheno,Marcheno
marmentino,Marmentino
marone,Marone
mazzano,Mazzano
magherno,Magherno
marcignago,Marcignago
marzano,Marzano
madignano,Madignano
malagnino,Malagnino
martignana_di_po,Martignana di Po
magnacavallo,Magnacavallo
mantova,Mantova
marcaria,Marcaria
mariana_mantovana,Mariana Mantovana
marmirolo,Marmirolo
malgrate,Malgrate
mandello_del_lario,Mandello del Lario
margno,Margno
maccastorna,Maccastorna
mairago,Mairago
maleo,Maleo
marudo,Marudo
massalengo,Massalengo
macherio,Macherio
magliolo,Magliolo
mallare,Mallare
massimino,Massimino
masone,Masone
maissana,Maissana
magre_sulla_strada_del_vino_number_margreid_an_der_weinstrasse,Magrè sulla strada del vino#Margreid an der Weinstraße
malles_venosta_number_mals,Malles Venosta#Mals
marebbe_number_enneberg,Marebbe#Enneberg
marlengo_number_marling,Marlengo#Marling
martello_number_martell,Martello#Martell
male,Malè
malosco,Malosco
massimeno,Massimeno
mazzin,Mazzin
madruzzo,Madruzzo
malcesine,Malcesine
marano_di_valpolicella,Marano di Valpolicella
malo,Malo
marano_vicentino,Marano Vicentino
marostica,Marostica
mason_vicentino,Mason Vicentino
mansue,Mansuè
mareno_di_piave,Mareno di Piave
maser,Maser
maserada_sul_piave,Maserada sul Piave
martellago,Martellago
masera_di_padova,Maserà di Padova
masi,Masi
massanzago,Massanzago
magnano_in_riviera,Magnano in Riviera
majano,Majano
malborghetto_valbruna,Malborghetto Valbruna
manzano,Manzano
marano_lagunare,Marano Lagunare
martignacco,Martignacco
mariano_del_friuli,Mariano del Friuli
maniago,Maniago
maranello,Maranello
marano_sul_panaro,Marano sul Panaro
malalbergo,Malalbergo
marzabotto,Marzabotto
masi_torello,Masi Torello
massa_lombarda,Massa Lombarda
maiolo,Maiolo
massa,Massa
massarosa,Massarosa
marliana,Marliana
massa_e_cozzile,Massa e Cozzile
marradi,Marradi
marciana,Marciana
marciana_marina,Marciana Marina
marciano_della_chiana,Marciano della Chiana
magliano_in_toscana,Magliano in Toscana
manciano,Manciano
massa_marittima,Massa Marittima
magione,Magione
marsciano,Marsciano
massa_martana,Massa Martana
macerata_feltria,Macerata Feltria
maiolati_spontini,Maiolati Spontini
macerata,Macerata
matelica,Matelica
maltignano,Maltignano
massignano,Massignano
magliano_di_tenna,Magliano di Tenna
massa_fermana,Massa Fermana
marta,Marta
magliano_sabina,Magliano Sabina
marcetelli,Marcetelli
magliano_romano,Magliano Romano
mandela,Mandela
manziana,Manziana
marano_equo,Marano Equo
marcellina,Marcellina
marino,Marino
mazzano_romano,Mazzano Romano
maenza,Maenza
magliano_de_marsi,Magliano de' Marsi
massa_d_albe,Massa d'Albe
martinsicuro,Martinsicuro
manoppello,Manoppello
macchia_valfortore,Macchia Valfortore
mafalda,Mafalda
matrice,Matrice
macchia_d_isernia,Macchia d'Isernia
macchiagodena,Macchiagodena
macerata_campania,Macerata Campania
maddaloni,Maddaloni
marcianise,Marcianise
marzano_appio,Marzano Appio
marano_di_napoli,Marano di Napoli
mariglianella,Mariglianella
marigliano,Marigliano
massa_lubrense,Massa Lubrense
massa_di_somma,Massa di Somma
manocalzati,Manocalzati
marzano_di_nola,Marzano di Nola
magliano_vetere,Magliano Vetere
maiori,Maiori
manfredonia,Manfredonia
mattinata,Mattinata
manduria,Manduria
martina_franca,Martina Franca
maruggio,Maruggio
massafra,Massafra
maglie,Maglie
martano,Martano
martignano,Martignano
matino,Matino
margherita_di_savoia,Margherita di Savoia
maratea,Maratea
marsico_nuovo,Marsico Nuovo
marsicovetere,Marsicovetere
maschito,Maschito
matera,Matera
maiera,Maierà
malito,Malito
malvito,Malvito
mandatoriccio,Mandatoriccio
mangone,Mangone
marano_marchesato,Marano Marchesato
marano_principato,Marano Principato
marzi,Marzi
magisano,Magisano
maida,Maida
marcedusa,Marcedusa
marcellinara,Marcellinara
martirano,Martirano
martirano_lombardo,Martirano Lombardo
mammola,Mammola
marina_di_gioiosa_ionica,Marina di Gioiosa Ionica
maropati,Maropati
martone,Martone
maierato,Maierato
marsala,Marsala
mazara_del_vallo,Mazara del Vallo
marineo,Marineo
malfa,Malfa
malvagna,Malvagna
mandanici,Mandanici
mazzarra_sant_andrea,Mazzarrà Sant'Andrea
marianopoli,Marianopoli
mazzarino,Mazzarino
maletto,Maletto
mascali,Mascali
mascalucia,Mascalucia
mazzarrone,Mazzarrone
maniace,Maniace
martis,Martis
macomer,Macomer
mamoiada,Mamoiada
maracalagonis,Maracalagonis
marrubiu,Marrubiu
masullas,Masullas
magomadas,Magomadas
mandas,Mandas
masainas,Masainas
mauren,Mauren
marcinkonys,Marcinkonys
matuizos,Matuizos
marijampole,Marijampolė
mazonai,Mažonai
mazeikiai,Mažeikiai
maisiagala,Maišiagala
marijampolis,Marijampolis
magunai,Magūnai
mamer,Mamer
manternach,Manternach
mazzalves,Mazzalves
malienas,Malienas
malinovas,Maļinovas
malnavas,Malnavas
madona,Madona
madlienas,Madlienas
mazozolu,Mazozolu
maltas,Maltas
matkules,Matkules
mazsalaca,Mazsalaca
mazsalacas,Mazsalacas
matisu,Matīšu
marsaskala,Marsaskala
marsaxlokk,Marsaxlokk
marum,Marum
maasdriel,Maasdriel
maassluis,Maassluis
maastricht,Maastricht
maasgouw,Maasgouw
marker,Marker
mandal,Mandal
marnardal,Marnardal
masfjorden,Masfjorden
malvik,Malvik
marciszow,Marciszów
malczyce,Malczyce
marcinowice,Marcinowice
markuszow,Markuszów
maszewo,Maszewo
malomice,Małomice
maslowice,Masłowice
makow,Maków
makow_podhalanski,Maków Podhalański
maciejowice,Maciejowice
magnuszew,Magnuszew
makow_mazowiecki,Maków Mazowiecki
malkinia_gorna,Małkinia Górna
mala_wies,Mała Wieś
marki,Marki
majdan_krolewski,Majdan Królewski
markowa,Markowa
maly_plock,Mały Płock
malbork,Malbork
marklowice,Marklowice
malogoszcz,Małogoszcz
maslow,Masłów
markusy,Markusy
maldyty,Małdyty
margonin,Margonin
malanow,Malanów
manowo,Manowo
malechowo,Malechowo
marianowo,Marianowo
macinhata_do_vouga,Macinhata do Vouga
mansores,Mansores
macieira_de_sarnes,Macieira de Sarnes
macieira_de_cambra,Macieira de Cambra
macieira_de_rates,Macieira de Rates
manhente,Manhente
martim,Martim
marrancos_e_arcozelo,Marrancos e Arcozelo
macedo_do_mato,Macedo do Mato
marzagao,Marzagão
macedo_de_cavaleiros,Macedo de Cavaleiros
malhadas,Malhadas
mascarenhas,Mascarenhas
matela,Matela
macainhas,Maçainhas
malpica_do_tejo,Malpica do Tejo
madeira,Madeirã
maiorca,Maiorca
marinha_das_ondas,Marinha das Ondas
malagueira_e_horta_das_figueiras,Malagueira e Horta das Figueiras
martim_longo,Martim Longo
marmelete,Marmelete
malhada_sorda,Malhada Sorda
malpartida_e_vale_de_coelha,Malpartida e Vale de Coelha
macal_do_chao,Maçal do Chão
mata_de_lobos,Mata de Lobos
maceira,Maceira
matanca,Matança
marmeleiro,Marmeleiro
manteigas_santa_maria,Manteigas (Santa Maria)
manteigas_sao_pedro,Manteigas (São Pedro)
marialva,Marialva
manigoto,Manigoto
malcata,Malcata
maiorga,Maiorga
macas_de_dona_maria,Maçãs de Dona Maria
marrazes_e_barosa,Marrazes e Barosa
marinha_grande,Marinha Grande
manique_do_intendente_v_n_de_s_pedro_e_macussa,Manique do Intendente, V.N.de S.Pedro e Maçussa
marvila,Marvila
mafra,Mafra
malveira_e_sao_miguel_de_alcainca,Malveira e São Miguel de Alcainça
massama_e_monte_abraao,Massamá e Monte Abraão
maxial_e_monte_redondo,Maxial e Monte Redondo
margem,Margem
mancelos,Mancelos
macieira_da_lixa_e_caramos,Macieira da Lixa e Caramos
margaride_varzea_lagares_varziela_moure,Margaride, Várzea, Lagares, Varziela, Moure
macieira,Macieira
marco,Marco
matosinhos_e_leca_da_palmeira,Matosinhos e Leça da Palmeira
macieira_da_maia,Macieira da Maia
malta_e_canidelo,Malta e Canidelo
madalena,Madalena
mafamude_e_vilar_do_paraiso,Mafamude e Vilar do Paraíso
martinchel,Martinchel
malhou_louriceira_e_espinheiro,Malhou, Louriceira e Espinheiro
macao_penhascoso_e_aboboreira,Mação, Penhascoso e Aboboreira
marmeleira_e_assentiz,Marmeleira e Assentiz
marinhais,Marinhais
marvila_ribeira_santarem_s_salvador_s_nicolau,Marvila, Ribeira Santarém, S.Salvador, S.Nicolau
madalena_e_beselga,Madalena e Beselga
matas_e_cercal,Matas e Cercal
mazedo_e_cortes,Mazedo e Cortes
mazarefes_e_vila_fria,Mazarefes e Vila Fria
mairos,Mairos
madalena_e_samaioes,Madalena e Samaiões
mateus,Mateus
mamouros_alva_e_ribolhos,Mamouros, Alva e Ribolhos
mangualde_mesquitela_e_cunha_alta,Mangualde, Mesquitela e Cunha Alta
marmeleira,Marmeleira
manhouce,Manhouce
machico,Machico
madalena_do_mar,Madalena do Mar
maia,Maia
manadas_santa_barbara,Manadas (Santa Bárbara)
macea,Macea
marghita,Marghita
maieru,Maieru
matei,Matei
manoleasa,Manoleasa
marga,Marga
mangalia,Mangalia
malnas,Malnaş
malu_cu_flori,Malu cu Flori
maglavit,Maglavit
malu_mare,Malu Mare
matca,Matca
malu,Malu
manasia,Manasia
malovat,Malovăţ
marpod,Marpod
marginea,Marginea
mavrodin,Mavrodin
margina,Margina
masloc,Maşloc
mahmudia,Mahmudia
maliuc,Maliuc
malaia,Malaia
mateesti,Mateeşti
mali_zvornik,Mali Zvornik
malo_crnice,Malo Crniće
majdanpek,Majdanpek
mali_idos,Mali Iđoš
markaryd,Markaryd
malmo,Malmö
mariestad,Mariestad
malung_salen,Malung-Sälen
mala,Malå
male_zablje,Male Žablje
malo_polje,Malo Polje
malovse,Malovše
mala_dolina,Mala Dolina
mali_cirnik,Mali Cirnik
mali_obrez,Mali Obrež
mali_vrh,Mali Vrh
mahneti,Mahneti
martinjak,Martinjak
mala_lahinja,Mala Lahinja
mala_sela,Mala sela
mali_nerajec,Mali Nerajec
marindol,Marindol
mavrlen,Mavrlen
matavun,Matavun
mala_vas,Mala vas
mala_loka,Mala Loka
malenski_vrh,Malenski Vrh
martinje,Martinje
mala_ilova_gora,Mala Ilova Gora
mala_loka_pri_visnji_gori,Mala Loka pri Višnji Gori
mala_racna,Mala Račna
mala_stara_vas,Mala Stara vas
mala_vas_pri_grosupljem,Mala vas pri Grosupljem
male_lipljene,Male Lipljene
mali_konec,Mali Konec
mali_vrh_pri_smarju,Mali Vrh pri Šmarju
malo_mlacevo,Malo Mlačevo
markovci,Markovci
marno,Marno
markovscina,Markovščina
materija,Materija
masore,Masore
matena,Matena
mala_bukovica,Mala Bukovica
male_loce,Male Loče
mala_dobrava,Mala Dobrava
mala_goricica,Mala Goričica
male_cesnjice,Male Češnjice
male_dole_pri_temenici,Male Dole pri Temenici
male_kompolje,Male Kompolje
male_lese,Male Lese
male_pece,Male Pece
male_rebrce,Male Rebrce
male_vrhe,Male Vrhe
mali_kal,Mali Kal
mali_korinj,Mali Korinj
malo_crnelo,Malo Črnelo
malo_globoko,Malo Globoko
malo_hudo,Malo Hudo
marinca_vas,Marinča vas
malija,Malija
mali_hrib,Mali Hrib
mali_rakitovec,Mali Rakitovec
markovo,Markovo
magozd,Magozd
mackovec,Mačkovec
mahovnik,Mahovnik
mala_gora,Mala Gora
mali_dol,Mali Dol
manzan,Manžan
marezige,Marezige
marsici,Maršiči
mavcice,Mavčiče
mali_kamen,Mali Kamen
mali_koren,Mali Koren
mali_podlog,Mali Podlog
mali_trn,Mali Trn
malo_mrasevo,Malo Mraševo
matjasevci,Matjaševci
mala_breza,Mala Breza
male_grahovse,Male Grahovše
marija_gradec,Marija Gradec
marijina_vas,Marijina vas
mala_goba,Mala Goba
mamolj,Mamolj
magolnik,Magolnik
mali_lipoglav,Mali Lipoglav
mali_vrh_pri_prezganju,Mali Vrh pri Prežganju
malo_trebeljevo,Malo Trebeljevo
mala_nedelja,Mala Nedelja
markovec,Markovec
mali_log,Mali Log
mala_lasna,Mala Lašna
mali_jelnik,Mali Jelnik
majsperk,Majšperk
malecnik,Malečnik
maribor,Maribor
mackovec_pri_suhorju,Mačkovec pri Suhorju
malo_lesce,Malo Lešče
mala_mislinja,Mala Mislinja
martjanci,Martjanci
markisavci,Markišavci
malo_naklo,Malo Naklo
mala_cikava,Mala Cikava
male_brusnice,Male Brusnice
mali_cerovec,Mali Cerovec
mali_orehek,Mali Orehek
mali_podljuben,Mali Podljuben
mali_slatnik,Mali Slatnik
mali_brebrovnik,Mali Brebrovnik
malinisce,Malinišče
mala_pristava,Mala Pristava
mala_brda,Mala Brda
mali_otok,Mali Otok
malo_ubeljsko,Malo Ubeljsko
matenja_vas,Matenja vas
mackovci,Mačkovci
makose,Makoše
marolce,Marolče
male_rodne,Male Rodne
maline_pri_strekljevcu,Maline pri Štrekljevcu
maselj,Mašelj
mala_hubajnica,Mala Hubajnica
malkovec,Malkovec
marendol,Marendol
mahnici,Mahniči
majcni,Majcni
malo_tinje,Malo Tinje
mali_breg,Mali Breg
marjeta_na_dravskem_polju,Marjeta na Dravskem polju
mali_moravscak,Mali Moravščak
mali_ban,Mali Ban
marija_dobje,Marija Dobje
mackovec_pri_skocjanu,Mačkovec pri Škocjanu
male_poljane,Male Poljane
macji_dol,Mačji Dol
mala_sevnica,Mala Ševnica
male_dole_pri_stehanji_vasi,Male Dole pri Stehanji vasi
mali_gaber,Mali Gaber
mali_videm,Mali Videm
martinja_vas,Martinja vas
macki,Mački
mala_slevica,Mala Slevica
male_lasce,Male Lašče
mali_locnik,Mali Ločnik
mali_osolnik,Mali Osolnik
marincki,Marinčki
majski_vrh,Majski Vrh
mala_varnica,Mala Varnica
mance,Manče
male_dole,Male Dole
mala_ligojna,Mala Ligojna
marincev_gric,Marinčev grič
mali_kum,Mali Kum
martinj_vrh,Martinj Vrh
malni,Malni
male_braslovce,Male Braslovče
mali_rigelj,Mali Rigelj
mavrc,Mavrc
malenska_vas,Malenska vas
malahorna,Malahorna
markecica,Markečica
marija_reka,Marija Reka
matke,Matke
male_vinice,Male Vinice
mala_polana,Mala Polana
mala_piresica,Mala Pirešica
mackovec_pri_dvoru,Mačkovec pri Dvoru
mali_lipovec,Mali Lipovec
malo_lipje,Malo Lipje
mala_kostrevnica,Mala Kostrevnica
mala_stanga,Mala Štanga
mahovci,Mahovci
mali_okic,Mali Okič
male_vodenice,Male Vodenice
malence,Malence
makole,Makole
maline,Maline
martinja_vas_pri_mokronogu,Martinja vas pri Mokronogu
mala_vas_pri_ormozu,Mala vas pri Ormožu
mala_strmica,Mala Strmica
malna,Malna
mali_cirnik_pri_sentjanzu,Mali Cirnik pri Šentjanžu
male_levare,Malé Leváre
malacky,Malacky
marianka,Marianka
malinovo,Malinovo
macov,Macov
mad,Mad
male_dvorniky,Malé Dvorníky
matuskovo,Matúškovo
mala_maca,Malá Mača
madunice,Madunice
majcichov,Majcichov
malzenice,Malženice
mala_hradna,Malá Hradná
male_hoste,Malé Hoste
male_krstenany,Malé Kršteňany
male_uherce,Malé Uherce
male_lednice,Malé Lednice
mala_causa,Malá Čausa
marcelova,Marcelová
martovce,Martovce
male_ludince,Malé Ludince
male_kozmalovce,Malé Kozmálovce
male_zaluzie,Malé Zálužie
maly_lapas,Malý Lapáš
maly_cetin,Malý Cetín
male_chyndice,Malé Chyndice
mala_nad_hronom,Malá nad Hronom
male_kosihy,Malé Kosihy
male_ripnany,Malé Ripňany
machulince,Machulince
mankovce,Mankovce
martin_nad_zitavou,Martin nad Žitavou
male_vozokany,Malé Vozokany
marsova_rasov,Maršová-Rašov
malatina,Malatiná
malatiny,Malatíny
male_borove,Malé Borové
maluzina,Malužiná
martin,Martin
martincek,Martinček
maly_cepcin,Malý Čepčín
mala_cierna,Malá Čierna
malachov,Malachov
maskova,Mašková
magnezitovce,Magnezitovce
martinova,Martinová
mala_calomija,Malá Čalomija
male_zlievce,Malé Zlievce
maly_krtis,Malý Krtíš
male_straciny,Malé Straciny
mala_lehota,Malá Lehota
malcov,Malcov
marhan,Marhaň
maskovce,Maškovce
majere,Majere
matiasovce,Matiašovce
mala_frankova,Malá Franková
maly_slavkov,Malý Slavkov
maly_slivnik,Malý Slivník
maly_saris,Malý Šariš
maly_lipnik,Malý Lipník
matysova,Matysová
makovce,Makovce
matovce,Matovce
majerovce,Majerovce
mala_domasa,Malá Domaša
matiaska,Matiaška
margecany,Margecany
mala_ida,Malá Ida
mala_lodina,Malá Lodina
malcice,Malčice
male_raskovce,Malé Raškovce
markovce,Markovce
matovske_vojkovce,Maťovské Vojkovce
markuska,Markuška
markusovce,Markušovce
matejovce_nad_hornadom,Matejovce nad Hornádom
mala_trna,Malá Tŕňa
male_ozorovce,Malé Ozorovce
male_trakany,Malé Trakany
maly_hores,Malý Horeš
maly_kamenec,Malý Kamenec
mayesbrook,Mayesbrook
mapesbury,Mapesbury
marlborough,Marlborough
mawneys,Mawneys
manor,Manor
manor_park,Manor Park
markhouse,Markhouse
maida_vale,Maida Vale
marylebone_high_street,Marylebone High Street
marple_north,Marple North
marple_south,Marple South
maltby,Maltby
manningham,Manningham
mandale_and_victoria,Mandale and Victoria
marsh_house,Marsh House
marton,Marton
marfleet,Marfleet
mackworth,Mackworth
martinsthorpe,Martinsthorpe
mapperley,Mapperley
mapledurham,Mapledurham
maidenhead_riverside,Maidenhead Riverside
maiden_erlegh,Maiden Erlegh
marlow_north_and_west,Marlow North and West
marlow_south_east,Marlow South East
marsh,Marsh
masson,Masson
matlock_all_saints,Matlock All Saints
matlock_st_giles,Matlock St. Giles
marwood,Marwood
maze_hill,Maze Hill
marsham,Marsham
marconi,Marconi
mark_hall,Mark Hall
maldon_east,Maldon East
maldon_north,Maldon North
maldon_south,Maldon South
maldon_west,Maldon West
mayland,Mayland
manningtree_mistley_little_bentley_and_tendring,Manningtree, Mistley, Little Bentley and Tendring
marchwood,Marchwood
marshalswick_north,Marshalswick North
marshalswick_south,Marshalswick South
martins_wood,Martins Wood
maxton_elms_vale_and_priory,Maxton, Elms Vale and Priory
marden_and_yalding,Marden and Yalding
margate_central,Margate Central
marsden,Marsden
market_harborough_great_bowden_and_arden,Market Harborough-Great Bowden and Arden
market_harborough_little_bowden,Market Harborough-Little Bowden
market_harborough_logan,Market Harborough-Logan
market_harborough_welland,Market Harborough-Welland
markfield_stanton_and_fieldhead,Markfield, Stanton and Fieldhead
marshes,Marshes
magdalen,Magdalen
mancroft,Mancroft
marston_moor,Marston Moor
mashamshire,Mashamshire
malton,Malton
marston,Marston
martock,Martock
madeley,Madeley
may_bank,May Bank
manifold,Manifold
marine,Marine
mash_barn,Mash Barn
maidenbower,Maidenbower
martley,Martley
matchborough,Matchborough
market_drayton_east,Market Drayton East
market_drayton_west,Market Drayton West
malmesbury,Malmesbury
marlborough_east,Marlborough East
marlborough_west,Marlborough West
macclesfield_central,Macclesfield Central
macclesfield_east,Macclesfield East
macclesfield_hurdsfield,Macclesfield Hurdsfield
macclesfield_south,Macclesfield South
macclesfield_tytherington,Macclesfield Tytherington
macclesfield_west_and_ivy,Macclesfield West and Ivy
marbury,Marbury
market_warsop,Market Warsop
maun_valley,Maun Valley
manor_house,Manor House
mannington_and_western,Mannington and Western
mabe_perranarworthal_and_st_gluvias,Mabe, Perranarworthal and St. Gluvias
marazion_and_perranuthnoe,Marazion and Perranuthnoe
manea,Manea
march_east,March East
march_north,March North
march_west,March West
market_rasen,Market Rasen
marcham,Marcham
marlbrook,Marlbrook
marton_east,Marton East
marton_west,Marton West
mablethorpe,Mablethorpe
marshchapel_somercotes,Marshchapel & Somercotes
marsh_mill,Marsh Mill
madeley_sutton_hill,Madeley & Sutton Hill
malinslee_dawley_bank,Malinslee & Dawley Bank
marldon_littlehempston,Marldon & Littlehempston
market_west_deeping,Market & West Deeping
mattishall,Mattishall
mandeville_elm_farm,Mandeville & Elm Farm
marsh_gibbon,Marsh Gibbon
martlesham,Martlesham
mary_tavy,Mary Tavy
maiden_newton,Maiden Newton
marks_tey_layer,Marks Tey & Layer
manor_castle,Manor Castle
matson_robinswood,Matson & Robinswood
maryfield,Maryfield
maryhill_kelvin,Maryhill/Kelvin
maybole_north_carrick_and_coylton,Maybole, North Carrick and Coylton
marchog,Marchog
mancot,Mancot
maesydre,Maesydre
marchwiel,Marchwiel
marford_and_hoseley,Marford and Hoseley
machynlleth,Machynlleth
maescar_llywel,Maescar/Llywel
maenclochog,Maenclochog
manorbier,Manorbier
manordeilo_and_salem,Manordeilo and Salem
mawr,Mawr
mayals,Mayals
margam,Margam
maesteg_east,Maesteg East
maesteg_west,Maesteg West
maerdy,Maerdy
mardy,Mardy
marshfield,Marshfield
maesycwmmer,Maesycwmmer
martletwy,Martletwy
mallusk,Mallusk
magheralin,Magheralin
markethill,Markethill
malone,Malone
macosquin,Macosquin
magilligan,Magilligan
madams_bank,Madam's Bank
maguiresbridge,Maguiresbridge
maghaberry,Maghaberry
magheralave,Magheralave
maze,Maze
maine,Maine
maghera,Maghera
mayobridge,Mayobridge
