name_clean,name_real
court_saint_etienne,Court-Saint-Étienne
courcelles,Courcelles
colfontaine,Colfontaine
comines_warneton_number_komen_waasten,Comines-Warneton#Komen-Waasten
comblain_au_pont,Comblain-au-Pont
couvin,Couvin
corgemont,Corgémont
cormoret,Cormoret
cortebert,Cortébert
courtelary,Courtelary
corcelles_be,Corcelles (BE)
court,Court
corbieres,Corbières
corminboeuf,Corminboeuf
corserey,Corserey
cottens_fr,Cottens (FR)
courgevaux,Courgevaux
courtepin,Courtepin
conters_im_prattigau,Conters im Prättigau
comunanza_cadenazzo_montecenri,Comunanza Cadenazzo-Montecenri
corippo,Corippo
comano,Comano
collina_d_oro,Collina d'Oro
comunanza_capriasca_lugano,Comunanza Capriasca-Lugano
coldrerio,Coldrerio
corbeyrier,Corbeyrier
corcelles_le_jorat,Corcelles-le-Jorat
corcelles_pres_payerne,Corcelles-près-Payerne
concise,Concise
corcelles_pres_concise,Corcelles-près-Concise
cossonay,Cossonay
cottens_vd,Cottens (VD)
coinsins,Coinsins
commugny,Commugny
coppet,Coppet
corseaux,Corseaux
corsier_sur_vevey,Corsier-sur-Vevey
conthey,Conthey
collombey_muraz,Collombey-Muraz
collonges,Collonges
corcelles_cormondreche,Corcelles-Cormondrèche
cortaillod,Cortaillod
cornaux,Cornaux
collex_bossy,Collex-Bossy
collonge_bellerive,Collonge-Bellerive
cologny,Cologny
confignon,Confignon
corsier_ge,Corsier (GE)
corban,Corban
courchapoix,Courchapoix
courrendlin,Courrendlin
courroux,Courroux
courtetelle,Courtételle
coeuve,Coeuve
cornol,Cornol
courchavon,Courchavon
courgenay,Courgenay
courtedoux,Courtedoux
cotkytle,Cotkytle
coppenbrugge,Coppenbrügge
colnrade,Colnrade
coesfeld,Coesfeld
cornberg,Cornberg
cochem,Cochem
contwig,Contwig
coburg,Coburg
colmberg,Colmberg
collenberg,Collenberg
cottbus,Cottbus
coswig,Coswig
colditz,Colditz
colbitz,Colbitz
coswig_anhalt,Coswig (Anhalt)
conil_de_la_frontera,Conil de la Frontera
conquista,Conquista
cogollos_de_guadix,Cogollos de Guadix
cogollos_de_la_vega,Cogollos de la Vega
colomera,Colomera
cortes_de_baza,Cortes de Baza
cortes_y_graena,Cortes y Graena
corteconcepcion,Corteconcepción
cortegana,Cortegana
cortelazor,Cortelazor
con_6123016_6123091,CON. 6123016, 6123091
coin,Coín
colmenar,Colmenar
comares,Comares
cortes_de_la_frontera,Cortes de la Frontera
constantina,Constantina
coria_del_rio,Coria del Río
coripe,Coripe
coronil_el,Coronil, El
corrales_los,Corrales, Los
colungo,Colungo
con_6222028_6222106,CON. 6222028, 6222106
codonera_la,Codoñera, La
corbalan,Corbalán
cortes_de_aragon,Cortes de Aragón
cosa,Cosa
con_6244211_6244267,CON. 6244211, 6244267
con_6244138_6244164_6244208_6250291_6250213,CON. 6244138, 6244164, 6244208, 6250291, 6250213
codo,Codo
codos,Codos
contamina,Contamina
cosuenda,Cosuenda
coana,Coaña
colunga,Colunga
corvera_de_asturias,Corvera de Asturias
consell,Consell
costitx,Costitx
colindres,Colindres
comillas,Comillas
corrales_de_buelna_los,Corrales de Buelna, Los
corvera_de_toranzo,Corvera de Toranzo
con_6639017_6639014,CON. 6639017, 6639014
colilla_la,Colilla, La
collado_de_contreras,Collado de Contreras
collado_del_miron,Collado del Mirón
constanzana,Constanzana
cogollos,Cogollos
condado_de_trevino,Condado de Treviño
contreras,Contreras
coruna_del_conde,Coruña del Conde
covarrubias,Covarrubias
con_6709312_6709450,CON. 6709312, 6709450
con_6709246_6709425_6709164,CON. 6709246, 6709425, 6709164
con_6709067_6709055,CON. 6709067, 6709055
con_6709246_6709425,CON. 6709246, 6709425
con_6709067_6709289_6709309,CON. 6709067, 6709289, 6709309
con_6709289_6709425,CON. 6709289, 6709425
con_6709020_6709174,CON. 6709020, 6709174
con_6709033_6709103_6709355,CON. 6709033, 6709103, 6709355
con_6709154_6709330,CON. 6709154, 6709330
con_6709169_6709200_6709191,CON. 6709169, 6709200, 6709191
con_6709478_6709183,CON. 6709478, 6709183
con_6709039_6709318,CON. 6709039, 6709318
con_6709113_6709295,CON. 6709113, 6709295
con_6709381_6709340,CON. 6709381, 6709340
con_6709360_6709433,CON. 6709360, 6709433
con_6709377_6709297,CON. 6709377, 6709297
con_6709163_6709246,CON. 6709163, 6709246
con_6709067_6709425,CON. 6709067, 6709425
con_6709104_6709267,CON. 6709104, 6709267
con_6709154_6709330_6709450,CON. 6709154, 6709330, 6709450
con_6709183_6709039,CON. 6709183, 6709039
con_6709046_6709424,CON. 6709046, 6709424
con_6709228_6740014,CON. 6709228, 6740014
con_6709174_6742080,CON. 6709174, 6742080
con_6709287_6709301_6709372_6709906,CON. 6709287, 6709301, 6709372, 6709906
con_6709287_6709906,CON. 6709287, 6709906
con_6709450_6709312_6709038,CON. 6709450, 6709312, 6709038
con_6709450_6709070,CON. 6709450, 6709070
con_6709038_6709312_6709450_6709330,CON. 6709038, 6709312, 6709450, 6709330
con_6709084_6709330_6709154_6709223,CON. 6709084, 6709330, 6709154, 6709223
con_6709038_6709312_6709269,CON. 6709038, 6709312, 6709269
con_6709476_6709388,CON. 6709476, 6709388
con_6709330_6709084_6709154,CON. 6709330, 6709084, 6709154
con_6709038_6709312_6709078,CON. 6709038, 6709312, 6709078
con_6709084_6709330_6709154,CON. 6709084, 6709330, 6709154
con_6709037_6709414,CON. 6709037, 6709414
con_6709901_6709277,CON. 6709901, 6709277
con_6709314_6709388,CON. 6709314, 6709388
con_6709268_6709154,CON. 6709268, 6709154
con_6709314_6709030,CON. 6709314,6709030
con_6709114_6709162,CON. 6709114,6709162
congosto,Congosto
corbillos_de_los_oteros,Corbillos de los Oteros
corullon,Corullón
con_6724050_6724216,CON. 6724050, 6724216
con_6724166_6724228,CON. 6724166, 6724228
con_6724123_6724210,CON. 6724123, 6724210
con_6724156_6724215_6724226,CON. 6724156, 6724215, 6724226
cobos_de_cerrato,Cobos de Cerrato
collazos_de_boedo,Collazos de Boedo
congosto_de_valdavia,Congosto de Valdavia
cordovilla_la_real,Cordovilla la Real
coca_de_alba,Coca de Alba
colmenar_de_montemayor,Colmenar de Montemayor
cordovilla,Cordovilla
con_6737238_6737372,CON. 6737238, 6737372
cobos_de_fuentiduena,Cobos de Fuentidueña
coca,Coca
codorniz,Codorniz
collado_hermoso,Collado Hermoso
condado_de_castilnovo,Condado de Castilnovo
corral_de_ayllon,Corral de Ayllón
con_6740195_6740170,CON. 6740195, 6740170
cozuelos_de_fuentiduena,Cozuelos de Fuentidueña
coscurita,Coscurita
covaleda,Covaleda
con_6742189_6742127_6742098,CON. 6742189, 6742127, 6742098
cogeces_de_iscar,Cogeces de Iscar
cogeces_del_monte,Cogeces del Monte
corcos,Corcos
corrales_de_duero,Corrales de Duero
cobreros,Cobreros
coomonte,Coomonte
coreses,Coreses
corrales_del_vino,Corrales del Vino
cotanes,Cotanes
corral_rubio,Corral-Rubio
cotillas,Cotillas
con_6802028_6802084,CON. 6802028, 6802084
corral_de_calatrava,Corral de Calatrava
cortijos_los,Cortijos, Los
cobeta,Cobeta
cogollor,Cogollor
cogolludo,Cogolludo
condemios_de_abajo,Condemios de Abajo
condemios_de_arriba,Condemios de Arriba
congostrina,Congostrina
copernal,Copernal
corduente,Corduente
con_6819152_6819006,CON. 6819152, 6819006
cobeja,Cobeja
cobisa,Cobisa
consuegra,Consuegra
corral_de_almaguer,Corral de Almaguer
collbato,Collbató
collsuspina,Collsuspina
copons,Copons
corbera_de_llobregat,Corbera de Llobregat
cornella_de_llobregat,Cornellà de Llobregat
colera,Colera
colomers,Colomers
cornella_del_terri,Cornellà del Terri
corca,Corçà
cogul_el,Cogul, El
coll_de_nargo,Coll de Nargó
corbins,Corbins
coma_i_la_pedra_la,Coma i la Pedra, La
con_6925071_6925030,CON. 6925071, 6925030
colldejou,Colldejou
conesa,Conesa
constanti,Constantí
corbera_d_ebre,Corbera d'Ebre
cornudella_de_montsant,Cornudella de Montsant
codosera_la,Codosera, La
cordobilla_de_lacara,Cordobilla de Lácara
coronada_la,Coronada, La
corte_de_peleas,Corte de Peleas
collado_de_la_vera,Collado de la Vera
conquista_de_la_sierra,Conquista de la Sierra
coria,Coria
coiros,Coirós
corcubion,Corcubión
coristanco,Coristanco
coruna_a,Coruña, A
corgo_o,Corgo, O
cospeito,Cospeito
coles,Coles
cortegada,Cortegada
covelo_o,Covelo, O
cobena,Cobeña
colmenar_del_arroyo,Colmenar del Arroyo
colmenar_de_oreja,Colmenar de Oreja
colmenarejo,Colmenarejo
colmenar_viejo,Colmenar Viejo
collado_mediano,Collado Mediano
collado_villalba,Collado Villalba
corpa,Corpa
coslada,Coslada
con_7228023_7228082,CON. 7228023, 7228082
con_7228038_7228093,CON. 7228038, 7228093
corella,Corella
cortes,Cortes
con_7431160_7431125_7431255,CON. 7431160, 7431125, 7431255
con_7431136_7431131,CON. 7431136, 7431131
con_7431030_7431036_7431080,CON. 7431030, 7431036, 7431080
con_7431151_7431235,CON. 7431151, 7431235
con_7431046_7431190,CON. 7431046, 7431190
con_7431013_7431021_7431100_7431143,CON. 7431013, 7431021, 7431100, 7431143
con_7431013_7431021_7431100,CON. 7431013, 7431021, 7431100
con_7431134_7431241,CON. 7431134, 7431241
con_7431101_7431016_7431136,CON. 7431101, 7431016, 7431136
con_7431236_7431040,CON. 7431236, 7431040
con_7431127_7431123,CON. 7431127, 7431123
con_7431160_7431255_7431125,CON. 7431160, 7431255, 7431125
con_7431046_7431125_7431160_7431255,CON. 7431046, 7431125, 7431160, 7431255
con_7501051_7501056,CON. 7501051, 7501056
con_7501020_7501901_7501046,CON. 7501020, 7501901, 7501046
con_7520008_7520076,CON. 7520008, 7520076
con_7520000_7501000,CON. 7520000, 7501000
cordovin,Cordovín
corera,Corera
cornago,Cornago
corporales,Corporales
con_7626103_7626144_7626165,CON. 7626103, 7626144, 7626165
cocentaina,Cocentaina
confrides,Confrides
cox,Cox
cortes_de_arenoso,Cortes de Arenoso
costur,Costur
coves_de_vinroma_les,Coves de Vinromá, les
cofrentes,Cofrentes
corbera,Corbera
cortes_de_pallas,Cortes de Pallás
cotes,Cotes
cocherel,Cocherel
compans,Compans
conde_sainte_libiaire,Condé-Sainte-Libiaire
congis_sur_therouanne,Congis-sur-Thérouanne
couilly_pont_aux_dames,Couilly-Pont-aux-Dames
coulombs_en_valois,Coulombs-en-Valois
coulommes,Coulommes
coulommiers,Coulommiers
coutevroult,Coutevroult
combs_la_ville,Combs-la-Ville
coubert,Coubert
courquetaine,Courquetaine
courcelles_en_bassee,Courcelles-en-Bassée
courchamp,Courchamp
courpalay,Courpalay
courtacon,Courtacon
courtomer,Courtomer
coutencon,Coutençon
collegien,Collégien
conches_sur_gondoire,Conches-sur-Gondoire
coupvray,Coupvray
courtry,Courtry
conde_sur_vesgre,Condé-sur-Vesgre
courgent,Courgent
coignieres,Coignières
conflans_sainte_honorine,Conflans-Sainte-Honorine
corbreuse,Corbreuse
congerville_thionville,Congerville-Thionville
corbeil_essonnes,Corbeil-Essonnes
courances,Courances
courcouronnes,Courcouronnes
courdimanche_sur_essonne,Courdimanche-sur-Essonne
courson_monteloup,Courson-Monteloup
colombes,Colombes
courbevoie,Courbevoie
coubron,Coubron
cormeilles_en_parisis,Cormeilles-en-Parisis
commeny,Commeny
condecourt,Condécourt
cormeilles_en_vexin,Cormeilles-en-Vexin
courcelles_sur_viosne,Courcelles-sur-Viosne
courdimanche,Courdimanche
concressault,Concressault
couargues,Couargues
couy,Couy
cogny,Cogny
colombiers,Colombiers
contres,Contres
cornusse,Cornusse
corquoy,Corquoy
cours_les_barres,Cours-les-Barres
coust,Coust
coltainville,Coltainville
corancez,Corancez
courville_sur_eure,Courville-sur-Eure
commune_nouvelle_d_arrou,Commune nouvelle d'Arrou
conie_molitard,Conie-Molitard
cormainville,Cormainville
courbehaye,Courbehaye
coulombs,Coulombs
combres,Combres
coudray_au_perche,Coudray-au-Perche
coudreceau,Coudreceau
concremiers,Concremiers
coings,Coings
conde,Condé
continvoir,Continvoir
couesmes,Couesmes
courcelles_de_touraine,Courcelles-de-Touraine
courcoue,Courcoué
couziers,Couziers
cormery,Cormery
courcay,Courçay
conan,Conan
concriers,Concriers
cormeray,Cormeray
courbouzon,Courbouzon
cour_cheverny,Cour-Cheverny
courmemin,Courmemin
cour_sur_loire,Cour-sur-Loire
cormenon,Cormenon
coulommiers_la_tour,Coulommiers-la-Tour
couture_sur_loir,Couture-sur-Loir
couddes,Couddes
couffy,Couffy
conflans_sur_loing,Conflans-sur-Loing
corbeilles,Corbeilles
corquilleroy,Corquilleroy
cortrat,Cortrat
coudroy,Coudroy
coullons,Coullons
courtemaux,Courtemaux
courtempierre,Courtempierre
courtenay,Courtenay
coinces,Coinces
combleux,Combleux
combreux,Combreux
coulmiers,Coulmiers
courcy_aux_loges,Courcy-aux-Loges
collonges_les_bevy,Collonges-lès-Bévy
colombier,Colombier
combertault,Combertault
comblanchien,Comblanchien
commarin,Commarin
corberon,Corberon
corcelles_les_arts,Corcelles-les-Arts
corcelles_les_citeaux,Corcelles-lès-Cîteaux
corgengoux,Corgengoux
corgoloin,Corgoloin
cormot_vauchignon,Cormot-Vauchignon
corpeau,Corpeau
couchey,Couchey
collonges_les_premieres,Collonges-lès-Premières
corcelles_les_monts,Corcelles-les-Monts
courlon,Courlon
courtivron,Courtivron
couternon,Couternon
corpoyer_la_chapelle,Corpoyer-la-Chapelle
corrombles,Corrombles
corsaint,Corsaint
coulmier_le_sec,Coulmier-le-Sec
courban,Courban
courcelles_fremoy,Courcelles-Frémoy
courcelles_les_montbard,Courcelles-lès-Montbard
courcelles_les_semur,Courcelles-lès-Semur
corcelles_ferrieres,Corcelles-Ferrières
corcelle_mieslot,Corcelle-Mieslot
corcondray,Corcondray
courchapon,Courchapon
colombier_fontaine,Colombier-Fontaine
courcelles_les_montbeliard,Courcelles-lès-Montbéliard
cour_saint_maurice,Cour-Saint-Maurice
courtefontaine,Courtefontaine
consolation_maisonnettes,Consolation-Maisonnettes
courtetain_et_salans,Courtetain-et-Salans
courvieres,Courvières
colonne,Colonne
cogna,Cogna
commenailles,Commenailles
condamine,Condamine
condes,Condes
conliege,Conliège
conte,Conte
cornod,Cornod
cosges,Cosges
courbette,Courbette
courlans,Courlans
courlaoux,Courlaoux
cousance,Cousance
coiserette,Coiserette
coyriere,Coyrière
coyron,Coyron
coteaux_du_lizon,Coteaux du Lizon
corancy,Corancy
corbigny,Corbigny
corvol_d_embernard,Corvol-d'Embernard
corvol_l_orgueilleux,Corvol-l'Orgueilleux
cossaye,Cossaye
coulanges_les_nevers,Coulanges-lès-Nevers
colmery,Colméry
cosne_cours_sur_loire,Cosne-Cours-sur-Loire
couloutre,Couloutre
coisevaux,Coisevaux
conflans_sur_lanterne,Conflans-sur-Lanterne
corbenay,Corbenay
corravillers,Corravillers
courchaton,Courchaton
courmont,Courmont
couthenans,Couthenans
cognieres,Cognières
colombe_les_vesoul,Colombe-lès-Vesoul
colombotte,Colombotte
combeaufontaine,Combeaufontaine
comberjon,Comberjon
conflandey,Conflandey
confracourt,Confracourt
contreglise,Contréglise
cordonnet,Cordonnet
cornot,Cornot
corre,Corre
coulevon,Coulevon
courcuire,Courcuire
courtesoult_et_gatey,Courtesoult-et-Gatey
collonge_en_charollais,Collonge-en-Charollais
collonge_la_madeleine,Collonge-la-Madeleine
cordesse,Cordesse
couches,Couches
cormatin,Cormatin
colombier_en_brionnais,Colombier-en-Brionnais
coublanc,Coublanc
condal,Condal
cortambert,Cortambert
cortevaix,Cortevaix
coulangeron,Coulangeron
coulanges_la_vineuse,Coulanges-la-Vineuse
coulanges_sur_yonne,Coulanges-sur-Yonne
courgis,Courgis
courson_les_carrieres,Courson-les-Carrières
collan,Collan
coutarnoux,Coutarnoux
collemiers,Collemiers
compigny,Compigny
cornant,Cornant
coulours,Coulours
courlon_sur_yonne,Courlon-sur-Yonne
courtoin,Courtoin
courtois_sur_yonne,Courtois-sur-Yonne
courtelevant,Courtelevant
colleville_sur_mer,Colleville-sur-Mer
colombieres,Colombières
colombiers_sur_seulles,Colombiers-sur-Seulles
commes,Commes
conde_sur_seulles,Condé-sur-Seulles
cormolain,Cormolain
cottun,Cottun
colomby_anguerny,Colomby-Anguerny
colleville_montgomery,Colleville-Montgomery
colombelles,Colombelles
combray,Combray
conde_sur_ifs,Condé-sur-Ifs
cordey,Cordey
cormelles_le_royal,Cormelles-le-Royal
cossesseville,Cossesseville
courcy,Courcy
courseulles_sur_mer,Courseulles-sur-Mer
coquainvilliers,Coquainvilliers
cordebugle,Cordebugle
coudray_rabut,Coudray-Rabut
courtonne_la_meurdrac,Courtonne-la-Meurdrac
courtonne_les_deux_eglises,Courtonne-les-Deux-Églises
conde_en_normandie,Condé-en-Normandie
courvaudon,Courvaudon
connelles,Connelles
corny,Corny
coudray,Coudray
courcelles_sur_seine,Courcelles-sur-Seine
colletot,Colletot
combon,Combon
conde_sur_risle,Condé-sur-Risle
conteville,Conteville
cormeilles,Cormeilles
corneville_la_fouquetiere,Corneville-la-Fouquetière
corneville_sur_risle,Corneville-sur-Risle
courbepine,Courbépine
courteilles,Courteilles
collandres_quincarnon,Collandres-Quincarnon
conches_en_ouche,Conches-en-Ouche
coudres,Coudres
courdemanche,Courdemanche
coudeville_sur_mer,Coudeville-sur-Mer
coulouvray_boisbenatre,Coulouvray-Boisbenâtre
courtils,Courtils
colomby,Colomby
couville,Couville
contrieres,Contrières
coutances,Coutances
conde_sur_vire,Condé-sur-Vire
couvains,Couvains
conde_sur_sarthe,Condé-sur-Sarthe
coulonges_sur_sarthe,Coulonges-sur-Sarthe
commeaux,Commeaux
coudehard,Coudehard
coulonces,Coulonces
cour_maugis_sur_huisne,Cour-Maugis sur Huisne
comblot,Comblot
corbon,Corbon
coulimer,Coulimer
coulmer,Coulmer
courgeon,Courgeon
courgeout,Courgeoût
colmesnil_manneville,Colmesnil-Manneville
compainville,Compainville
colleville,Colleville
contremoulins,Contremoulins
cottevrard,Cottévrard
coincy,Coincy
conde_en_brie,Condé-en-Brie
connigis,Connigis
coulonges_cohan,Coulonges-Cohan
coupru,Coupru
courboin,Courboin
courchamps,Courchamps
courtemont_varennes,Courtemont-Varennes
colligis_crandelain,Colligis-Crandelain
commenchon,Commenchon
concevreux,Concevreux
conde_sur_suippe,Condé-sur-Suippe
condren,Condren
corbeny,Corbeny
coucy_le_chateau_auffrique,Coucy-le-Château-Auffrique
coucy_les_eppes,Coucy-lès-Eppes
coucy_la_ville,Coucy-la-Ville
courbes,Courbes
courtrizy_et_fussigny,Courtrizy-et-Fussigny
couvron_et_aumencourt,Couvron-et-Aumencourt
contescourt,Contescourt
conde_sur_aisne,Condé-sur-Aisne
corcy,Corcy
courcelles_sur_vesle,Courcelles-sur-Vesle
courmelles,Courmelles
couvrelles,Couvrelles
coyolles,Coyolles
coingt,Coingt
colonfay,Colonfay
colleret,Colleret
cousolre,Cousolre
courchelettes,Courchelettes
coutiches,Coutiches
coudekerque_branche,Coudekerque-Branche
cobrieux,Cobrieux
comines,Comines
conde_sur_l_escaut,Condé-sur-l'Escaut
corbeil_cerf,Corbeil-Cerf
courcelles_les_gisors,Courcelles-lès-Gisors
coivrel,Coivrel
courcelles_epayelles,Courcelles-Epayelles
compiegne,Compiègne
conchy_les_pots,Conchy-les-Pots
coudun,Coudun
couloisy,Couloisy
courtieux,Courtieux
courteuil,Courteuil
coye_la_foret,Coye-la-Forêt
conchy_sur_canche,Conchy-sur-Canche
conteville_en_ternois,Conteville-en-Ternois
corbehem,Corbehem
couin,Couin
coullemont,Coullemont
courcelles_le_comte,Courcelles-le-Comte
couturelle,Couturelle
colembert,Colembert
condette,Condette
conteville_les_boulogne,Conteville-lès-Boulogne
courset,Courset
colline_beaumont,Colline-Beaumont
conchil_le_temple,Conchil-le-Temple
contes,Contes
cormont,Cormont
coupelle_neuve,Coupelle-Neuve
coupelle_vieille,Coupelle-Vieille
coulomby,Coulomby
coyecques,Coyecques
coquelles,Coquelles
coulogne,Coulogne
courcelles_les_lens,Courcelles-lès-Lens
courrieres,Courrières
cocquerel,Cocquerel
conde_folie,Condé-Folie
coulonvillers,Coulonvillers
coisy,Coisy
contay,Contay
contre,Contre
conty,Conty
corbie,Corbie
courcelles_sous_moyencourt,Courcelles-sous-Moyencourt
courcelles_sous_thoix,Courcelles-sous-Thoix
contoire,Contoire
cottenchy,Cottenchy
coullemelle,Coullemelle
courtemanche,Courtemanche
coigneux,Coigneux
colincamps,Colincamps
combles,Combles
contalmaison,Contalmaison
courcelette,Courcelette
courcelles_au_bois,Courcelles-au-Bois
conde_les_herpy,Condé-lès-Herpy
corny_macheromenil,Corny-Machéroménil
coucy,Coucy
conde_les_autry,Condé-lès-Autry
contreuve,Contreuve
cornay,Cornay
coulommes_et_marqueny,Coulommes-et-Marqueny
colombe_la_fosse,Colombé-la-Fosse
colombe_le_sec,Colombé-le-Sec
courcelles_sur_voire,Courcelles-sur-Voire
couvignon,Couvignon
courceroy,Courceroy
coclois,Coclois
cormost,Cormost
coursan_en_othe,Coursan-en-Othe
courtaoult,Courtaoult
courtenot,Courtenot
courteranges,Courteranges
courteron,Courteron
coussegrey,Coussegrey
compertrix,Compertrix
conde_sur_marne,Condé-sur-Marne
coolus,Coolus
coupetz,Coupetz
coupeville,Coupéville
courtisols,Courtisols
coizard_joches,Coizard-Joches
conflans_sur_seine,Conflans-sur-Seine
congy,Congy
connantray_vaurefroy,Connantray-Vaurefroy
connantre,Connantre
corfelix,Corfélix
cormoyeux,Cormoyeux
corribert,Corribert
corrobert,Corrobert
corroy,Corroy
courcemain,Courcemain
courgivaux,Courgivaux
courjeonnet,Courjeonnet
courthiezy,Courthiézy
cormicy,Cormicy
cormontreuil,Cormontreuil
coulommes_la_montagne,Coulommes-la-Montagne
courcelles_sapicourt,Courcelles-Sapicourt
courlandon,Courlandon
courmas,Courmas
courtagnon,Courtagnon
courville,Courville
coole,Coole
corbeil,Corbeil
courdemanges,Courdemanges
couvrot,Couvrot
contault,Contault
courtemont,Courtémont
colombey_les_deux_eglises,Colombey les Deux Églises
consigny,Consigny
coupray,Coupray
cour_l_eveque,Cour-l'Évêque
cohons,Cohons
coiffy_le_bas,Coiffy-le-Bas
coiffy_le_haut,Coiffy-le-Haut
colmier_le_bas,Colmier-le-Bas
colmier_le_haut,Colmier-le-Haut
courcelles_en_montagne,Courcelles-en-Montagne
courcelles_sur_blaise,Courcelles-sur-Blaise
colmey,Colmey
conflans_en_jarnisy,Conflans-en-Jarnisy
cons_la_grandville,Cons-la-Grandville
cosnes_et_romain,Cosnes-et-Romain
coincourt,Coincourt
courbesseaux,Courbesseaux
coyviller,Coyviller
colombey_les_belles,Colombey-les-Belles
combles_en_barrois,Combles-en-Barrois
contrisson,Contrisson
courcelles_sur_aire,Courcelles-sur-Aire
cousances_les_forges,Cousances-les-Forges
couvertpuis,Couvertpuis
couvonges,Couvonges
commercy,Commercy
courcelles_en_barrois,Courcelles-en-Barrois
courouvre,Courouvre
cousances_les_triconville,Cousances-lès-Triconville
combres_sous_les_cotes,Combres-sous-les-Côtes
consenvoye,Consenvoye
cocheren,Cocheren
colmen,Colmen
conde_northen,Condé-Northen
coume,Coume
conthil,Conthil
contz_les_bains,Contz-les-Bains
coin_les_cuvry,Coin-lès-Cuvry
coin_sur_seille,Coin-sur-Seille
colligny_maizery,Colligny-Maizery
corny_sur_moselle,Corny-sur-Moselle
courcelles_chaussy,Courcelles-Chaussy
courcelles_sur_nied,Courcelles-sur-Nied
colroy_la_roche,Colroy-la-Roche
cosswiller,Cosswiller
courtavon,Courtavon
colmar,Colmar
cornimont,Cornimont
contrexeville,Contrexéville
courcelles_sous_chatenois,Courcelles-sous-Châtenois
coussey,Coussey
coinches,Coinches
combrimont,Combrimont
corcieux,Corcieux
cordemais,Cordemais
coueron,Couëron
corcoue_sur_logne,Corcoué-sur-Logne
corsept,Corsept
conquereuil,Conquereuil
couffe,Couffé
cornille_les_caves,Cornillé-les-Caves
corze,Corzé
coron,Coron
courleon,Courléon
congrier,Congrier
cosmes,Cosmes
cosse_en_champagne,Cossé-en-Champagne
cosse_le_vivien,Cossé-le-Vivien
courbeveille,Courbeveille
colombiers_du_plessis,Colombiers-du-Plessis
commer,Commer
contest,Contest
couesmes_vauce,Couesmes-Vaucé
couptrain,Couptrain
courcite,Courcité
coulans_sur_gee,Coulans-sur-Gée
coulonge,Coulongé
courcelles_la_foret,Courcelles-la-Forêt
courtillers,Courtillers
cogners,Cogners
commerveil,Commerveil
conflans_sur_anille,Conflans-sur-Anille
conge_sur_orne,Congé-sur-Orne
conlie,Conlie
connerre,Connerré
contilly,Contilly
cormes,Cormes
coudrecieux,Coudrecieux
coulombiers,Coulombiers
courcemont,Courcemont
courcival,Courcival
courgains,Courgains
courgenard,Courgenard
coulaines,Coulaines
courceboeufs,Courcebœufs
corpe,Corpe
coex,Coëx
commequiers,Commequiers
corseul,Corseul
coadout,Coadout
cohiniac,Cohiniac
coatascorn,Coatascorn
coatreven,Coatréven
coetlogon,Coëtlogon
coetmieux,Coëtmieux
corlay,Corlay
coat_meal,Coat-Méal
collorec,Collorec
coray,Coray
commana,Commana
combrit,Combrit
concarneau,Concarneau
confort_meilars,Confort-Meilars
coesmes,Coësmes
combourtille,Combourtillé
cornille,Cornillé
comblessac,Comblessac
corps_nuds,Corps-Nuds
combourg,Combourg
concoret,Concoret
colpo,Colpo
cournon,Cournon
combiers,Combiers
coulgens,Coulgens
courgeac,Courgeac
courlac,Courlac
cognac,Cognac
condeon,Condéon
courbillac,Courbillac
condac,Condac
confolens,Confolens
coulonges,Coulonges
courcome,Courcôme
couture,Couture
consac,Consac
corignac,Corignac
courpignac,Courpignac
coux,Coux
courcon,Courçon
corme_ecluse,Corme-Écluse
corme_royal,Corme-Royal
courcoury,Courcoury
cozes,Cozes
coivert,Coivert
courant,Courant
courcerac,Courcerac
collonges_la_rouge,Collonges-la-Rouge
conceze,Concèze
cosnac,Cosnac
condat_sur_ganaveix,Condat-sur-Ganaveix
cornil,Cornil
correze,Corrèze
combressol,Combressol
couffy_sur_sarsonne,Couffy-sur-Sarsonne
courteix,Courteix
confolent_port_dieu,Confolent-Port-Dieu
colondannes,Colondannes
conne_de_labarde,Conne-de-Labarde
cours_de_pile,Cours-de-Pile
couze_et_saint_front,Couze-et-Saint-Front
condat_sur_trincou,Condat-sur-Trincou
connezac,Connezac
corgnac_sur_l_isle,Corgnac-sur-l'Isle
coulaures,Coulaures
comberanche_et_epeluche,Comberanche-et-Épeluche
coulounieix_chamiers,Coulounieix-Chamiers
coursac,Coursac
coutures,Coutures
coly,Coly
condat_sur_vezere,Condat-sur-Vézère
coubjours,Coubjours
coux_et_bigaroque_mouzens,Coux et Bigaroque-Mouzens
comps,Comps
coimeres,Coimères
coirac,Coirac
courpiac,Courpiac
cours_de_monsegur,Cours-de-Monségur
cours_les_bains,Cours-les-Bains
couqueques,Couquèques
coubeyrac,Coubeyrac
coutras,Coutras
commensacq,Commensacq
coudures,Coudures
colayrac_saint_cirq,Colayrac-Saint-Cirq
cours,Cours
cocumont,Cocumont
coulx,Coulx
couthures_sur_garonne,Couthures-sur-Garonne
condezaygues,Condezaygues
courbiac,Courbiac
coarraze,Coarraze
conchez_de_bearn,Conchez-de-Béarn
corbere_aberes,Corbère-Abères
cosledaa_lube_boast,Coslédaà-Lube-Boast
coublucq,Coublucq
combrand,Combrand
coulonges_thouarsais,Coulonges-Thouarsais
courlay,Courlay
coulon,Coulon
coulonges_sur_l_autize,Coulonges-sur-l'Autize
couture_d_argenson,Couture-d'Argenson
coutieres,Coutières
coussay_les_bois,Coussay-les-Bois
couhe,Couhé
coussay,Coussay
compreignac,Compreignac
condat_sur_vienne,Condat-sur-Vienne
coussac_bonneval,Coussac-Bonneval
couzeix,Couzeix
cognac_la_foret,Cognac-la-Forêt
cos,Cos
coussa,Coussa
coutens,Coutens
contrazy,Contrazy
couflens,Couflens
comigne,Comigne
conques_sur_orbiel,Conques-sur-Orbiel
couffoulens,Couffoulens
comus,Comus
conilhac_de_la_montagne,Conilhac-de-la-Montagne
coudons,Coudons
couiza,Couiza
counozouls,Counozouls
cournanel,Cournanel
courtauly,Courtauly
coustaussa,Coustaussa
conilhac_corbieres,Conilhac-Corbières
coursan,Coursan
coustouge,Coustouge
combret,Combret
compeyre,Compeyre
compregnac,Comprégnac
comps_la_grand_ville,Comps-la-Grand-Ville
connac,Connac
cornus,Cornus
coupiac,Coupiac
condom_d_aubrac,Condom-d'Aubrac
conques_en_rouergue,Conques-en-Rouergue
coubisou,Coubisou
colombies,Colombiès
compolibat,Compolibat
concoules,Concoules
corbes,Corbès
courry,Courry
codognan,Codognan
codolet,Codolet
collias,Collias
collorgues,Collorgues
combas,Combas
congenies,Congénies
connaux,Connaux
cornillon,Cornillon
colognac,Colognac
conqueyrac,Conqueyrac
corconne,Corconne
couladere,Couladère
coueilles,Coueilles
couret,Couret
colomiers,Colomiers
cornebarrieu,Cornebarrieu
corronsac,Corronsac
cologne,Cologne
condom,Condom
courrensan,Courrensan
corneillan,Corneillan
couloume_mondebat,Couloumé-Mondebat
courties,Courties
colombieres_sur_orb,Colombières-sur-Orb
combes,Combes
corneilhan,Corneilhan
coulobres,Coulobres
courniou,Courniou
combaillaux,Combaillaux
cournonsec,Cournonsec
cournonterral,Cournonterral
concots,Concots
corn,Corn
cornac,Cornac
concores,Concorès
condat,Condat
couzou,Couzou
collongues,Collongues
coussan,Coussan
collioure,Collioure
corneilla_del_vercol,Corneilla-del-Vercol
corsavy,Corsavy
coustouges,Coustouges
codalet,Codalet
conat,Conat
corbere,Corbère
corbere_les_cabanes,Corbère-les-Cabanes
corneilla_de_conflent,Corneilla-de-Conflent
corneilla_la_riviere,Corneilla-la-Rivière
combefa,Combefa
cordes_sur_ciel,Cordes-sur-Ciel
coufouleux,Coufouleux
courris,Courris
cordes_tolosannes,Cordes-Tolosannes
comberouger,Comberouger
corbarieu,Corbarieu
colomieu,Colomieu
conand,Conand
contrevoz,Contrevoz
conzieu,Conzieu
corbonod,Corbonod
corlier,Corlier
cormaranche_en_bugey,Cormaranche-en-Bugey
coligny,Coligny
condeissiat,Condeissiat
confrancon,Confrançon
cormoranche_sur_saone,Cormoranche-sur-Saône
cormoz,Cormoz
corveissiat,Corveissiat
courmangoux,Courmangoux
courtes,Courtes
confort,Confort
commentry,Commentry
cosne_d_allier,Cosne-d'Allier
courcais,Courçais
contigny,Contigny
coulandon,Coulandon
coulanges,Coulanges
couleuvre,Couleuvre
couzon,Couzon
cognat_lyonne,Cognat-Lyonne
coutansouze,Coutansouze
coucouron,Coucouron
colombier_le_cardinal,Colombier-le-Cardinal
colombier_le_jeune,Colombier-le-Jeune
colombier_le_vieux,Colombier-le-Vieux
cornas,Cornas
collandres,Collandres
coltines,Coltines
coren,Coren
cobonne,Cobonne
colonzelle,Colonzelle
condillac,Condillac
condorcet,Condorcet
cornillac,Cornillac
cornillon_sur_l_oule,Cornillon-sur-l'Oule
combovin,Combovin
cognet,Cognet
cognin_les_gorges,Cognin-les-Gorges
corenc,Corenc
cornillon_en_trieves,Cornillon-en-Trièves
corps,Corps
correncon_en_vercors,Corrençon-en-Vercors
coublevie,Coublevie
colombe,Colombe
corbelin,Corbelin
commelle,Commelle
cour_et_buis,Cour-et-Buis
cottance,Cottance
combre,Combre
commelle_vernay,Commelle-Vernay
cordelle,Cordelle
coutouvre,Coutouvre
cohade,Cohade
collat,Collat
connangles,Connangles
couteuges,Couteuges
costaros,Costaros
coubon,Coubon
condat_les_montboissier,Condat-lès-Montboissier
corent,Corent
cournols,Cournols
cournon_d_auvergne,Cournon-d'Auvergne
collanges,Collanges
compains,Compains
coudes,Coudes
courgoul,Courgoul
combrailles,Combrailles
combronde,Combronde
condat_en_combraille,Condat-en-Combraille
courpiere,Courpière
coise,Coise
condrieu,Condrieu
corcelles_en_beaujolais,Corcelles-en-Beaujolais
courzieu,Courzieu
communay,Communay
colombier_saugnieu,Colombier-Saugnieu
collonges_au_mont_d_or,Collonges-au-Mont-d'Or
couzon_au_mont_d_or,Couzon-au-Mont-d'Or
corbas,Corbas
cohennoz,Cohennoz
courchevel,Courchevel
cognin,Cognin
coise_saint_jean_pied_gauthier,Coise-Saint-Jean-Pied-Gauthier
conjux,Conjux
corbel,Corbel
combloux,Combloux
contamine_sur_arve,Contamine-sur-Arve
cordon,Cordon
cornier,Cornier
collonges_sous_saleve,Collonges-sous-Salève
contamine_sarzin,Contamine-Sarzin
copponex,Copponex
colmars,Colmars
consegudes,Conségudes
courmes,Courmes
coursegoules,Coursegoules
coaraze,Coaraze
colomars,Colomars
coudoux,Coudoux
cornillon_confoux,Cornillon-Confoux
cogolin,Cogolin
comps_sur_artuby,Comps-sur-Artuby
collobrieres,Collobrières
correns,Correns
cotignac,Cotignac
courthezon,Courthézon
coggia,Coggia
cognocoli_monticchi,Cognocoli-Monticchi
corrano,Corrano
coti_chiavari,Coti-Chiavari
cozzano,Cozzano
conca,Conca
corscia,Corscia
corte,Corte
corbara,Corbara
costa,Costa
cootehill_rural,Cootehill Rural
cootehill_urban,Cootehill Urban
corr,Corr
corraneary,Corraneary
convoy,Convoy
corkermore,Corkermore
corravaddy,Corravaddy
corrala,Corrala
corriga,Corriga
collon,Collon
cormeen,Cormeen
corracharra,Corracharra
collooney,Collooney
coolaney,Coolaney
coolavin,Coolavin
colt,Colt
coolrain,Coolrain
columbkille,Columbkille
coolamber,Coolamber
corboy,Corboy
collinstown,Collinstown
coolure,Coolure
copperalley,Copperalley
colmanstown,Colmanstown
cong_number_conga,Cong#Conga
cooloo,Cooloo
coos,Coos
cong,Cong
coolnaha,Coolnaha
coonard,Coonard
corraun_achill_number_an_corran,Corraun Achill#An Corrán
course,Course
coolougher,Coolougher
coolattin,Coolattin
coolballintaggart,Coolballintaggart
coolboy,Coolboy
coolmeen,Coolmeen
coolreagh,Coolreagh
cooraclare,Cooraclare
corlea,Corlea
corrofin,Corrofin
colmanswell,Colmanswell
coolrus,Coolrus
coolraine,Coolraine
colman,Colman
coolagarranroe,Coolagarranroe
cooleagh,Cooleagh
coonogue,Coonogue
corries,Corries
coolaghmore,Coolaghmore
coolcraheen,Coolcraheen
coolhill,Coolhill
colligan,Colligan
comeragh,Comeragh
coumaraglin,Coumaraglin
coolgreany,Coolgreany
courtown,Courtown
commons,Commons
cobh_rural,Cobh Rural
cobh_urban,Cobh Urban
coolagh,Coolagh
coolclogh,Coolclogh
coolmain,Coolmain
coolmountain,Coolmountain
coomlogane,Coomlogane
corkbeg,Corkbeg
coulagh,Coulagh
courtmacsherry,Courtmacsherry
coolies,Coolies
coom,Coom
cordal,Cordal
coassolo_torinese,Coassolo Torinese
coazze,Coazze
collegno,Collegno
colleretto_castelnuovo,Colleretto Castelnuovo
colleretto_giacosa,Colleretto Giacosa
condove,Condove
corio,Corio
cossano_canavese,Cossano Canavese
collobiano,Collobiano
costanzana,Costanzana
colazza,Colazza
comignago,Comignago
corneliano_d_alba,Corneliano d'Alba
cortemilia,Cortemilia
cossano_belbo,Cossano Belbo
costigliole_saluzzo,Costigliole Saluzzo
coazzolo,Coazzolo
cocconato,Cocconato
corsione,Corsione
cortandone,Cortandone
cortanze,Cortanze
cortazzone,Cortazzone
cortiglione,Cortiglione
cossombrato,Cossombrato
costigliole_d_asti,Costigliole d'Asti
coniolo,Coniolo
conzano,Conzano
costa_vescovato,Costa Vescovato
coggiola,Coggiola
cossato,Cossato
cossogno,Cossogno
cogne,Cogne
courmayeur,Courmayeur
cocquio_trevisago,Cocquio-Trevisago
comabbio,Comabbio
comerio,Comerio
colonno,Colonno
como,Como
corrido,Corrido
colverde,Colverde
colorina,Colorina
cosio_valtellino,Cosio Valtellino
cologno_monzese,Cologno Monzese
colturano,Colturano
corbetta,Corbetta
cormano,Cormano
cornaredo,Cornaredo
corsico,Corsico
colere,Colere
cologno_al_serio,Cologno al Serio
colzate,Colzate
comun_nuovo,Comun Nuovo
corna_imagna,Corna Imagna
cortenuova,Cortenuova
costa_di_mezzate,Costa di Mezzate
costa_valle_imagna,Costa Valle Imagna
costa_volpino,Costa Volpino
covo,Covo
costa_serina,Costa Serina
cornalba,Cornalba
coccaglio,Coccaglio
collebeato,Collebeato
collio,Collio
comezzano_cizzago,Comezzano-Cizzago
concesio,Concesio
corte_franca,Corte Franca
corteno_golgi,Corteno Golgi
corzano,Corzano
codevilla,Codevilla
confienza,Confienza
copiano,Copiano
corana,Corana
corvino_san_quirico,Corvino San Quirico
costa_de_nobili,Costa de' Nobili
cozzo,Cozzo
cornale_e_bastida,Cornale e Bastida
corteolona_e_genzone,Corteolona e Genzone
corte_de_cortesi_con_cignone,Corte de' Cortesi con Cignone
corte_de_frati,Corte de' Frati
commessaggio,Commessaggio
colico,Colico
colle_brianza,Colle Brianza
cortenova,Cortenova
costa_masnaga,Costa Masnaga
codogno,Codogno
comazzo,Comazzo
cornegliano_laudense,Cornegliano Laudense
corno_giovine,Corno Giovine
cornovecchio,Cornovecchio
corte_palasio,Corte Palasio
cogliate,Cogliate
concorezzo,Concorezzo
correzzana,Correzzana
cornate_d_adda,Cornate d'Adda
cosio_d_arroscia,Cosio d'Arroscia
costarainera,Costarainera
cosseria,Cosseria
cogoleto,Cogoleto
cogorno,Cogorno
coreglia_ligure,Coreglia Ligure
cornedo_all_isarco_number_karneid,Cornedo all'Isarco#Karneid
cortaccia_sulla_strada_del_vino_number_kurtatsch_an_der_weinstrasse,Cortaccia sulla strada del vino#Kurtatsch an der Weinstraße
cortina_sulla_strada_del_vino_number_kurtinig_an_der_weinstrasse,Cortina sulla strada del vino#Kurtinig an der Weinstraße
corvara_in_badia_number_corvara,Corvara in Badia#Corvara
commezzadura,Commezzadura
comano_terme,Comano Terme
conta,Contà
cologna_veneta,Cologna Veneta
colognola_ai_colli,Colognola ai Colli
concamarise,Concamarise
costermano_sul_garda,Costermano sul Garda
cogollo_del_cengio,Cogollo del Cengio
conco,Conco
cornedo_vicentino,Cornedo Vicentino
costabissara,Costabissara
colle_santa_lucia,Colle Santa Lucia
comelico_superiore,Comelico Superiore
cortina_d_ampezzo,Cortina d'Ampezzo
codogne,Codognè
colle_umberto,Colle Umberto
conegliano,Conegliano
cordignano,Cordignano
cornuda,Cornuda
cona,Cona
concordia_sagittaria,Concordia Sagittaria
codevigo,Codevigo
conselve,Conselve
correzzola,Correzzola
corbola,Corbola
costa_di_rovigo,Costa di Rovigo
codroipo,Codroipo
colloredo_di_monte_albano,Colloredo di Monte Albano
comeglians,Comeglians
corno_di_rosazzo,Corno di Rosazzo
coseano,Coseano
cormons,Cormons
cordenons,Cordenons
cordovado,Cordovado
coli,Coli
corte_brugnatella,Corte Brugnatella
cortemaggiore,Cortemaggiore
collecchio,Collecchio
colorno,Colorno
compiano,Compiano
corniglio,Corniglio
correggio,Correggio
concordia_sulla_secchia,Concordia sulla Secchia
codigoro,Codigoro
comacchio,Comacchio
copparo,Copparo
conselice,Conselice
cotignola,Cotignola
coriano,Coriano
coreglia_antelminelli,Coreglia Antelminelli
collesalvetti,Collesalvetti
cortona,Cortona
colle_di_val_d_elsa,Colle di Val d'Elsa
collazzone,Collazzone
corciano,Corciano
costacciaro,Costacciaro
colli_al_metauro,Colli al Metauro
corinaldo,Corinaldo
colmurano,Colmurano
corridonia,Corridonia
colli_del_tronto,Colli del Tronto
comunanza,Comunanza
cossignano,Cossignano
corchiano,Corchiano
collalto_sabino,Collalto Sabino
colle_di_tora,Colle di Tora
collegiove,Collegiove
collevecchio,Collevecchio
colli_sul_velino,Colli sul Velino
concerviano,Concerviano
configni,Configni
contigliano,Contigliano
cottanello,Cottanello
colleferro,Colleferro
colonna,Colonna
cori,Cori
colfelice,Colfelice
collepardo,Collepardo
colle_san_magno,Colle San Magno
coreno_ausonio,Coreno Ausonio
cocullo,Cocullo
collarmele,Collarmele
collelongo,Collelongo
collepietro,Collepietro
corfinio,Corfinio
colledara,Colledara
colonnella,Colonnella
controguerra,Controguerra
corropoli,Corropoli
cortino,Cortino
collecorvino,Collecorvino
corvara,Corvara
colledimacine,Colledimacine
colledimezzo,Colledimezzo
colle_d_anchise,Colle d'Anchise
colletorto,Colletorto
colli_a_volturno,Colli a Volturno
conca_casale,Conca Casale
conca_della_campania,Conca della Campania
colle_sannita,Colle Sannita
comiziano,Comiziano
contrada,Contrada
conza_della_campania,Conza della Campania
colliano,Colliano
conca_dei_marini,Conca dei Marini
controne,Controne
contursi_terme,Contursi Terme
corleto_monforte,Corleto Monforte
conversano,Conversano
corato,Corato
collepasso,Collepasso
copertino,Copertino
corigliano_d_otranto,Corigliano d'Otranto
corsano,Corsano
corleto_perticara,Corleto Perticara
colobraro,Colobraro
colosimi,Colosimi
corigliano_calabro,Corigliano Calabro
cosenza,Cosenza
conflenti,Conflenti
cortale,Cortale
condofuri,Condofuri
cosoleto,Cosoleto
cotronei,Cotronei
collesano,Collesano
contessa_entellina,Contessa Entellina
corleone,Corleone
condro,Condrò
comitini,Comitini
comiso,Comiso
codrongianos,Codrongianos
cossoine,Cossoine
collinas,Collinas
contern,Contern
colmar_berg,Colmar-Berg
consdorf,Consdorf
codes,Codes
coevorden,Coevorden
covelo_de_paivo_e_janarde,Covelo de Paivó e Janarde
cortegaca,Cortegaça
couto_de_esteves,Couto de Esteves
corte_do_pinto,Corte do Pinto
colos,Colos
cossourado,Cossourado
codecoso,Codeçoso
conde_e_gandarela,Conde e Gandarela
covelas,Covelas
covide,Covide
coucieiro,Coucieiro
coelhoso,Coelhoso
corticos,Cortiços
corujas,Corujas
constantim_e_cicouro,Constantim e Cicouro
cobro,Cobro
cortes_do_meio,Cortes do Meio
covilha_e_canhoso,Covilhã e Canhoso
cordinha,Cordinhã
covoes_e_camarneira,Covões e Camarneira
condeixa_a_velha_e_condeixa_a_nova,Condeixa-a-Velha e Condeixa-a-Nova
covas_e_vila_nova_de_oliveirinha,Covas e Vila Nova de Oliveirinha
corticadas_de_lavre_e_lavre,Cortiçadas de Lavre e Lavre
corval,Corval
conceicao_e_estoi,Conceição e Estoi
conceicao_e_cabanas_de_tavira,Conceição e Cabanas de Tavira
corticada,Cortiçada
cortico_da_serra_vide_entre_vinhas_e_salgueirais,Cortiçô da Serra, Vide entre Vinhas e Salgueirais
colmeal_e_vilar_torpim,Colmeal e Vilar Torpim
cortico_e_vila_cha,Cortiçô e Vila Chã
codesseiro,Codesseiro
corujeira_e_trinta,Corujeira e Trinta
coriscada,Coriscada
cogula,Cogula
coz_alpedriz_e_montes,Coz, Alpedriz e Montes
coimbrao,Coimbrão
colmeias_e_memoria,Colmeias e Memória
colares,Colares
comenda,Comenda
constance,Constance
coronado_sao_romao_e_sao_mamede,Coronado (São Romão e São Mamede)
constancia,Constância
couco,Couço
coruche_fajarda_e_erra,Coruche, Fajarda e Erra
comporta,Comporta
costa_da_caparica,Costa da Caparica
corroios,Corroios
couto,Couto
cousso,Cousso
coura,Coura
cossourado_e_linhares,Cossourado e Linhares
correlha,Correlhã
cornes,Cornes
covas,Covas
covas_do_barroso,Covas do Barroso
codessoso_curros_e_fiaes_do_tamega,Codessoso, Curros e Fiães do Tâmega
covelo_do_geres,Covelo do Gerês
covas_do_douro,Covas do Douro
constantim_e_vale_de_nogueiras,Constantim e Vale de Nogueiras
cota,Cota
coutos_de_viseu,Coutos de Viseu
covoada,Covoada
corvo,Corvo
conop,Conop
covasint,Covăsinţ
costesti,Costeşti
cocu,Cocu
corbeni,Corbeni
corbi,Corbi
cosesti,Coşeşti
cotmeana,Cotmeana
comanesti,Comăneşti
colonesti,Coloneşti
corbasca,Corbasca
cotofanesti,Coţofăneşti
cociuba_mare,Cociuba Mare
copacel,Copăcel
cosbuc,Coşbuc
concesti,Conceşti
copalau,Copălău
cordareni,Cordăreni
corlateni,Corlăteni
corni,Corni
cotusca,Coţuşca
cosula,Coşula
codlea,Codlea
comana,Comana
cochirleanca,Cochirleanca
colti,Colţi
cozieni,Cozieni
constantin_daicoviciu,Constantin Daicoviciu
copacele,Copăcele
cornea,Cornea
cornereva,Cornereva
coronini,Coronini
cojocna,Cojocna
cornesti,Corneşti
constanta,Constanţa
cobadin,Cobadin
cogealac,Cogealac
corbu,Corbu
costinesti,Costineşti
covasna,Covasna
comandau,Comandău
cobia,Cobia
cojasca,Cojasca
comisani,Comişani
contesti,Conţeşti
corbii_mari,Corbii Mari
cornatelu,Cornăţelu
costestii_din_vale,Costeştii din Vale
cosoveni,Coşoveni
cotofenii_din_dos,Coţofenii din Dos
cotofenii_din_fata,Coţofenii din Faţă
corod,Corod
cosmesti,Cosmeşti
costache_negri,Costache Negri
colibasi,Colibaşi
cosoba,Cosoba
corund,Corund
cozmeni,Cozmeni
cocora,Cocora
cosambesti,Cosâmbeşti
cosereni,Coşereni
colelia,Colelia
coarnele_caprei,Coarnele Caprei
comarna,Comarna
costuleni,Costuleni
cotnari,Cotnari
cozmesti,Cozmeşti
corbeanca,Corbeanca
cornetu,Cornetu
copaceni,Copăceni
copalnic_manastur,Copalnic-Mănăştur
coroieni,Coroieni
coas,Coaş
coltau,Coltău
corcova,Corcova
corlatel,Corlăţel
coroisanmartin,Coroisânmărtin
cozma,Cozma
corunca,Corunca
cordun,Cordun
costisa,Costişa
corabia,Corabia
coteana,Coteana
comarnic,Comarnic
cocorastii_mislii,Cocorăştii Mislii
colceag,Colceag
cornu,Cornu
cosminele,Cosminele
cocorastii_colt,Cocorăştii Colţ
coseiu,Coşeiu
copsa_mica,Copşa Mică
cornu_luncii,Cornu Luncii
cosna,Coşna
comlosu_mare,Comloşu Mare
costeiu,Coşteiu
codaesti,Codăeşti
coroiesti,Coroieşti
corbita,Corbiţa
cotesti,Coteşti
col,Col
coljava,Coljava
cogetinci,Cogetinci
colnarji,Colnarji
colindale,Colindale
coppetts,Coppetts
colyers,Colyers
copers_cope,Copers Cope
coulsdon_east,Coulsdon East
coulsdon_west,Coulsdon West
cockfosters,Cockfosters
coldharbour_and_new_eltham,Coldharbour and New Eltham
college_park_and_old_oak,College Park and Old Oak
coombe_hill,Coombe Hill
coombe_vale,Coombe Vale
coldharbour,Coldharbour
colliers_wood,Colliers Wood
college,College
coldhurst,Coldhurst
county,County
collingwood,Collingwood
copt_hill,Copt Hill
coseley_east,Coseley East
coatham,Coatham
corporation_park,Corporation Park
cottingham_north,Cottingham North
cottingham_south,Cottingham South
cottesmore,Cottesmore
combe_down,Combe Down
cotswold_edge,Cotswold Edge
compton,Compton
cockington_with_chelston,Cockington-with-Chelston
corringham_and_fobbing,Corringham and Fobbing
college_town,College Town
cold_ash,Cold Ash
cox_green,Cox Green
coronation,Coronation
copnor,Copnor
cosham,Cosham
coxford,Coxford
coleridge,Coleridge
comberton,Comberton
cottenham,Cottenham
coniston_and_crake_valley,Coniston and Crake Valley
codnor_and_waingroves,Codnor and Waingroves
coal_aston,Coal Aston
coly_valley,Coly Valley
combe_martin,Combe Martin
coham_bridge,Coham Bridge
conquest,Conquest
collington,Collington
coleford_central,Coleford Central
coleford_east,Coleford East
cowplain,Cowplain
codicote,Codicote
cowden_and_hever,Cowden and Hever
coal_clough_with_deerplay,Coal Clough with Deerplay
coppull,Coppull
coates,Coates
cosby_with_south_whetstone,Cosby with South Whetstone
countesthorpe,Countesthorpe
coltishall,Coltishall
corpusty,Corpusty
cosgrove_and_grafton,Cosgrove and Grafton
colburn,Colburn
cowley,Cowley
cowley_marsh,Cowley Marsh
coleford_and_holcombe,Coleford and Holcombe
coker,Coker
comeytrowe,Comeytrowe
codsall_north,Codsall North
codsall_south,Codsall South
coleshill_north,Coleshill North
coleshill_south,Coleshill South
cokeham,Cokeham
cowfold_shermanbury_and_west_grinstead,Cowfold, Shermanbury and West Grinstead
copthorne_and_worth,Copthorne and Worth
copthorne,Copthorne
corvedale,Corvedale
corsham_pickwick,Corsham Pickwick
corsham_town,Corsham Town
corsham_without_and_box_hill,Corsham Without and Box Hill
cowes_medina,Cowes Medina
cowes_north,Cowes North
cowes_south_and_northwood,Cowes South and Northwood
cowes_west_and_gurnard,Cowes West and Gurnard
coxheath_and_hunton,Coxheath and Hunton
colne_valley,Colne Valley
congleton_east,Congleton East
congleton_west,Congleton West
covingham_and_dorcan,Covingham and Dorcan
coton_and_boughton,Coton and Boughton
cove_and_southwood,Cove and Southwood
colney_heath,Colney Heath
consett_north,Consett North
consett_south,Consett South
coundon,Coundon
coxhoe,Coxhoe
corbridge,Corbridge
cowpen,Cowpen
constantine_mawnan_and_budock,Constantine, Mawnan and Budock
coleman_street,Coleman Street
cordwainer,Cordwainer
cornhill,Cornhill
colnbrook_with_poyle,Colnbrook with Poyle
colville,Colville
courtfield,Courtfield
colehill_east,Colehill East
colehill_west,Colehill West
corfe_mullen,Corfe Mullen
coastal,Coastal
colwick,Colwick
coppice,Coppice
compton_acres,Compton Acres
cotgrave,Cotgrave
courtwick_with_toddington,Courtwick with Toddington
cofton,Cofton
coulby_newham,Coulby Newham
coningsby_mareham,Coningsby & Mareham
collingham,Collingham
coalville_east,Coalville East
coalville_west,Coalville West
coupe_green_gregson_lane,Coupe Green & Gregson Lane
congresbury_puxton,Congresbury & Puxton
copmanthorpe,Copmanthorpe
coggeshall,Coggeshall
cockerton,Cockerton
common,Common
coton,Coton
cotmanhay,Cotmanhay
corbar,Corbar
cote_heath,Cote Heath
colton_the_ridwares,Colton & the Ridwares
coln_valley,Coln Valley
conisbrough,Conisbrough
cowling,Cowling
cotham,Cotham
coney_hill,Coney Hill
coaley_uley,Coaley & Uley
colden_common_twyford,Colden Common & Twyford
cobham_downside,Cobham & Downside
cowal,Cowal
coldside,Coldside
corstorphine_murrayfield,Corstorphine/Murrayfield
colinton_fairmilehead,Colinton/Fairmilehead
cowdenbeath,Cowdenbeath
coatbridge_north_and_glenboig,Coatbridge North and Glenboig
coatbridge_west,Coatbridge West
coatbridge_south,Coatbridge South
corris_mawddwy,Corris/Mawddwy
colwyn,Colwyn
conwy,Conwy
corwen,Corwen
connahs_quay_central,Connah's Quay Central
connahs_quay_golftyn,Connah's Quay Golftyn
connahs_quay_south,Connah's Quay South
connahs_quay_wepre,Connah's Quay Wepre
coedffranc_central,Coedffranc Central
coedffranc_north,Coedffranc North
coedffranc_west,Coedffranc West
coity,Coity
cornelly,Cornelly
cornerswell,Cornerswell
cowbridge,Cowbridge
coed_eva,Coed Eva
coychurch_lower,Coychurch Lower
coedpoeth,Coedpoeth
cockett,Cockett
collinbridge,Collinbridge
corcrain,Corcrain
collin_glen,Collin Glen
connswater,Connswater
coolessan,Coolessan
coolnagard,Coolnagard
coagh,Coagh
coalisland_north,Coalisland North
coalisland_south,Coalisland South
cookstown_east,Cookstown East
cookstown_south,Cookstown South
cookstown_west,Cookstown West
coolshinny,Coolshinny
comber_north,Comber North
comber_south,Comber South
comber_west,Comber West
conway_square,Conway Square
